video_id,jahr,datum_text,titel,seiten_url
1980631,2019,27 декабря 57 мин Эфир от 27.12.2019 (18:50). О разведчиках и террористах,27 декабря,https://smotrim.ru/video/1980631
1980422,2019,27 декабря 57 мин Эфир от 27.12.2019 (12:50). По горячим следам,27 декабря,https://smotrim.ru/video/1980422
1980257,2019,"26 декабря 58 мин Эфир от 26.12.2019 (18:50). Отныне на Украине любая информация из России, кроме не",26 декабря,https://smotrim.ru/video/1980257
1979984,2019,26 декабря 57 мин Эфир от 26.12.2019 (12:50). По горячим следам,26 декабря,https://smotrim.ru/video/1979984
1979745,2019,25 декабря 57 мин Эфир от 25.12.2019 (18:50). Первый пассажирский поезд проехал по Крымскому мосту,25 декабря,https://smotrim.ru/video/1979745
1979594,2019,25 декабря 57 мин Эфир от 25.12.2019 (12:50). По горячим следам,25 декабря,https://smotrim.ru/video/1979594
1979342,2019,24 декабря 56 мин Эфир от 24.12.2019 (18:50). Дорогая десоветизация,24 декабря,https://smotrim.ru/video/1979342
1979195,2019,24 декабря 58 мин Эфир от 24.12.2019 (12:50). По горячим следам,24 декабря,https://smotrim.ru/video/1979195
1978945,2019,23 декабря 57 мин Эфир от 23.12.2019 (18:50). Открыто железнодорожное сообщение с Крымом,23 декабря,https://smotrim.ru/video/1978945
1978795,2019,23 декабря 57 мин Эфир от 23.12.2019 (12:50). По горячим следам,23 декабря,https://smotrim.ru/video/1978795
1978106,2019,20 декабря 58 мин Эфир от 20.12.2019 (18:50). Преступник открыл огонь,20 декабря,https://smotrim.ru/video/1978106
1977877,2019,20 декабря 58 мин Эфир от 20.12.2019 (12:50). По горячим следам,20 декабря,https://smotrim.ru/video/1977877
1977582,2019,19 декабря 58 мин Эфир от 19.12.2019 (17:25). Большая пресс-конференция президента,19 декабря,https://smotrim.ru/video/1977582
1977494,2019,19 декабря 30 мин Эфир от 19.12.2019. По горячим следам,19 декабря,https://smotrim.ru/video/1977494
1977160,2019,18 декабря 58 мин Эфир от 18.12.2019 (18:50). Украинцам ужесточили выезд из страны,18 декабря,https://smotrim.ru/video/1977160
1977010,2019,18 декабря 57 мин Эфир от 18.12.2019 (12:50). По горячим следам,18 декабря,https://smotrim.ru/video/1977010
1976758,2019,17 декабря 57 мин Эфир от 17.12.2019 (18:50). Бессрочный протест на Украине,17 декабря,https://smotrim.ru/video/1976758
1976603,2019,17 декабря 57 мин Эфир от 17.12.2019 (12:50). По горячим следам,17 декабря,https://smotrim.ru/video/1976603
1976354,2019,16 декабря 58 мин Эфир от 16.12.2019 (18:50). Зеленский решил изменить территориальное устройство Ук,16 декабря,https://smotrim.ru/video/1976354
1976189,2019,16 декабря 57 мин Эфир от 16.12.2019 (12:50). По горячим следам,16 декабря,https://smotrim.ru/video/1976189
1975512,2019,13 декабря 57 мин Эфир от 13.12.2019 (18:50). Зеленский хочет изменить минские соглашения,13 декабря,https://smotrim.ru/video/1975512
1975034,2019,12 декабря 57 мин Эфир от 12.12.2019 (18:50). Убийство Шеремета раскрыто,12 декабря,https://smotrim.ru/video/1975034
1974829,2019,12 декабря 57 мин Эфир от 12.12.2019 (12:50). По горячим следам,12 декабря,https://smotrim.ru/video/1974829
1974547,2019,11 декабря 58 мин Эфир от 11.12.2019 (18:50). Предатели в центре Европы,11 декабря,https://smotrim.ru/video/1974547
1974383,2019,11 декабря 57 мин Эфир от 11.12.2019 (12:50). По горячим следам,11 декабря,https://smotrim.ru/video/1974383
1974122,2019,10 декабря 57 мин Эфир от 10.12.2019 (18:50). О чем договорились на саммите в Париже,10 декабря,https://smotrim.ru/video/1974122
1973947,2019,10 декабря 57 мин Эфир от 10.12.2019 (12:50). По горячим следам,10 декабря,https://smotrim.ru/video/1973947
1973701,2019,"9 декабря 63 мин Эфир от 09.12.2019 (18:50). В Париже проходит встреча в ""нормандском формате""",9 декабря,https://smotrim.ru/video/1973701
1973498,2019,9 декабря 57 мин Эфир от 09.12.2019. По горячим следам,9 декабря,https://smotrim.ru/video/1973498
1972747,2019,"6 декабря 58 мин Эфир от 06.12.2019 (18:50). Зеленский прибыл в Донбасс, чтобы убедиться в готовност",6 декабря,https://smotrim.ru/video/1972747
1972533,2019,6 декабря 58 мин Эфир от 06.12.2019 (12:50). По горячим следам,6 декабря,https://smotrim.ru/video/1972533
1972246,2019,5 декабря 57 мин Эфир от 05.12.2019 (18:50). На границе с Донбассом Украина построит стену,5 декабря,https://smotrim.ru/video/1972246
1971716,2019,4 декабря 57 мин Эфир от 04.12.2019 (18:50). Зеленский выразил отношение к нормандскому формату,4 декабря,https://smotrim.ru/video/1971716
1971538,2019,4 декабря 58 мин Эфир от 04.12.2019 (12:50). По горячим следам,4 декабря,https://smotrim.ru/video/1971538
1971264,2019,3 декабря 57 мин Эфир от 03.12.2019 (18:50). Макрон заявил о смерти мозга НАТО,3 декабря,https://smotrim.ru/video/1971264
1971096,2019,3 декабря 58 мин Эфир от 03.12.2019 (12:50). По горячим следам,3 декабря,https://smotrim.ru/video/1971096
1970829,2019,2 декабря 58 мин Эфир от 02.12.2019 (18:50). Ходьба Зеленского на месте,2 декабря,https://smotrim.ru/video/1970829
1970659,2019,2 декабря 57 мин Эфир от 02.12.2019 (12:50). По горячим следам,2 декабря,https://smotrim.ru/video/1970659
1969968,2019,29 ноября 59 мин Эфир от 29.11.2019 (18:50). Украина снова хочет воровать российский газ,29 ноября,https://smotrim.ru/video/1969968
1969797,2019,29 ноября 58 мин Эфир от 29.11.2019 (12:50). По горячим следам,29 ноября,https://smotrim.ru/video/1969797
1969542,2019,"28 ноября 58 мин Эфир от 28.11.2019 (18:50). Ни газа, ни молока",28 ноября,https://smotrim.ru/video/1969542
1969357,2019,28 ноября 57 мин Эфир от 28.11.2019 (12:50). По горячим следам,28 ноября,https://smotrim.ru/video/1969357
1969085,2019,27 ноября 58 мин Эфир от 27.11.2019 (18:50). Девять туристов РФ вернулись домой после страшного ДТП ,27 ноября,https://smotrim.ru/video/1969085
1968912,2019,27 ноября 57 мин Эфир от 27.11.2019 (12:50). По горячим следам,27 ноября,https://smotrim.ru/video/1968912
1968614,2019,26 ноября 58 мин Эфир от 26.11.2019 (18:50). Спортсмены РФ могут пропустить сразу две Олимпиады,26 ноября,https://smotrim.ru/video/1968614
1968427,2019,26 ноября 57 мин Эфир от 26.11.2019 (12:50). По горячим следам,26 ноября,https://smotrim.ru/video/1968427
1968180,2019,25 ноября 57 мин Эфир от 25.11.2019 (18:50). Битва за Софию,25 ноября,https://smotrim.ru/video/1968180
1967994,2019,25 ноября 57 мин Эфир от 25.11.2019 (12:50). По горячим следам,25 ноября,https://smotrim.ru/video/1967994
1967299,2019,22 ноября 58 мин Эфир от 22.11.2019 (18:50). США обвинили спецслужбы РФ в организации импичмента Дон,22 ноября,https://smotrim.ru/video/1967299
1967132,2019,22 ноября 57 мин Эфир от 22.11.2019 (12:50). По горячим следам,22 ноября,https://smotrim.ru/video/1967132
1966849,2019,"21 ноября 58 мин Эфир от 21.11.2019 (18:50). Украинская ""Оранжевая революция"" и унитаз-шоу",21 ноября,https://smotrim.ru/video/1966849
1966638,2019,21 ноября 58 мин Эфир от 21.11.2019 (12:50). По горячим следам,21 ноября,https://smotrim.ru/video/1966638
1966339,2019,20 ноября 57 мин Эфир от 20.11.2019 (18:50). План Зеленского,20 ноября,https://smotrim.ru/video/1966339
1966092,2019,20 ноября 57 мин Эфир от 20.11.2019 (12:50). По горячим следам,20 ноября,https://smotrim.ru/video/1966092
1965805,2019,19 ноября 57 мин Эфир от 19.11.2019 (18:50). Зеленский высказался по ситуации в Донбассе под диктовк,19 ноября,https://smotrim.ru/video/1965805
1965622,2019,19 ноября 57 мин Эфир от 19.11.2019 (12:50). По горячим следам,19 ноября,https://smotrim.ru/video/1965622
1965351,2019,18 ноября 57 мин Эфир от 18.11.2019 (18:50). Россия назвала условия продления транзита газа на Украи,18 ноября,https://smotrim.ru/video/1965351
1965183,2019,18 ноября 57 мин Эфир от 18.11.2019 (12:50). По горячим следам,18 ноября,https://smotrim.ru/video/1965183
1964480,2019,15 ноября 58 мин Эфир от 15.11.2019 (18:50). Сапоги всмятку,15 ноября,https://smotrim.ru/video/1964480
1964304,2019,15 ноября 57 мин Эфир от 15.11.2019 (12:50). По горячим следам,15 ноября,https://smotrim.ru/video/1964304
1963983,2019,14 ноября 57 мин Эфир от 14.11.2019 (18:50). На Украине заявили о скором выходе из минских соглашени,14 ноября,https://smotrim.ru/video/1963983
1963817,2019,14 ноября 57 мин Эфир от 14.11.2019 (12:50). По горячим следам,14 ноября,https://smotrim.ru/video/1963817
1963548,2019,13 ноября 58 мин Эфир от 13.11.2019 (18:50). К украинской Раде принесли мертвую свинью в гробу,13 ноября,https://smotrim.ru/video/1963548
1963373,2019,13 ноября 57 мин Эфир от 13.11.2019 (12:50). По горячим следам,13 ноября,https://smotrim.ru/video/1963373
1963104,2019,12 ноября 57 мин Эфир от 12.11.2019 (18:50). Украинский нардеп пришел в Раду в маске Джокера,12 ноября,https://smotrim.ru/video/1963104
1962944,2019,12 ноября 57 мин Эфир от 12.11.2019 (12:50). По горячим следам,12 ноября,https://smotrim.ru/video/1962944
1962712,2019,11 ноября 57 мин Эфир от 11.11.2019 (18:50). Молчать за мир,11 ноября,https://smotrim.ru/video/1962712
1962530,2019,11 ноября 57 мин Эфир от 11.11.2019 (12:50). По горячим следам,11 ноября,https://smotrim.ru/video/1962530
1961848,2019,8 ноября 58 мин Эфир от 08.11.2019 (18:50). Футболист оправдал домашнее насилие,8 ноября,https://smotrim.ru/video/1961848
1961676,2019,8 ноября 57 мин Эфир от 08.11.2019 (12:50). По горячим следам,8 ноября,https://smotrim.ru/video/1961676
1961425,2019,7 ноября 58 мин Эфир от 07.11.2019 (18:50). Третий пол,7 ноября,https://smotrim.ru/video/1961425
1961264,2019,7 ноября 57 мин Эфир от 07.11.2019 (12:50). По горячим следам,7 ноября,https://smotrim.ru/video/1961264
1961038,2019,"6 ноября 58 мин Эфир от 06.11.2019 (18:50). ""Я в шоке"": Зеленский нечаянно выдал гостайну",6 ноября,https://smotrim.ru/video/1961038
1960825,2019,6 ноября 58 мин Эфир от 06.11.2019 (12:50),6 ноября,https://smotrim.ru/video/1960825
1960593,2019,"5 ноября 58 мин Эфир от 05.11.2019 (18:50). Украина слезла с российской газовой иглы, но подсела на ",5 ноября,https://smotrim.ru/video/1960593
1960399,2019,5 ноября 57 мин Эфир от 05.11.2019 (12:50). По горячим следам,5 ноября,https://smotrim.ru/video/1960399
1959647,2019,1 ноября 57 мин Эфир от 01.11.2019 (18:50). Украина требует репарации,1 ноября,https://smotrim.ru/video/1959647
1959479,2019,1 ноября 56 мин Эфир от 01.11.2019 (12:50). По горячим следам,1 ноября,https://smotrim.ru/video/1959479
1959249,2019,31 октября 4 мин Эфир от 31.10.2019 (18:50). Главный международник Зеленского подмочил репутацию,31 октября,https://smotrim.ru/video/1959249
1959077,2019,31 октября 57 мин Эфир от 31.10.2019 (12:50). По горячим следам,31 октября,https://smotrim.ru/video/1959077
1958832,2019,30 октября 58 мин Эфир от 30.10.2019 (18:50). Президент-фантазер,30 октября,https://smotrim.ru/video/1958832
1958664,2019,30 октября 57 мин Эфир от 30.10.2019 (12:50). По горячим следам,30 октября,https://smotrim.ru/video/1958664
1958419,2019,29 октября 58 мин Эфир от 29.10.2019 (18:50). Развод войск в Золотом,29 октября,https://smotrim.ru/video/1958419
1958234,2019,29 октября 58 мин Эфир от 29.10.2019 (12:50). По горячим следам,29 октября,https://smotrim.ru/video/1958234
1958007,2019,28 октября 57 мин Эфир от 28.10.2019 (18:50). Зеленского пообещали убить,28 октября,https://smotrim.ru/video/1958007
1957812,2019,28 октября 57 мин Эфир от 28.10.2019 (12:50). По горячим следам,28 октября,https://smotrim.ru/video/1957812
1957193,2019,25 октября 58 мин Эфир от 25.10.2019 (18:50). НАТО хотят испытать на себе русские 40 градусов,25 октября,https://smotrim.ru/video/1957193
1957014,2019,25 октября 57 мин Эфир от 25.10.2019 (12:50). По горячим следам,25 октября,https://smotrim.ru/video/1957014
1956769,2019,24 октября 58 мин Эфир от 24.10.2019 (18:50). Полиграф-шоу на Украине,24 октября,https://smotrim.ru/video/1956769
1956577,2019,24 октября 58 мин Эфир от 24.10.2019 (12:50). По горячим следам,24 октября,https://smotrim.ru/video/1956577
1956321,2019,23 октября 58 мин Эфир от 23.10.2019 (18:50). Зеленский встретился со Штайнмайером,23 октября,https://smotrim.ru/video/1956321
1956140,2019,23 октября 57 мин Эфир от 23.10.2019 (12:50). По горячим следам,23 октября,https://smotrim.ru/video/1956140
1955908,2019,22 октября 58 мин Эфир от 22.10.2019 (18:50). Украину обвиняют в пособничестве терроризму,22 октября,https://smotrim.ru/video/1955908
1955727,2019,22 октября 57 мин Эфир от 22.10.2019 (12:50). По горячим следам,22 октября,https://smotrim.ru/video/1955727
1955474,2019,21 октября 58 мин Эфир от 21.10.2019 (18:50). Жертвам перестройки предлагается платить,21 октября,https://smotrim.ru/video/1955474
1955318,2019,21 октября 57 мин Эфир от 21.10.2019 (12:50). По горячим следам,21 октября,https://smotrim.ru/video/1955318
1954629,2019,"18 октября 57 мин Эфир от 18.10.2019 (18:50). ""Реестр секса"" на Украине",18 октября,https://smotrim.ru/video/1954629
1954451,2019,18 октября 57 мин Эфир от 18.10.2019 (12:50). По горячим следам,18 октября,https://smotrim.ru/video/1954451
1954209,2019,17 октября 57 мин Эфир от 17.10.2019 (18:50). Трамп написал Эрдогану письмо с призывом не быть дурак,17 октября,https://smotrim.ru/video/1954209
1954063,2019,17 октября 57 мин Эфир от 17.10.2019 (12:50). По горячим следам,17 октября,https://smotrim.ru/video/1954063
1953845,2019,16 октября 57 мин Эфир от 16.10.2019 (18:50). Киев потребовал от ЛНР и ДНР самороспуска и отказа от ,16 октября,https://smotrim.ru/video/1953845
1953671,2019,16 октября 57 мин Эфир от 16.10.2019 (12:50). По горячим следам,16 октября,https://smotrim.ru/video/1953671
1953438,2019,15 октября 57 мин Эфир от 15.10.2019 (18:50). Украина отказалась согласовывать новый план по разведе,15 октября,https://smotrim.ru/video/1953438
1953284,2019,15 октября 57 мин Эфир от 15.10.2019 (12:50). По горячим следам,15 октября,https://smotrim.ru/video/1953284
1953066,2019,14 октября 57 мин Эфир от 14.10.2019 (18:50). Украинские националисты объявили Зеленскому бессрочный,14 октября,https://smotrim.ru/video/1953066
1952908,2019,14 октября 58 мин Эфир от 14.10.2019 (12:50). По горячим следам,14 октября,https://smotrim.ru/video/1952908
1952276,2019,11 октября 57 мин Эфир от 11.10.2019 (18:50). Мораторий на смертную казнь: за и против,11 октября,https://smotrim.ru/video/1952276
1952097,2019,11 октября 58 мин Эфир от 11.10.2019 (12:50). По горячим следам,11 октября,https://smotrim.ru/video/1952097
1951846,2019,10 октября 58 мин Эфир от 10.10.2019 (18:50). Зеленского посадили на шпагат,10 октября,https://smotrim.ru/video/1951846
1951619,2019,10 октября 57 мин Эфир от 10.10.2019 (12:50). По горячим следам,10 октября,https://smotrim.ru/video/1951619
1951390,2019,9 октября 58 мин Эфир от 09.10.2019 (18:50). Разведение сил в Донбассе официально сорвано,9 октября,https://smotrim.ru/video/1951390
1951239,2019,9 октября 57 мин Эфир от 09.10.2019 (12:50). По горячим следам,9 октября,https://smotrim.ru/video/1951239
1951004,2019,8 октября 59 мин Эфир от 08.10.2019 (18:50). Украинские националисты объявили мобилизацию,8 октября,https://smotrim.ru/video/1951004
1950853,2019,8 октября 58 мин Эфир от 08.10.2019 (12:50). По горячим следам,8 октября,https://smotrim.ru/video/1950853
1950617,2019,7 октября 57 мин Эфир от 07.10.2019 (18:50). На Украине сорвано разведение войск,7 октября,https://smotrim.ru/video/1950617
1950451,2019,7 октября 58 мин Эфир от 07.10.2019 (12:50). По горячим следам,7 октября,https://smotrim.ru/video/1950451
1949773,2019,4 октября 58 мин Эфир от 04.10.2019 (18:50). Лукашенко назвал Украину Россией,4 октября,https://smotrim.ru/video/1949773
1949633,2019,4 октября 57 мин Эфир от 04.10.2019. По горячим следам,4 октября,https://smotrim.ru/video/1949633
1949374,2019,"3 октября 58 мин Эфир от 03.10.2019 (18:50). На Украине разъяснили на пальцах ""формулу Штайнмайера""",3 октября,https://smotrim.ru/video/1949374
1949234,2019,3 октября 57 мин Эфир от 03.10.2019 (12:50). По горячим следам,3 октября,https://smotrim.ru/video/1949234
1948979,2019,"2 октября 57 мин Эфир от 02.10.2019 (18:50). ""Формула Штайнмайера"" и истерика на Украине",2 октября,https://smotrim.ru/video/1948979
1948803,2019,2 октября 57 мин Эфир от 02.10.2019 (12:50). По горячим следам,2 октября,https://smotrim.ru/video/1948803
1948547,2019,"1 октября 58 мин Эфир от 01.10.2019 (18:50). В Минске подписали ""формулу Штайнмайера""",1 октября,https://smotrim.ru/video/1948547
1948379,2019,1 октября 58 мин Эфир от 01.10.2019. По горячим следам,1 октября,https://smotrim.ru/video/1948379
1948139,2019,30 сентября 58 мин Эфир от 30.09.2019 (18:50). Зеленский впервые появился перед камерами после приле,30 сентября,https://smotrim.ru/video/1948139
1947944,2019,30 сентября 58 мин Эфир от 30.09.2019 (12:50). По горячим следам,30 сентября,https://smotrim.ru/video/1947944
1947291,2019,"27 сентября 58 мин Эфир от 27.09.2019 (18:50). Трамп рассказал, как узнал Украину ""с разных сторон""",27 сентября,https://smotrim.ru/video/1947291
1947119,2019,27 сентября 57 мин Эфир от 27.09.2019 (12:50). По горячим следам,27 сентября,https://smotrim.ru/video/1947119
1946894,2019,26 сентября 58 мин Эфир от 26.09.2019 (18:50). Зеленский бледно выглядел на встрече с Трампом,26 сентября,https://smotrim.ru/video/1946894
1946720,2019,26 сентября 58 мин Эфир от 26.09.2019 (12:50). По горячим следам,26 сентября,https://smotrim.ru/video/1946720
1946456,2019,25 сентября 58 мин Эфир от 25.09.2019 (18:50). Трамп и Зеленский наговорили на импичмент,25 сентября,https://smotrim.ru/video/1946456
1946291,2019,25 сентября 57 мин Эфир от 25.09.2019 (12:50). По горячим следам,25 сентября,https://smotrim.ru/video/1946291
1946034,2019,24 сентября 57 мин Эфир от 24.09.2019 (18:50). В Нью-Йорке Зеленский пообещал вернуть Украине террит,24 сентября,https://smotrim.ru/video/1946034
1945881,2019,24 сентября 58 мин Эфир от 24.09.2019 (12:50). По горячим следам,24 сентября,https://smotrim.ru/video/1945881
1945635,2019,23 сентября 49 мин Эфир от 23.09.2019 (18:50). Зеленский подставил Трампа,23 сентября,https://smotrim.ru/video/1945635
1945475,2019,23 сентября 57 мин Эфир от 23.09.2019 (12:50). По горячим следам,23 сентября,https://smotrim.ru/video/1945475
1944804,2019,20 сентября 57 мин Эфир от 20.09.2019 (18:50). Земельная реформа Зеленского,20 сентября,https://smotrim.ru/video/1944804
1944636,2019,20 сентября 57 мин Эфир от 20.09.2019 (12:50). По горячим следам,20 сентября,https://smotrim.ru/video/1944636
1944379,2019,19 сентября 58 мин Эфир от 19.09.2019 (18:50). Российско-украинские газовые переговоры,19 сентября,https://smotrim.ru/video/1944379
1944220,2019,19 сентября 57 мин Эфир от 19.09.2019 (12:50). По горячим следам,19 сентября,https://smotrim.ru/video/1944220
1943971,2019,18 сентября 58 мин Эфир от 18.09.2019 (18:50). Зеленский теряет возможность для улучшения обстановки,18 сентября,https://smotrim.ru/video/1943971
1943835,2019,18 сентября 57 мин Эфир от 18.09.2019 (12:50). По горячим следам,18 сентября,https://smotrim.ru/video/1943835
1943597,2019,17 сентября 57 мин Эфир от 17.09.2019 (18:50). Формула Зеленского,17 сентября,https://smotrim.ru/video/1943597
1943436,2019,17 сентября 57 мин Эфир от 17.09.2019 (12:50). По горячим следам,17 сентября,https://smotrim.ru/video/1943436
1943201,2019,16 сентября 57 мин Эфир от 16.09.2019 (18:50). Украинские радикалы хотят вернуть территорию Донбасса,16 сентября,https://smotrim.ru/video/1943201
1943058,2019,16 сентября 58 мин Эфир от 16.09.2019 (12:50). По горячим следам,16 сентября,https://smotrim.ru/video/1943058
1942387,2019,"13 сентября 57 мин Эфир от 13.09.2019 (18:50). Зеленский не ответил, что скажет Путину",13 сентября,https://smotrim.ru/video/1942387
1942220,2019,13 сентября 56 мин Эфир от 13.09.2019 (12:50). По горячим следам,13 сентября,https://smotrim.ru/video/1942220
1941970,2019,12 сентября 57 мин Эфир от 12.09.2019 (18:50). Глава ДНР Пушилин сообщил о намерении Донбасса войти ,12 сентября,https://smotrim.ru/video/1941970
1941825,2019,12 сентября 57 мин Эфир от 12.09.2019 (12:50). По горячим следам,12 сентября,https://smotrim.ru/video/1941825
1941581,2019,11 сентября 58 мин Эфир от 11.09.2019 (18:50). Зеленский заявил о подготовке госпереворота на Украин,11 сентября,https://smotrim.ru/video/1941581
1941407,2019,11 сентября 57 мин Эфир от 11.09.2019 (12:50). По горячим следам,11 сентября,https://smotrim.ru/video/1941407
1941146,2019,10 сентября 57 мин Эфир от 10.09.2019 (18:50). Украина снова отказалась от российской скидки на газ,10 сентября,https://smotrim.ru/video/1941146
1940988,2019,10 сентября 57 мин Эфир от 10.09.2019 (12:50). По горячим следам,10 сентября,https://smotrim.ru/video/1940988
1940766,2019,9 сентября 57 мин Эфир от 09.09.2019 (18:50). Украинские моряки готовы снова нарушить границу РФ,9 сентября,https://smotrim.ru/video/1940766
1940613,2019,9 сентября 57 мин Эфир от 09.09.2019 (12:50). По горячим следам,9 сентября,https://smotrim.ru/video/1940613
1939956,2019,6 сентября 57 мин Эфир от 06.09.2019 (18:50). Донбасс мира не дождется,6 сентября,https://smotrim.ru/video/1939956
1939794,2019,6 сентября 57 мин Эфир от 06.09.2019 (12:50). По горячим следам,6 сентября,https://smotrim.ru/video/1939794
1939556,2019,"5 сентября 57 мин Эфир от 05.09.2019 (18:50). Путин объявил, что обмен заключенными с Украиной будет",5 сентября,https://smotrim.ru/video/1939556
1939440,2019,5 сентября 1 мин Почему Медведчук мешает Зеленскому (Эфир от 05.09.2019),5 сентября,https://smotrim.ru/video/1939440
1939414,2019,5 сентября 58 мин Эфир от 05.09.2019 (12:50). По горячим следам,5 сентября,https://smotrim.ru/video/1939414
1939123,2019,"4 сентября 58 мин Эфир от 04.09.2019 (18:50). США вводят санкции против ""Северного потока-2""",4 сентября,https://smotrim.ru/video/1939123
1938946,2019,4 сентября 58 мин Эфир от 04.09.2019 (12:50). По горячим следам,4 сентября,https://smotrim.ru/video/1938946
1938656,2019,3 сентября 57 мин Эфир от 03.09.2019 (18:50). На Украине депутаты Рады сняли с себя неприкосновеннос,3 сентября,https://smotrim.ru/video/1938656
1938459,2019,3 сентября 48 мин Эфир от 03.09.2019 (12:50). По горячим следам,3 сентября,https://smotrim.ru/video/1938459
1938235,2019,2 сентября 57 мин Эфир от 02.09.2019 (18:50). Украину пустят с молотка,2 сентября,https://smotrim.ru/video/1938235
1938078,2019,2 сентября 57 мин Эфир от 02.09.2019 (12:50). По горячим следам,2 сентября,https://smotrim.ru/video/1938078
1937507,2019,30 августа 58 мин Эфир от 30.08.2019 (18:50). Зеленского пригласят в Москву на 9 мая,30 августа,https://smotrim.ru/video/1937507
1937340,2019,30 августа 58 мин Эфир от 30.08.2019 (12:50). По горячим следам,30 августа,https://smotrim.ru/video/1937340
1937082,2019,"29 августа 56 мин Эфир от 29.08.2019 (18:50). Зеленский распустит Раду, если она не вернет Крым",29 августа,https://smotrim.ru/video/1937082
1936930,2019,29 августа 57 мин Эфир от 29.08.2019 (12:50). По горячим следам,29 августа,https://smotrim.ru/video/1936930
1936812,2019,28 августа 57 мин Эфир от 28.08.2019 (18:50). Кирилл Вышинский на свободе,28 августа,https://smotrim.ru/video/1936812
1936506,2019,28 августа 57 мин Эфир от 28.08.2019 (12:50). По горячим следам,28 августа,https://smotrim.ru/video/1936506
1936268,2019,27 августа 57 мин Эфир от 27.08.2019 (18:50). 100 дней без Порошенко,27 августа,https://smotrim.ru/video/1936268
1936058,2019,27 августа 57 мин Эфир от 27.08.2019 (12:50). По горячим следам,27 августа,https://smotrim.ru/video/1936058
1935853,2019,26 августа 58 мин Эфир от 26.08.2019 (18:50). Украинские националисты предложили отделить Россию рво,26 августа,https://smotrim.ru/video/1935853
1935679,2019,26 августа 58 мин Эфир от 26.08.2019 (12:50). По горячим следам,26 августа,https://smotrim.ru/video/1935679
1935095,2019,23 августа 58 мин Эфир от 23.08.2019 (18:50). 80 лет пакту Молотова – Риббентропа,23 августа,https://smotrim.ru/video/1935095
1934964,2019,23 августа 58 мин Эфир от 23.08.2019 (12:50). По горячим следам,23 августа,https://smotrim.ru/video/1934964
1934730,2019,"22 августа 58 мин Эфир от 22.08.2019 (18:50). Зеленский попросил Джонсона не возвращать Россию в G8,",22 августа,https://smotrim.ru/video/1934730
1934550,2019,22 августа 57 мин Эфир от 22.08.2019 (12:50). По горячим следам,22 августа,https://smotrim.ru/video/1934550
1934331,2019,21 августа 57 мин Эфир от 21.08.2019 (18:50). Трамп поддержал идею вернуть Россию в G8,21 августа,https://smotrim.ru/video/1934331
1934180,2019,21 августа 57 мин Эфир от 21.08.2019 (12:50). По горячим следам,21 августа,https://smotrim.ru/video/1934180
1933938,2019,20 августа 58 мин Эфир от 20.08.2019 (18:50). Украина попросила у Колумбии 300 тонн угля,20 августа,https://smotrim.ru/video/1933938
1933791,2019,20 августа 57 мин Эфир от 20.08.2019 (12:50). По горячим следам,20 августа,https://smotrim.ru/video/1933791
1933607,2019,19 августа 59 мин Эфир от 19.08.2019 (18:50). Путин прибыл с рабочим визитом во Францию,19 августа,https://smotrim.ru/video/1933607
1933418,2019,19 августа 57 мин Эфир от 19.08.2019 (12:50). По горячим следам,19 августа,https://smotrim.ru/video/1933418
1932896,2019,16 августа 57 мин Эфир от 16.08.2019 (18:50). Трамп хочет купить самый большой остров в мире,16 августа,https://smotrim.ru/video/1932896
1932734,2019,16 августа 58 мин Эфир от 16.08.2019 (12:50). По горячим следам,16 августа,https://smotrim.ru/video/1932734
1932504,2019,15 августа 57 мин Эфир от 15.08.2019 (18:50). Все пассажиры аэробуса А-321 спаслись благодаря действ,15 августа,https://smotrim.ru/video/1932504
1932339,2019,15 августа 56 мин Эфир от 15.08.2019 (12:50). По горячим следам,15 августа,https://smotrim.ru/video/1932339
1932109,2019,14 августа 58 мин Эфир от 14.08.2019 (18:50). В Верховной раде спорят из-за русского языка,14 августа,https://smotrim.ru/video/1932109
1931956,2019,14 августа 57 мин Эфир от 14.08.2019 (12:50). По горячим следам,14 августа,https://smotrim.ru/video/1931956
1931738,2019,13 августа 58 мин Эфир от 13.08.2019 (18:50). Рабочую неделю могут сократить до 4 дней,13 августа,https://smotrim.ru/video/1931738
1931595,2019,13 августа 58 мин Эфир от 13.08.2019 (12:50). По горячим следам,13 августа,https://smotrim.ru/video/1931595
1931381,2019,12 августа 58 мин Эфир от 12.08.2019 (18:50). На Украине разработали 8 сценариев развития отношений ,12 августа,https://smotrim.ru/video/1931381
1931200,2019,12 августа 58 мин Эфир от 12.08.2019 (12:50). По горячим следам,12 августа,https://smotrim.ru/video/1931200
1930666,2019,9 августа 58 мин Эфир от 09.08.2019 (18:50). Ошибка ложной тревоги,9 августа,https://smotrim.ru/video/1930666
1930485,2019,9 августа 58 мин Эфир от 09.08.2019 (12:50). По горячим следам,9 августа,https://smotrim.ru/video/1930485
1930277,2019,8 августа 57 мин Эфир от 08.08.2019 (18:50). Украине не нужен российский газ,8 августа,https://smotrim.ru/video/1930277
1930073,2019,8 августа 57 мин Эфир от 08.08.2019 (12:50). По горячим следам,8 августа,https://smotrim.ru/video/1930073
1929839,2019,7 августа 58 мин Эфир от 07.08.2019 (18:50). Зеленский попросил Путина повлиять на Донбасс,7 августа,https://smotrim.ru/video/1929839
1929678,2019,7 августа 58 мин Эфир от 07.08.2019 (12:50). По горячим следам,7 августа,https://smotrim.ru/video/1929678
1929434,2019,6 августа 58 мин Эфир от 06.08.2019 (18:50). Зеленский отменил хлебное перемирие,6 августа,https://smotrim.ru/video/1929434
1929293,2019,6 августа 58 мин Эфир от 06.08.2019 (12:50). По горячим следам,6 августа,https://smotrim.ru/video/1929293
1929084,2019,5 августа 58 мин Эфир от 05.08.2019 (18:50). Украина снова закупает в США оружие для борьбы с Донбас,5 августа,https://smotrim.ru/video/1929084
1928917,2019,5 августа 58 мин Эфир от 05.08.2019 (12:50). По горячим следам,5 августа,https://smotrim.ru/video/1928917
1928407,2019,2 августа 58 мин Эфир от 02.08.2019 (18:50). Глава офиса президента Украины написал заявление об отс,2 августа,https://smotrim.ru/video/1928407
1928242,2019,2 августа 58 мин Эфир от 02.08.2019 (12:50). По горячим следам,2 августа,https://smotrim.ru/video/1928242
1928013,2019,1 августа 57 мин Эфир от 01.08.2019 (18:50). Порошенко опасается за свою жизнь,1 августа,https://smotrim.ru/video/1928013
1927852,2019,1 августа 58 мин Эфир от 01.08.2019 (12:50). По горячим следам,1 августа,https://smotrim.ru/video/1927852
1927587,2019,31 июля 58 мин Эфир от 31.07.2019 (18:50). На Украине призывают убивать всех воевавших в Донбассе,31 июля,https://smotrim.ru/video/1927587
1927428,2019,31 июля 58 мин Эфир от 31.07.2019 (12:50). По горячим следам,31 июля,https://smotrim.ru/video/1927428
1927201,2019,30 июля 58 мин Эфир от 30.07.2019 (18:50). Порошенко с семьей покинул территорию Украины,30 июля,https://smotrim.ru/video/1927201
1927016,2019,30 июля 58 мин Эфир от 30.07.2019 (12:50). По горячим следам,30 июля,https://smotrim.ru/video/1927016
1926799,2019,29 июля 58 мин Эфир от 29.07.2019 (18:50). Украина готовится замерзать,29 июля,https://smotrim.ru/video/1926799
1926620,2019,29 июля 58 мин Эфир от 29.07.2019 (12:50). По горячим следам,29 июля,https://smotrim.ru/video/1926620
1926112,2019,26 июля 57 мин Эфир от 26.07.2019 (18:50). Зеленский отдал приказ задержать российский танкер ради э,26 июля,https://smotrim.ru/video/1926112
1925963,2019,26 июля 57 мин Эфир от 26.07.2019 (12:50). По горячим следам,26 июля,https://smotrim.ru/video/1925963
1925777,2019,25 июля 3 мин Даниил Безсонов: ВСУ хочет повязать Зеленского кровью (Эфир от 25.07.2019),25 июля,https://smotrim.ru/video/1925777
1925743,2019,25 июля 57 мин Эфир от 25.07.2019 (18:50). Украина – пиратское государство?,25 июля,https://smotrim.ru/video/1925743
1925549,2019,25 июля 57 мин Эфир от 25.07.2019 (12:50). По горячим следам,25 июля,https://smotrim.ru/video/1925549
1925332,2019,"24 июля 57 мин Эфир от 24.07.2019 (18:50). Россия ""украла"" не только Крым, но и Кубань",24 июля,https://smotrim.ru/video/1925332
1925180,2019,24 июля 58 мин Эфир от 24.07.2019 (12:50). По горячим следам,24 июля,https://smotrim.ru/video/1925180
1924957,2019,23 июля 57 мин Эфир от 23.07.2019 (18:50). Донбасс выбирает мир,23 июля,https://smotrim.ru/video/1924957
1924806,2019,23 июля 58 мин Эфир от 23.07.2019 (12:50). По горячим следам,23 июля,https://smotrim.ru/video/1924806
1924578,2019,22 июля 58 мин Эфир от 22.07.2019 (18:50). Украинцы выдали Зеленскому ярлык на правление,22 июля,https://smotrim.ru/video/1924578
1924409,2019,22 июля 58 мин Эфир от 22.07.2019 (12:50). По горячим следам,22 июля,https://smotrim.ru/video/1924409
1923891,2019,19 июля 57 мин Эфир от 19.07.2019 (18:50). Журналист Кирилл Вышинский останется за решеткой,19 июля,https://smotrim.ru/video/1923891
1923728,2019,19 июля 58 мин Эфир от 19.07.2019 (12:50). По горячим следам,19 июля,https://smotrim.ru/video/1923728
1923521,2019,18 июля 58 мин Эфир от 18.07.2019 (18:50). Украина обещает приют беглым россиянам,18 июля,https://smotrim.ru/video/1923521
1923336,2019,18 июля 57 мин Эфир от 18.07.2019 (12:50). По горячим следам,18 июля,https://smotrim.ru/video/1923336
1923125,2019,17 июля 57 мин Эфир от 17.07.2019 (18:50). На Украине возбуждено уголовное дело за призыв прекратить,17 июля,https://smotrim.ru/video/1923125
1922972,2019,17 июля 57 мин Эфир от 17.07.2019 (12:50). По горячим следам,17 июля,https://smotrim.ru/video/1922972
1922748,2019,16 июля 57 мин Эфир от 16.07.2019 (18:50). Покушение на Маттео Сальвини украинскими неонацистами,16 июля,https://smotrim.ru/video/1922748
1922584,2019,16 июля 56 мин Эфир от 16.07.2019 (12:50). По горячим следам,16 июля,https://smotrim.ru/video/1922584
1922398,2019,15 июля 6 мин Жириновский: Турция готова выйти из НАТО,15 июля,https://smotrim.ru/video/1922398
1922376,2019,15 июля 59 мин Эфир от 15.07.2019 (18:50),15 июля,https://smotrim.ru/video/1922376
1922197,2019,15 июля 58 мин Эфир от 15.07.2019 (12:50). По горячим следам,15 июля,https://smotrim.ru/video/1922197
1921505,2019,12 июля 58 мин Эфир от 12.07.2019 (12:50). По горячим следам,12 июля,https://smotrim.ru/video/1921505
1921309,2019,"11 июля 57 мин Эфир от 11.07.2019 (18:50). На Украине Климкина не смогли уволить в третий раз, а Рос",11 июля,https://smotrim.ru/video/1921309
1921104,2019,11 июля 57 мин Эфир от 11.07.2019 (12:50). По горячим следам,11 июля,https://smotrim.ru/video/1921104
1920903,2019,"10 июля 58 мин Эфир от 10.07.2019 (18:50). ""Дематюкация"" на Украине не прошла, а за российский Крым ",10 июля,https://smotrim.ru/video/1920903
1920745,2019,10 июля 57 мин Эфир от 10.07.2019 (12:50). По горячим следам,10 июля,https://smotrim.ru/video/1920745
1920502,2019,9 июля 58 мин Эфир от 09.07.2019. Путин против экономических санкций в отношении Грузии,9 июля,https://smotrim.ru/video/1920502
1920354,2019,9 июля 57 мин Эфир от 09.07.2019 (12:50). По горячим следам,9 июля,https://smotrim.ru/video/1920354
1920127,2019,"8 июля 59 мин Эфир от 08.07.2019 (18:50). На журналистов NewsOne завели уголовное дело за попытку ""с",8 июля,https://smotrim.ru/video/1920127
1919955,2019,8 июля 58 мин Эфир от 08.07.2019 (12:50). По горячим следам,8 июля,https://smotrim.ru/video/1919955
1919415,2019,5 июля 57 мин Эфир от 05.07.2019 (18:50). Зеленский приехал в Донбасс и заговорил по-русски,5 июля,https://smotrim.ru/video/1919415
1919214,2019,5 июля 58 мин Эфир от 05.07.2019 (12:50). По горячим следам,5 июля,https://smotrim.ru/video/1919214
1918966,2019,4 июля 58 мин Эфир от 04.07.2019 (18:50). Украина готовит жителей к выдуманной газовой войне с Росси,4 июля,https://smotrim.ru/video/1918966
1918750,2019,4 июля 57 мин Эфир от 04.07.2019 (12:50). По горячим следам,4 июля,https://smotrim.ru/video/1918750
1918518,2019,3 июля 58 мин Эфир от 03.07.2019 (18:50). Трагедия в Баренцевом море,3 июля,https://smotrim.ru/video/1918518
1918328,2019,3 июля 57 мин Эфир от 03.07.2019 (12:50). По горячим следам,3 июля,https://smotrim.ru/video/1918328
1918119,2019,2 июля 58 мин Эфир от 02.07.2019 (18:50). 14 моряков-подводников погибли на пожаре в глубоководном а,2 июля,https://smotrim.ru/video/1918119
1917961,2019,2 июля 57 мин Эфир от 02.07.2019 (12:50). По горячим следам,2 июля,https://smotrim.ru/video/1917961
1917747,2019,1 июля 58 мин Эфир от 01.07.2019 (18:50). В ПАСЕ готовят новую резолюцию против возвращения России,1 июля,https://smotrim.ru/video/1917747
1917517,2019,1 июля 58 мин Эфир от 01.07.2019 (12:50). По горячим следам,1 июля,https://smotrim.ru/video/1917517
1916947,2019,28 июня 57 мин Эфир от 28.06.2019 (18:50). Саммит G20 в Осаке,28 июня,https://smotrim.ru/video/1916947
1916771,2019,28 июня 54 мин Эфир от 28.06.2019 (12:50). По горячим следам,28 июня,https://smotrim.ru/video/1916771
1916537,2019,27 июня 57 мин Эфир от 27.06.2019 (18:50). Циклон не помешал: участники G20 прибыли в Осаку,27 июня,https://smotrim.ru/video/1916537
1916319,2019,27 июня 57 мин Эфир от 27.06.2019 (12:50). По горячим следам,27 июня,https://smotrim.ru/video/1916319
1916073,2019,26 июня 58 мин Эфир от 26.06.2019 (18:50). Последний бой украинской делегации в Совете Европы,26 июня,https://smotrim.ru/video/1916073
1915898,2019,26 июня 57 мин Эфир от 26.06.2019 (12:50). По горячим следам,26 июня,https://smotrim.ru/video/1915898
1915658,2019,25 июня 58 мин Эфир от 25.06.2019 (18:50). Украинцы покинули ПАСЕ,25 июня,https://smotrim.ru/video/1915658
1915516,2019,25 июня 58 мин Эфир от 25.06.2019 (12:50). По горячим следам,25 июня,https://smotrim.ru/video/1915516
1915271,2019,24 июня 58 мин Эфир от 24.06.2019 (18:50). Россия возвращается в ПАСЕ,24 июня,https://smotrim.ru/video/1915271
1915124,2019,24 июня 57 мин Эфир от 24.06.2019 (12:50). По горячим следам,24 июня,https://smotrim.ru/video/1915124
1914515,2019,21 июня 58 мин Эфир от 21.06.2019 (18:50). В Тбилиси новый майдан,21 июня,https://smotrim.ru/video/1914515
1914343,2019,21 июня 57 мин Эфир от 21.06.2019 (12:50). По горячим следам,21 июня,https://smotrim.ru/video/1914343
1914101,2019,20 июня 56 мин Эфир от 20.06.2019 (17:25). По горячим следам,20 июня,https://smotrim.ru/video/1914101
1914033,2019,20 июня 36 мин Эфир от 20.06.2019 (15:00). По горячим следам,20 июня,https://smotrim.ru/video/1914033
1913784,2019,19 июня 57 мин Эфир от 19.06.2019 (18:50). Обстрелы Донбасса продолжились с новой силой,19 июня,https://smotrim.ru/video/1913784
1913635,2019,19 июня 58 мин Эфир от 19.06.2019 (12:50). По горячим следам,19 июня,https://smotrim.ru/video/1913635
1913356,2019,18 июня 58 мин Эфир от 18.06.2019 (18:50). Меркель задрожала при звуках гимна,18 июня,https://smotrim.ru/video/1913356
1913219,2019,18 июня 56 мин Эфир от 18.06.2019 (12:50). По горячим следам,18 июня,https://smotrim.ru/video/1913219
1912970,2019,17 июня 57 мин Эфир от 17.06.2019 (18:50). Зеленский высказался о нормандском формате,17 июня,https://smotrim.ru/video/1912970
1912822,2019,17 июня 57 мин Эфир от 17.06.2019 (12:50). По горячим следам,17 июня,https://smotrim.ru/video/1912822
1912158,2019,14 июня 57 мин Эфир от 14.06.2019 (17:25). США во всем винят Иран,14 июня,https://smotrim.ru/video/1912158
1912133,2019,14 июня 58 мин Эфир от 14.06.2019 (15:50). По горячим следам,14 июня,https://smotrim.ru/video/1912133
1911737,2019,"13 июня 57 мин Эфир от 13.06.2019 (17:25). Украинский скандал со ""Сватами""",13 июня,https://smotrim.ru/video/1911737
1911706,2019,13 июня 58 мин Эфир от 13.06.2019 (15:50). По горячим следам,13 июня,https://smotrim.ru/video/1911706
1911170,2019,11 июня 57 мин Эфир от 11.06.2019 (18:50). Два года украинского безвиза,11 июня,https://smotrim.ru/video/1911170
1911014,2019,11 июня 56 мин Эфир от 11.06.2019 (12:50). По горячим следам,11 июня,https://smotrim.ru/video/1911014
1910782,2019,10 июня 58 мин Эфир от 10.06.2019 (18:50). В Донбассе начались чудовищные артобстрелы,10 июня,https://smotrim.ru/video/1910782
1910591,2019,10 июня 57 мин Эфир от 10.06.2019 (12:50). По горячим следам,10 июня,https://smotrim.ru/video/1910591
1909908,2019,7 июня 57 мин Эфир от 07.06.2019 (18:50). Путин высказался о Зеленском,7 июня,https://smotrim.ru/video/1909908
1909717,2019,7 июня 57 мин Эфир от 07.06.2019 (12:50). По горячим следам,7 июня,https://smotrim.ru/video/1909717
1909430,2019,6 июня 57 мин Эфир от 06.06.2019 (18:50). Петербургский экономический форум,6 июня,https://smotrim.ru/video/1909430
1909223,2019,6 июня 56 мин Эфир от 06.06.2019 (12:50). По горячим следам,6 июня,https://smotrim.ru/video/1909223
1908986,2019,5 июня 58 мин Эфир от 05.06.2019 (18:50). В Минске договорились о прекращении огня в Донбассе,5 июня,https://smotrim.ru/video/1908986
1908803,2019,5 июня 57 мин Эфир от 05.06.2019 (12:50). По горячим следам,5 июня,https://smotrim.ru/video/1908803
1908558,2019,4 июня 57 мин Эфир от 04.06.2019 (18:50). Зеленский отлично вжился в образ Порошенко,4 июня,https://smotrim.ru/video/1908558
1908385,2019,4 июня 57 мин Эфир от 04.06.2019 (12:50). По горячим следам,4 июня,https://smotrim.ru/video/1908385
1908114,2019,3 июня 58 мин Эфир от 03.06.2019 (18:50). Курт Волкер открыл Украине двери в НАТО,3 июня,https://smotrim.ru/video/1908114
1907949,2019,3 июня 58 мин Эфир от 03.06.2019 (12:50). По горячим следам,3 июня,https://smotrim.ru/video/1907949
1907328,2019,31 мая 58 мин Эфир от 31.05.2019 (18:50). Зеленский становится все более агрессивным,31 мая,https://smotrim.ru/video/1907328
1907154,2019,31 мая 57 мин Эфир от 31.05.2019 (12:50). По горячим следам,31 мая,https://smotrim.ru/video/1907154
1906895,2019,30 мая 58 мин Эфир от 30.05.2019 (18:50). Порошенко купил билет в Лондон в один конец,30 мая,https://smotrim.ru/video/1906895
1906693,2019,30 мая 57 мин Эфир от 30.05.2019 (12:50). По горячим следам,30 мая,https://smotrim.ru/video/1906693
1906424,2019,29 мая 58 мин Эфир от 29.05.2019 (18:50). Саакашвили вернулся в Киев,29 мая,https://smotrim.ru/video/1906424
1906250,2019,29 мая 58 мин Эфир от 29.05.2019 (12:50). По горячим следам,29 мая,https://smotrim.ru/video/1906250
1906015,2019,28 мая 57 мин Эфир от 28.05.2019 (18:50). Спецназ непризнанного Косово начал зачистку северных сербс,28 мая,https://smotrim.ru/video/1906015
1905834,2019,28 мая 57 мин Эфир от 28.05.2019 (12:50). По горячим следам,28 мая,https://smotrim.ru/video/1905834
1905600,2019,27 мая 58 мин Эфир от 27.05.2019 (18:50). Зеленского предложили казнить,27 мая,https://smotrim.ru/video/1905600
1905407,2019,27 мая 57 мин Эфир от 27.05.2019 (12:50). По горячим следам,27 мая,https://smotrim.ru/video/1905407
1904753,2019,24 мая 56 мин Эфир от 24.05.2019 (18:50). Политика для начинающих,24 мая,https://smotrim.ru/video/1904753
1904535,2019,24 мая 58 мин Эфир от 24.05.2019 (12:50). По горячим следам,24 мая,https://smotrim.ru/video/1904535
1904306,2019,23 мая 57 мин Эфир от 23.05.2019 (18:50). Зеленский перешел на ненормативную лексику,23 мая,https://smotrim.ru/video/1904306
1904103,2019,23 мая 57 мин Эфир от 23.05.2019 (12:50). По горячим следам,23 мая,https://smotrim.ru/video/1904103
1903876,2019,"22 мая 58 мин Эфир от 22.05.2019 (18:50). Зеленского обвинили в капитуляции перед ""страной-агрессоро",22 мая,https://smotrim.ru/video/1903876
1903705,2019,22 мая 57 мин Эфир от 22.05.2019 (12:50). По горячим следам,22 мая,https://smotrim.ru/video/1903705
1903472,2019,21 мая 58 мин Эфир от 21.05.2019 (18:50). Новые указы нового президента Украины,21 мая,https://smotrim.ru/video/1903472
1903300,2019,21 мая 58 мин Эфир от 21.05.2019 (12:50). По горячим следам,21 мая,https://smotrim.ru/video/1903300
1903061,2019,20 мая 57 мин Эфир от 20.05.2019 (18:50). Первые решения Зеленского,20 мая,https://smotrim.ru/video/1903061
1902894,2019,20 мая 57 мин Эфир от 20.05.2019 (12:50). По горячим следам,20 мая,https://smotrim.ru/video/1902894
1902182,2019,17 мая 57 мин Эфир от 17.05.2019 (18:50). Порошенко и его окружению хотят запретить покидать Украину,17 мая,https://smotrim.ru/video/1902182
1901961,2019,17 мая 57 мин Эфир от 17.05.2019 (12:50). По горячим следам,17 мая,https://smotrim.ru/video/1901961
1901719,2019,16 мая 57 мин Эфир от 16.05.2019 (18:50). На Украине конкуренцию клоуну составит певец,16 мая,https://smotrim.ru/video/1901719
1901535,2019,16 мая 56 мин Эфир от 16.05.2019 (12:50). По горячим следам,16 мая,https://smotrim.ru/video/1901535
1901294,2019,"15 мая 57 мин Эфир от 15.05.2019 (18:50). Россия ждет очередные санкции из-за ""Северного потока-2""",15 мая,https://smotrim.ru/video/1901294
1901125,2019,15 мая 57 мин Эфир от 15.05.2019 (12:50). По горячим следам,15 мая,https://smotrim.ru/video/1901125
1900866,2019,14 мая 59 мин Эфир от 14.05.2019 (18:50). Визит госсекретаря США в Россию,14 мая,https://smotrim.ru/video/1900866
1900680,2019,14 мая 58 мин Эфир от 14.05.2019 (12:50). По горячим следам,14 мая,https://smotrim.ru/video/1900680
1900440,2019,13 мая 57 мин Эфир от 13.05.2019 (18:50). Глава МИД Украины грозится выйти из Минских соглашений из-,13 мая,https://smotrim.ru/video/1900440
1900283,2019,13 мая 58 мин Эфир от 13.05.2019 (12:50). По горячим следам,13 мая,https://smotrim.ru/video/1900283
1897113,2019,30 апреля 58 мин Эфир от 30.04.2019 (18:50). Объявлены официальные результаты выборов на Украине,30 апреля,https://smotrim.ru/video/1897113
1896954,2019,30 апреля 57 мин Эфир от 30.04.2019 (12:50). По горячим следам,30 апреля,https://smotrim.ru/video/1896954
1896716,2019,"29 апреля 58 мин Эфир от 29.04.2019 (18:50). Журналисты ""России"" нашли Зеленского на пляже в Турции",29 апреля,https://smotrim.ru/video/1896716
1896499,2019,29 апреля 56 мин Эфир от 29.04.2019 (12:50). По горячим следам,29 апреля,https://smotrim.ru/video/1896499
1895892,2019,"26 апреля 57 мин Эфир от 26.04.2019 (18:50). Зеленский на гастролях, а Рада принимает закон о языке",26 апреля,https://smotrim.ru/video/1895892
1895657,2019,26 апреля 56 мин Эфир от 26.04.2019 (12:50). По горячим следам,26 апреля,https://smotrim.ru/video/1895657
1895395,2019,25 апреля 57 мин Эфир от 25.04.2019 (18:50). Паспорта для Донбасса,25 апреля,https://smotrim.ru/video/1895395
1895230,2019,25 апреля 58 мин Эфир от 25.04.2019 (12:50). По горячим следам,25 апреля,https://smotrim.ru/video/1895230
1894984,2019,24 апреля 57 мин Эфир от 24.04.2019 (18:50). Путин подписал указ об упрощенном получении российских ,24 апреля,https://smotrim.ru/video/1894984
1894814,2019,24 апреля 56 мин Эфир от 24.04.2019 (12:50). По горячим следам,24 апреля,https://smotrim.ru/video/1894814
1894554,2019,23 апреля 57 мин Эфир от 23.04.2019 (18:50). Посадит ли новый президент Украины Порошенко?,23 апреля,https://smotrim.ru/video/1894554
1894370,2019,23 апреля 57 мин Эфир от 23.04.2019 (12:50). По горячим следам,23 апреля,https://smotrim.ru/video/1894370
1894127,2019,"22 апреля 58 мин Эфир от 22.04.2019 (18:50). Новый украинский президент, который решил ""просто попро",22 апреля,https://smotrim.ru/video/1894127
1893934,2019,22 апреля 57 мин Эфир от 22.04.2019 (12:50). По горячим следам,22 апреля,https://smotrim.ru/video/1893934
1893249,2019,19 апреля 58 мин Эфир от 19.04.2019 (18:50). Дебаты Зеленского и Порошенко. Специальный выпуск,19 апреля,https://smotrim.ru/video/1893249
1893091,2019,19 апреля 57 мин Эфир от 19.04.2019 (12:50). По горячим следам,19 апреля,https://smotrim.ru/video/1893091
1892825,2019,18 апреля 58 мин Эфир от 18.04.2019 (18:50). Порошенко звонил украинцам и просил голосовать за него,18 апреля,https://smotrim.ru/video/1892825
1892649,2019,18 апреля 58 мин Эфир от 18.04.2019 (12:50). По горячим следам,18 апреля,https://smotrim.ru/video/1892649
1892382,2019,17 апреля 56 мин Эфир от 17.04.2019 (18:50). Дебаты Порошенко и Зеленского все-таки состоятся,17 апреля,https://smotrim.ru/video/1892382
1892202,2019,17 апреля 57 мин Эфир от 17.04.2019 (12:50). По горячим следам,17 апреля,https://smotrim.ru/video/1892202
1891938,2019,16 апреля 58 мин Эфир от 16.04.2019 (18:50). В огне Нотр-Дама углядели закат всего Старого Света,16 апреля,https://smotrim.ru/video/1891938
1891753,2019,16 апреля 57 мин Эфир от 16.04.2019 (12:50). По горячим следам,16 апреля,https://smotrim.ru/video/1891753
1891512,2019,15 апреля 58 мин Эфир от 15.04.2019 (18:50). Порошенко готовится к бегству,15 апреля,https://smotrim.ru/video/1891512
1891315,2019,15 апреля 58 мин Эфир от 15.04.2019 (12:50). По горячим следам,15 апреля,https://smotrim.ru/video/1891315
1890703,2019,12 апреля 57 мин Эфир от 12.04.2019 (18:50). Зеленский и Порошенко ищут поддержки у Макрона и Меркел,12 апреля,https://smotrim.ru/video/1890703
1890513,2019,12 апреля 58 мин Эфир от 12.04.2019 (12:50). По горячим следам,12 апреля,https://smotrim.ru/video/1890513
1890237,2019,11 апреля 58 мин Эфир от 11.04.2019 (18:50). Украинские депутаты продолжили бесноваться в ПАСЕ,11 апреля,https://smotrim.ru/video/1890237
1890060,2019,11 апреля 57 мин Эфир от 11.04.2019 (12:50). По горячим следам,11 апреля,https://smotrim.ru/video/1890060
1889780,2019,"10 апреля 57 мин Эфир от 10.04.2019 (18:50). ""Включите мозги"" – новое постановление Верховной рады",10 апреля,https://smotrim.ru/video/1889780
1889605,2019,10 апреля 56 мин Эфир от 10.04.2019 (12:50). По горячим следам,10 апреля,https://smotrim.ru/video/1889605
1889334,2019,9 апреля 58 мин Эфир от 09.04.2019 (18:50). Порошенко развесил билборды с призывом выбрать между ним,9 апреля,https://smotrim.ru/video/1889334
1889156,2019,9 апреля 57 мин Эфир от 09.04.2019 (12:50). По горячим следам,9 апреля,https://smotrim.ru/video/1889156
1888940,2019,8 апреля 57 мин Эфир от 08.04.2019 (18:50). Шесть миллионов долларов за дебаты кандидатов в президен,8 апреля,https://smotrim.ru/video/1888940
1888759,2019,8 апреля 58 мин Эфир от 08.04.2019 (12:50). По горячим следам,8 апреля,https://smotrim.ru/video/1888759
1888222,2019,5 апреля 57 мин Эфир от 05.04.2019 (18:50). Кандидатам в президенты Украины публично пустили кровь,5 апреля,https://smotrim.ru/video/1888222
1888049,2019,5 апреля 57 мин Эфир от 05.04.2019 (12:50). По горячим следам,5 апреля,https://smotrim.ru/video/1888049
1887799,2019,4 апреля 57 мин Эфир от 04.04.2019 (18:50). Зеленский призвал Тимошенко быть арбитром во время дебат,4 апреля,https://smotrim.ru/video/1887799
1887619,2019,4 апреля 58 мин Эфир от 04.04.2019 (12:50). По горячим следам,4 апреля,https://smotrim.ru/video/1887619
1887415,2019,3 апреля 57 мин Эфир от 03.04.2019 (18:50). НАТО выдвинут корабли в Азовское море с обученными украи,3 апреля,https://smotrim.ru/video/1887415
1887250,2019,3 апреля 56 мин Эфир от 03.04.2019 (12:50). По горячим следам,3 апреля,https://smotrim.ru/video/1887250
1887004,2019,2 апреля 57 мин Эфир от 02.04.2019 (18:50). Выборы на Украине: борьба за второе место скоропостижно ,2 апреля,https://smotrim.ru/video/1887004
1886828,2019,2 апреля 57 мин Эфир от 02.04.2019 (12:50). По горячим следам,2 апреля,https://smotrim.ru/video/1886828
1886598,2019,1 апреля 58 мин Эфир от 01.04.2019 (18:50). В День дурака Украине не до шуток,1 апреля,https://smotrim.ru/video/1886598
1886409,2019,1 апреля 58 мин Эфир от 01.04.2019 (12:50). По горячим следам,1 апреля,https://smotrim.ru/video/1886409
1885808,2019,29 марта 54 мин Эфир от 29.03.2019 (18:50). Порошенко переориентировался за два дня до выборов,29 марта,https://smotrim.ru/video/1885808
1885620,2019,29 марта 54 мин Эфир от 29.03.2019 (12:50). По горячим следам,29 марта,https://smotrim.ru/video/1885620
1885388,2019,28 марта 55 мин Эфир от 28.03.2019 (18:50). Красноярские медведи выбрали своих кандидатов в президен,28 марта,https://smotrim.ru/video/1885388
1885217,2019,28 марта 54 мин Эфир от 28.03.2019 (12:50). По горячим следам,28 марта,https://smotrim.ru/video/1885217
1885000,2019,27 марта 55 мин Эфир от 27.03.2019 (18:50). Выборы по-украински: из-за фальсификаций возбуждено 222 ,27 марта,https://smotrim.ru/video/1885000
1884837,2019,27 марта 54 мин Эфир от 27.03.2019 (12:50). По горячим следам,27 марта,https://smotrim.ru/video/1884837
1884590,2019,26 марта 54 мин Эфир от 26.03.2019 (18:50). 83 процента украинцев не доверяют предстоящим выборам,26 марта,https://smotrim.ru/video/1884590
1884433,2019,26 марта 54 мин Эфир от 26.03.2019 (12:50). По горячим следам,26 марта,https://smotrim.ru/video/1884433
1884214,2019,25 марта 55 мин Эфир от 25.03.2019 (18:50). СБУ убивала заключенных в своих камерах,25 марта,https://smotrim.ru/video/1884214
1884042,2019,25 марта 54 мин Эфир от 25.03.2019 (12:50). По горячим следам,25 марта,https://smotrim.ru/video/1884042
1883427,2019,"22 марта 54 мин Эфир от 22.03.2019 (18:50). Медведев, Бойко и Миллер обсудили транзит газа",22 марта,https://smotrim.ru/video/1883427
1883242,2019,22 марта 54 мин Эфир от 22.03.2019 (12:50). По горячим следам,22 марта,https://smotrim.ru/video/1883242
1883013,2019,21 марта 54 мин Эфир от 21.03.2019 (18:50). На Украине выдадут самый длинный в истории избирательный,21 марта,https://smotrim.ru/video/1883013
1882824,2019,21 марта 55 мин Эфир от 21.03.2019 (12:50). По горячим следам,21 марта,https://smotrim.ru/video/1882824
1882599,2019,20 марта 55 мин Эфир от 20.03.2019 (18:50). Астану переименуют в честь Нурсултана Назарбаева,20 марта,https://smotrim.ru/video/1882599
1882423,2019,20 марта 56 мин Эфир от 20.03.2019 (12:50). По горячим следам,20 марта,https://smotrim.ru/video/1882423
1882175,2019,19 марта 55 мин Эфир от 19.03.2019 (18:50). Отставка президента Казахстана Нурсултана Назарбаева,19 марта,https://smotrim.ru/video/1882175
1881987,2019,19 марта 54 мин Эфир от 19.03.2019 (12:50). По горячим следам,19 марта,https://smotrim.ru/video/1881987
1881730,2019,"18 марта 57 мин Эфир от 18.03.2019 (18:50). Пока Крым празднует годовщину воссоединения, Порошенко г",18 марта,https://smotrim.ru/video/1881730
1881579,2019,18 марта 54 мин Эфир от 18.03.2019 (12:50). По горячим следам,18 марта,https://smotrim.ru/video/1881579
1881019,2019,15 марта 55 мин Эфир от 15.03.2019 (18:50). Убийцы из Крайстчерча бывали на Украине,15 марта,https://smotrim.ru/video/1881019
1880836,2019,15 марта 59 мин Эфир от 15.03.2019 (12:50). По горячим следам,15 марта,https://smotrim.ru/video/1880836
1880582,2019,14 марта 55 мин Эфир от 14.03.2019 (18:50). Европарламент призвал Россию осудить коммунизм и Советск,14 марта,https://smotrim.ru/video/1880582
1880199,2019,"13 марта 55 мин Эфир от 13.03.2019 (18:50). Галкин заказал Киркорова, Порошенко донимают националист",13 марта,https://smotrim.ru/video/1880199
1879989,2019,13 марта 55 мин Эфир от 13.03.2019 (12:50). По горячим следам,13 марта,https://smotrim.ru/video/1879989
1879742,2019,12 марта 55 мин Эфир от 12.03.2019 (18:50). Европарламент больше не считает Россию стратегическим па,12 марта,https://smotrim.ru/video/1879742
1879595,2019,12 марта 45 мин Эфир от 12.03.2019 (12:50). По горячим следам,12 марта,https://smotrim.ru/video/1879595
1879367,2019,11 марта 56 мин Эфир от 11.03.2019 (18:50). В новом шведском бокбастере Москва развязывает войну из-,11 марта,https://smotrim.ru/video/1879367
1879202,2019,11 марта 55 мин Эфир от 11.03.2019 (12:50). По горячим следам,11 марта,https://smotrim.ru/video/1879202
1878570,2019,7 марта 69 мин Эфир от 07.03.2019 (18:50). Президент сел на коня и поздравил с 8 марта женщин-полице,7 марта,https://smotrim.ru/video/1878570
1878409,2019,7 марта 54 мин Эфир от 07.03.2019 (12:50). По горячим следам,7 марта,https://smotrim.ru/video/1878409
1878163,2019,"6 марта 55 мин Эфир от 06.03.2019 (18:50). ""План А"" – новая альтернатива ""Северному потоку-2""",6 марта,https://smotrim.ru/video/1878163
1877982,2019,6 марта 54 мин Эфир от 06.03.2019 (12:50). По горячим следам,6 марта,https://smotrim.ru/video/1877982
1877759,2019,5 марта 55 мин Эфир от 05.03.2019 (18:50). Порошенко решил поднять свой падающий рейтинг обращением ,5 марта,https://smotrim.ru/video/1877759
1877593,2019,5 марта 53 мин Эфир от 05.03.2019 (12:50). По горячим следам,5 марта,https://smotrim.ru/video/1877593
1877373,2019,4 марта 60 мин Эфир от 04.03.2019 (18:50). Дело Скрипалей спустя год развалилось,4 марта,https://smotrim.ru/video/1877373
1877197,2019,4 марта 54 мин Эфир от 04.03.2019 (12:50). По горячим следам,4 марта,https://smotrim.ru/video/1877197
1876657,2019,"1 марта 54 мин Эфир от 01.03.2019 (18:50). На украинских выборах лидирует ""кандидат Зе""",1 марта,https://smotrim.ru/video/1876657
1876443,2019,1 марта 54 мин Эфир от 01.03.2019 (12:50). По горячим следам,1 марта,https://smotrim.ru/video/1876443
1876217,2019,28 февраля 55 мин Эфир от 28.02.2019 (18:50). Полная украинизация: в Киеве рассматривают закон о язы,28 февраля,https://smotrim.ru/video/1876217
1876027,2019,28 февраля 55 мин Эфир от 28.02.2019 (12:50). По горячим следам,28 февраля,https://smotrim.ru/video/1876027
1875763,2019,27 февраля 55 мин Эфир от 27.02.2019 (18:50). Совет Порошенко: езжайте в АТО,27 февраля,https://smotrim.ru/video/1875763
1875592,2019,27 февраля 55 мин Эфир от 27.02.2019 (12:50). По горячим следам,27 февраля,https://smotrim.ru/video/1875592
1875360,2019,"26 февраля 55 мин Эфир от 26.02.2019 (18:50). Тимошенко предложила устроить Порошенко ""черный импичм",26 февраля,https://smotrim.ru/video/1875360
1875176,2019,26 февраля 55 мин Эфир от 26.02.2019 (12:50). По горячим следам,26 февраля,https://smotrim.ru/video/1875176
1874951,2019,25 февраля 60 мин Эфир от 25.02.2019 (18:50). Евровидение по-украински,25 февраля,https://smotrim.ru/video/1874951
1874780,2019,25 февраля 60 мин Эфир от 25.02.2019 (12:50). По горячим следам,25 февраля,https://smotrim.ru/video/1874780
1874277,2019,22 февраля 60 мин Эфир от 22.02.2019 (18:50). Украина готовит новую провокацию в Керченском проливе,22 февраля,https://smotrim.ru/video/1874277
1874114,2019,22 февраля 59 мин Эфир от 22.02.2019 (12:50). По горячим следам,22 февраля,https://smotrim.ru/video/1874114
1873877,2019,21 февраля 11 мин Эфир от 21.02.2019 (18:50). Шокирующая правда о Майдане,21 февраля,https://smotrim.ru/video/1873877
1873662,2019,21 февраля 60 мин Эфир от 21.02.2019 (12:50). По горячим следам,21 февраля,https://smotrim.ru/video/1873662
1873469,2019,20 февраля 60 мин Эфир от 20.02.2019 (18:50). Защищенный внешний контур позволяет работать над внутр,20 февраля,https://smotrim.ru/video/1873469
1873302,2019,20 февраля 22 мин Эфир от 20.02.2019 (13:30). По горячим следам,20 февраля,https://smotrim.ru/video/1873302
1873260,2019,20 февраля 37 мин Эфир от 20.02.2019 (11:25). Специальный выпуск,20 февраля,https://smotrim.ru/video/1873260
1873047,2019,19 февраля 60 мин Эфир от 19.02.2019 (18:50). Украинский праздник – 5 лет с расстрела на Майдане,19 февраля,https://smotrim.ru/video/1873047
1872870,2019,19 февраля 59 мин Эфир от 19.02.2019 (12:50). По горячим следам,19 февраля,https://smotrim.ru/video/1872870
1872631,2019,18 февраля 59 мин Эфир от 18.02.2019 (18:50). В Донецке теракты,18 февраля,https://smotrim.ru/video/1872631
1872443,2019,18 февраля 58 мин Эфир от 18.02.2019 (12:50). По горячим следам,18 февраля,https://smotrim.ru/video/1872443
1871907,2019,15 февраля 60 мин Эфир от 15.02.2019 (18:50). На Мюнхенской конференции обсуждали российскую агресси,15 февраля,https://smotrim.ru/video/1871907
1871721,2019,15 февраля 58 мин Эфир от 15.02.2019 (12:50). По горячим следам,15 февраля,https://smotrim.ru/video/1871721
1871446,2019,14 февраля 60 мин Эфир от 14.02.2019 (18:50). Фейк о химической атаке,14 февраля,https://smotrim.ru/video/1871446
1871254,2019,14 февраля 60 мин Эфир от 14.02.2019 (12:50). По горячим следам,14 февраля,https://smotrim.ru/video/1871254
1871020,2019,"13 февраля 59 мин Эфир от 13.02.2019 (18:50). Аваков привез в США ""Тактику мелких шагов""",13 февраля,https://smotrim.ru/video/1871020
1870875,2019,13 февраля 61 мин Эфир от 13.02.2019 (12:50). По горячим следам,13 февраля,https://smotrim.ru/video/1870875
1870621,2019,12 февраля 60 мин Эфир от 12.02.2019 (18:50). В срыве Минских соглашений вновь винят Россию,12 февраля,https://smotrim.ru/video/1870621
1870458,2019,12 февраля 60 мин Эфир от 12.02.2019 (12:50). По горячим следам,12 февраля,https://smotrim.ru/video/1870458
1870205,2019,"11 февраля 60 мин Эфир от 11.02.2019 (18:50). Капитан ""Норда"" вернулся домой, но тут же был объявлен",11 февраля,https://smotrim.ru/video/1870205
1870010,2019,11 февраля 60 мин Эфир от 11.02.2019 (12:50). По горячим следам,11 февраля,https://smotrim.ru/video/1870010
1869437,2019,"8 февраля 61 мин Эфир от 08.02.2019 (18:50). Атака Франции на ""Северный поток-2"" отбита",8 февраля,https://smotrim.ru/video/1869437
1869251,2019,8 февраля 60 мин Эфир от 08.02.2019 (12:50). По горячим следам,8 февраля,https://smotrim.ru/video/1869251
1869015,2019,"7 февраля 6 мин Украина не вступит в НАТО, пока не выполнит пять условий (Эфир от 07.02.2019)",7 февраля,https://smotrim.ru/video/1869015
1869008,2019,"7 февраля 60 мин Эфир от 07.02.2019 (18:50). Франция и Германия поссорились из-за ""Северного потока""",7 февраля,https://smotrim.ru/video/1869008
1868832,2019,7 февраля 61 мин Эфир от 07.02.2019 (12:50). По горячим следам,7 февраля,https://smotrim.ru/video/1868832
1868576,2019,6 февраля 60 мин Эфир от 06.02.2019 (18:50). На Украине продолжается предвыборная лихорадка,6 февраля,https://smotrim.ru/video/1868576
1868386,2019,6 февраля 61 мин Эфир от 06.02.2019 (12:50). По горячим следам,6 февраля,https://smotrim.ru/video/1868386
1868135,2019,5 февраля 60 мин Эфир от 05.02.2019 (18:50). Порошенко закроет границу для наблюдатей РФ,5 февраля,https://smotrim.ru/video/1868135
1867986,2019,5 февраля 60 мин Эфир от 05.02.2019 (12:50). По горячим следам,5 февраля,https://smotrim.ru/video/1867986
1867775,2019,4 февраля 59 мин Эфир от 04.02.2019 (18:50). Украина готовится к выборам,4 февраля,https://smotrim.ru/video/1867775
1867605,2019,4 февраля 60 мин Эфир от 04.02.2019 (12:50). По горячим следам,4 февраля,https://smotrim.ru/video/1867605
1867060,2019,1 февраля 59 мин Эфир от 01.02.2019 (18:50). США развязывают новую гонку вооружений,1 февраля,https://smotrim.ru/video/1867060
1866899,2019,1 февраля 59 мин Эфир от 01.02.2019 (12:50). По горячим следам,1 февраля,https://smotrim.ru/video/1866899
1866668,2019,31 января 60 мин Эфир от 31.01.2019 (18:50). Украина закупит оружие в США,31 января,https://smotrim.ru/video/1866668
1866489,2019,31 января 60 мин Эфир от 31.01.2019 (12:50). По горячим следам,31 января,https://smotrim.ru/video/1866489
1866265,2019,30 января 60 мин Эфир от 30.01.2019 (18:50). Что с Порошенко пошло не так,30 января,https://smotrim.ru/video/1866265
1866121,2019,30 января 60 мин Эфир от 30.01.2019 (12:50). По горячим следам,30 января,https://smotrim.ru/video/1866121
1865885,2019,29 января 60 мин Эфир от 29.01.2019 (18:50). США давят на Венесуэлу,29 января,https://smotrim.ru/video/1865885
1865713,2019,29 января 60 мин Эфир от 29.01.2019 (12:50). По горячим следам,29 января,https://smotrim.ru/video/1865713
1865479,2019,"28 января 60 мин Эфир от 28.01.2019 (18:50). Где у США ""задний двор""",28 января,https://smotrim.ru/video/1865479
1865342,2019,28 января 60 мин Эфир от 28.01.2019 (12:50). По горячим следам,28 января,https://smotrim.ru/video/1865342
1864784,2019,"25 января 60 мин Эфир от 25.01.2019 (18:50). Украина краснеет от шоу ""микрофоном по балде"" в ПАСЕ",25 января,https://smotrim.ru/video/1864784
1864622,2019,25 января 61 мин Эфир от 25.01.2019 (12:50). По горячим следам,25 января,https://smotrim.ru/video/1864622
1864366,2019,24 января 60 мин Эфир от 24.01.2019 (18:50). Рукоприкладство в ПАСЕ,24 января,https://smotrim.ru/video/1864366
1864205,2019,24 января 60 мин Эфир от 24.01.2019 (12:50). По горячим следам,24 января,https://smotrim.ru/video/1864205
1863967,2019,23 января 60 мин Эфир от 23.01.2019 (18:50). Кто рвется в украинскую власть,23 января,https://smotrim.ru/video/1863967
1863807,2019,23 января 60 мин Эфир от 23.01.2019 (12:50). По горячим следам,23 января,https://smotrim.ru/video/1863807
1863586,2019,"22 января 60 мин Эфир от 22.01.2019 (18:50). Курилы – вопрос для японцев, но не для русских",22 января,https://smotrim.ru/video/1863586
1863408,2019,22 января 60 мин Эфир от 22.01.2019 (12:50). По горячим следам,22 января,https://smotrim.ru/video/1863408
1863180,2019,21 января 60 мин Эфир от 21.01.2019 (18:50). Перспективы трехсторонних переговоров по газу,21 января,https://smotrim.ru/video/1863180
1862988,2019,21 января 60 мин Эфир от 21.01.2019 (12:50). По горячим следам,21 января,https://smotrim.ru/video/1862988
1862522,2019,18 января 24 мин Эфир от 18.01.2019 (18:50). Керченский пролив открыт для навигации,18 января,https://smotrim.ru/video/1862522
1862364,2019,18 января 60 мин Эфир от 18.01.2019 (12:50). По горячим следам,18 января,https://smotrim.ru/video/1862364
1861923,2019,17 января 61 мин Эфир от 17.01.2019 (12:50). По горячим следам,17 января,https://smotrim.ru/video/1861923
1861723,2019,"16 января 60 мин Эфир от 16.01.2019 (18:50). Обида на ""агрессора""",16 января,https://smotrim.ru/video/1861723
1861533,2019,16 января 61 мин Эфир от 16.01.2019 (12:50). По горячим следам,16 января,https://smotrim.ru/video/1861533
1861341,2019,"15 января 59 мин Эфир от 15.01.2019 (18:50). Украинские радикалы рвутся ""зачищать Донбасс""",15 января,https://smotrim.ru/video/1861341
1861179,2019,15 января 60 мин Эфир от 15.01.2019 (12:50). По горячим следам,15 января,https://smotrim.ru/video/1861179
1860955,2019,14 января 60 мин Эфир от 14.01.2019 (18:50). Российско-японские переговоры,14 января,https://smotrim.ru/video/1860955
1860799,2019,14 января 61 мин Эфир от 14.01.2019 (12:50). По горячим следам,14 января,https://smotrim.ru/video/1860799
1860280,2019,11 января 59 мин Эфир от 11.01.2019 (18:50). Крымский мост сегодня – бутафория,11 января,https://smotrim.ru/video/1860280
1860125,2019,11 января 60 мин Эфир от 11.01.2019 (12:50). По горячим следам,11 января,https://smotrim.ru/video/1860125
1859920,2019,10 января 60 мин Эфир от 10.01.2019 (18:50). Газовая независимость Украины от России осталась мечтой,10 января,https://smotrim.ru/video/1859920
1859761,2019,10 января 60 мин Эфир от 10.01.2019 (12:50). По горячим следам,10 января,https://smotrim.ru/video/1859761
1859550,2019,9 января 60 мин Эфир от 09.01.2019 (18:50). На Украине предложили ввести запрет на въезд российским ,9 января,https://smotrim.ru/video/1859550
1859410,2019,9 января 61 мин Эфир от 09.01.2019 (12:50). По горячим следам,9 января,https://smotrim.ru/video/1859410
4003498,2019,"Российский танкер ""Анатолий Колодкин"" добрался до Кубы","Российский танкер ""Анатолий Колодкин"" добрался до Кубы",https://smotrim.ru/video/4003498
3088811,2019,Без иранских атак ОАЭ удалось прожить всего сутки,Без иранских атак ОАЭ удалось прожить всего сутки,https://smotrim.ru/video/3088811
3088726,2019,Столица Ливана вновь обстреляна Израилем,Столица Ливана вновь обстреляна Израилем,https://smotrim.ru/video/3088726
3088354,2019,ОАЭ постепенно открывает свое воздушное пространство,ОАЭ постепенно открывает свое воздушное пространство,https://smotrim.ru/video/3088354
3087722,2019,Иранский беспилотник попал в консульство США в Дубае,Иранский беспилотник попал в консульство США в Дубае,https://smotrim.ru/video/3087722
3085353,2019,Сергей Брилёв: во время инцидента с лодкой был ранен кубинский капитан,Сергей Брилёв: во время инцидента с лодкой был ранен кубинский капитан,https://smotrim.ru/video/3085353
2254956,2020,29 декабря 67 мин Эфир от 29.12.2020 (18:40). На Таймс-сквер избавляются от неприятных воспоминаний,29 декабря,https://smotrim.ru/video/2254956
2254817,2020,29 декабря 68 мин Эфир от 29.12.2020 (12:40). По горячим следам,29 декабря,https://smotrim.ru/video/2254817
2254571,2020,28 декабря 68 мин Эфир от 28.12.2020 (18:40). Новый британский штамм подбирается к границам России,28 декабря,https://smotrim.ru/video/2254571
2254437,2020,28 декабря 68 мин Эфир от 28.12.2020 (12:40). По горячим следам,28 декабря,https://smotrim.ru/video/2254437
2253776,2020,25 декабря 73 мин Эфир от 25.12.2020 (18:40) Как не угодить в сети мошенников?,25 декабря,https://smotrim.ru/video/2253776
2253635,2020,25 декабря 68 мин Эфир от 25.12.2020 (12:40). По горячим следам,25 декабря,https://smotrim.ru/video/2253635
2253391,2020,24 декабря 72 мин Эфир от 24.12.2020 (18:40) Первая российская вакцина отправилась в Аргентину,24 декабря,https://smotrim.ru/video/2253391
2253203,2020,24 декабря 68 мин Эфир от 24.12.2020 (12:40). По горячим следам,24 декабря,https://smotrim.ru/video/2253203
2252968,2020,23 декабря 67 мин Эфир от 23.12.2020 (18:40). 31 декабря объявлен выходным днем,23 декабря,https://smotrim.ru/video/2252968
2252831,2020,23 декабря 68 мин Эфир от 23.12.2020 (12:40). По горячим следам,23 декабря,https://smotrim.ru/video/2252831
2252576,2020,22 декабря 67 мин Эфир от 22.12.2020 (18:40). Европа трепещет перед британским вирусом-мутантом,22 декабря,https://smotrim.ru/video/2252576
2252458,2020,22 декабря 68 мин Эфир от 22.12.2020 (12:40). По горячим следам,22 декабря,https://smotrim.ru/video/2252458
2252223,2020,21 декабря 67 мин Эфир от 21.12.2020 (18:40). В атаку на человечество пошел ковид-мутант,21 декабря,https://smotrim.ru/video/2252223
2252090,2020,21 декабря 67 мин Эфир от 21.12.2020 (12:40). По горячим следам,21 декабря,https://smotrim.ru/video/2252090
2251544,2020,18 декабря 67 мин Эфир от 18.12.2020 (18:40). Арест красноярского Челентано стал громом среди ясного,18 декабря,https://smotrim.ru/video/2251544
2251429,2020,18 декабря 67 мин Эфир от 18.12.2020 (12:40). По горячим следам,18 декабря,https://smotrim.ru/video/2251429
2251153,2020,17 декабря 108 мин Эфир от 17.12.2020 (16:35). Российские семьи с детьми до 7 лет получат финансовую,17 декабря,https://smotrim.ru/video/2251153
2250807,2020,16 декабря 78 мин Эфир от 16.12.2020 (18:40) Торговые сети стали продавать продукты без наценки посл,16 декабря,https://smotrim.ru/video/2250807
2250693,2020,16 декабря 68 мин Эфир от 16.12.2020 (12:40). По горячим следам,16 декабря,https://smotrim.ru/video/2250693
2250467,2020,15 декабря 67 мин Эфир от 15.12.2020 (18:40). Байден дождался поздравления от Путина,15 декабря,https://smotrim.ru/video/2250467
2250321,2020,15 декабря 67 мин Эфир от 15.12.2020 (12:40). По горячим следам,15 декабря,https://smotrim.ru/video/2250321
2250054,2020,14 декабря 67 мин Эфир от 14.12.2020 (18:40) К новому году россиян порадуют снижением цен,14 декабря,https://smotrim.ru/video/2250054
2249948,2020,14 декабря 68 мин Эфир от 14.12.2020 (12:40). По горячим следам,14 декабря,https://smotrim.ru/video/2249948
2249365,2020,11 декабря 67 мин Эфир от 11.12.2020 (18:40) Тюремный колл-центр: мошенники крадут у россиян миллиар,11 декабря,https://smotrim.ru/video/2249365
2249214,2020,11 декабря 66 мин Эфир от 11.12.2020 (12:40). По горячим следам,11 декабря,https://smotrim.ru/video/2249214
2248949,2020,10 декабря 66 мин Эфир от 10.12.2020 (18:40). Правительству РФ поручено принять меры по регулировани,10 декабря,https://smotrim.ru/video/2248949
2248803,2020,10 декабря 68 мин Эфир от 10.12.2020 (12:40). По горячим следам,10 декабря,https://smotrim.ru/video/2248803
2248562,2020,9 декабря 79 мин Эфир от 09.12.2020 (18:40). Эксклюзивная трансляция,9 декабря,https://smotrim.ru/video/2248562
2248432,2020,9 декабря 67 мин Эфир от 09.12.2020 (12:40). По горячим следам,9 декабря,https://smotrim.ru/video/2248432
2248216,2020,"8 декабря 67 мин Эфир от 08.12.2020 (18:40). ""Спутник V"": Россия готова поделиться технологией с Укр",8 декабря,https://smotrim.ru/video/2248216
2248092,2020,8 декабря 67 мин Эфир от 08.12.2020 (12:40). По горячим следам,8 декабря,https://smotrim.ru/video/2248092
2247876,2020,7 декабря 68 мин Эфир от 07.12.2020 (18:40). Незалежная вступила с Россией в войну за борщ,7 декабря,https://smotrim.ru/video/2247876
2247751,2020,7 декабря 67 мин Эфир от 07.12.2020 (12:40). По горячим следам,7 декабря,https://smotrim.ru/video/2247751
2247171,2020,4 декабря 68 мин Эфир от 04.12.2020 (18:40) Британский министр культуры диктует волю создателям сери,4 декабря,https://smotrim.ru/video/2247171
2247042,2020,4 декабря 67 мин Эфир от 04.12.2020 (12:40). По горячим следам,4 декабря,https://smotrim.ru/video/2247042
2246822,2020,3 декабря 67 мин Эфир от 03.12.2020 (18:40). Мишустин обязал губернаторов проследить за вакцинацией ,3 декабря,https://smotrim.ru/video/2246822
2246679,2020,3 декабря 68 мин Эфир от 03.12.2020 (12:40). По горячим следам,3 декабря,https://smotrim.ru/video/2246679
2246436,2020,2 декабря 68 мин Эфир от 02.12.2020 (18:40). НАТО готовится к захвату западной Белоруссии,2 декабря,https://smotrim.ru/video/2246436
2246305,2020,2 декабря 67 мин Эфир от 02.12.2020 (12:40). По горячим следам,2 декабря,https://smotrim.ru/video/2246305
2246075,2020,1 декабря 67 мин Эфир от 01.12.2020 (18:40) ЕС делает ставку на Байдена в санкционной войне против Р,1 декабря,https://smotrim.ru/video/2246075
2245967,2020,1 декабря 67 мин Эфир от 01.12.2020 (12:40). По горячим следам,1 декабря,https://smotrim.ru/video/2245967
2245704,2020,30 ноября 68 мин Эфир от 30.11.2020 (18:40). США могут быть причастны к убийству отца иранского ядер,30 ноября,https://smotrim.ru/video/2245704
2245597,2020,30 ноября 68 мин Эфир от 30.11.2020 (12:40). По горячим следам,30 ноября,https://smotrim.ru/video/2245597
2245017,2020,27 ноября 67 мин Эфир от 27.11.2020 (18:40). Байден пригласил Тихановскую на свою инаугурацию,27 ноября,https://smotrim.ru/video/2245017
2244894,2020,27 ноября 68 мин Эфир от 27.11.2020 (12:40). По горячим следам,27 ноября,https://smotrim.ru/video/2244894
2244668,2020,26 ноября 67 мин Эфир от 26.11.2020 (18:40) Путин открыл цех субстанций для лекарств от COVID,26 ноября,https://smotrim.ru/video/2244668
2244514,2020,26 ноября 68 мин Эфир от 26.11.2020 (12:40). По горячим следам,26 ноября,https://smotrim.ru/video/2244514
2244295,2020,25 ноября 68 мин Эфир от 25.11.2020 (18:40) Байден собрал себе команду из администрации Обамы,25 ноября,https://smotrim.ru/video/2244295
2244184,2020,25 ноября 68 мин Эфир от 25.11.2020 (12:40). По горячим следам,25 ноября,https://smotrim.ru/video/2244184
2243940,2020,"24 ноября 67 мин Эфир от 24.11.2020 (18:40). Вторжение эсминца ""Маккейна"": американцы не признают ро",24 ноября,https://smotrim.ru/video/2243940
2243822,2020,24 ноября 67 мин Эфир от 24.11.2020 (12:40). По горячим следам,24 ноября,https://smotrim.ru/video/2243822
2243596,2020,23 ноября 66 мин Эфир от 23.11.2020 (18:40). В годовщину Майдана его героев вызвали на допрос,23 ноября,https://smotrim.ru/video/2243596
2243475,2020,23 ноября 68 мин Эфир от 23.11.2020 (12:40). По горячим следам,23 ноября,https://smotrim.ru/video/2243475
2242863,2020,20 ноября 67 мин Эфир от 20.11.2020 (18:40). Кто украл победу у Трампа,20 ноября,https://smotrim.ru/video/2242863
2242712,2020,20 ноября 67 мин Эфир от 20.11.2020 (12:40). По горячим следам,20 ноября,https://smotrim.ru/video/2242712
2242444,2020,19 ноября 67 мин Эфир от 19.11.2020 (18:40) Обыски в Музее Майдана. Кто украл миллионы,19 ноября,https://smotrim.ru/video/2242444
2242306,2020,19 ноября 68 мин Эфир от 19.11.2020 (12:40). По горячим следам,19 ноября,https://smotrim.ru/video/2242306
2242060,2020,18 ноября 67 мин Эфир от 18.11.2020 (18:40). Запад планирует сорвать прекращение огня в Карабахе,18 ноября,https://smotrim.ru/video/2242060
2241931,2020,18 ноября 67 мин Эфир от 18.11.2020 (12:40). По горячим следам,18 ноября,https://smotrim.ru/video/2241931
2241706,2020,17 ноября 67 мин Эфир от 17.11.2020 (18:40). Эрдоган отказался от общения с прибывшим в Турцию Помпе,17 ноября,https://smotrim.ru/video/2241706
2241575,2020,17 ноября 67 мин Эфир от 17.11.2020 (12:40). По горячим следам,17 ноября,https://smotrim.ru/video/2241575
2241323,2020,16 ноября 67 мин Эфир от 16.11.2020 (18:40). Пашинян призвал к гражданской войне,16 ноября,https://smotrim.ru/video/2241323
2241185,2020,16 ноября 68 мин Эфир от 16.11.2020 (12:40). По горячим следам,16 ноября,https://smotrim.ru/video/2241185
2240597,2020,13 ноября 67 мин Эфир от 13.11.2020 (18:40). Россия планирует оказание гуманитарной помощи пострадав,13 ноября,https://smotrim.ru/video/2240597
2240485,2020,13 ноября 67 мин Эфир от 13.11.2020 (12:40). По горячим следам,13 ноября,https://smotrim.ru/video/2240485
2240208,2020,12 ноября 68 мин Эфир от 12.11.2020 (18:40). К чему приведет отставка Пашиняна,12 ноября,https://smotrim.ru/video/2240208
2240057,2020,12 ноября 68 мин Эфир от 12.11.2020 (12:40). По горячим следам,12 ноября,https://smotrim.ru/video/2240057
2239842,2020,11 ноября 68 мин Эфир от 11.11.2020 (18:40) Мир в Карабахе вызвал политический кризис в Армении,11 ноября,https://smotrim.ru/video/2239842
2239711,2020,11 ноября 68 мин Эфир от 11.11.2020 (12:40). По горячим следам,11 ноября,https://smotrim.ru/video/2239711
2239503,2020,10 ноября 67 мин Эфир от 10.11.2020 (18:40). Россия принесла мир на Кавказ,10 ноября,https://smotrim.ru/video/2239503
2239354,2020,10 ноября 68 мин Эфир от 10.11.2020 (12:40). По горячим следам,10 ноября,https://smotrim.ru/video/2239354
2239142,2020,9 ноября 68 мин Эфир от 09.11.2020 (18:40). Собкор ВГТРК в США: у Трампа остался один шанс – Верховн,9 ноября,https://smotrim.ru/video/2239142
2238999,2020,9 ноября 68 мин Эфир от 09.11.2020 (12:40). По горячим следам,9 ноября,https://smotrim.ru/video/2238999
2238428,2020,6 ноября 67 мин Эфир от 06.11.2020 (18:40) Выборы в США: Байден стоит на пороге Белого дома,6 ноября,https://smotrim.ru/video/2238428
2238283,2020,6 ноября 68 мин Эфир от 06.11.2020 (12:40). По горячим следам,6 ноября,https://smotrim.ru/video/2238283
2238050,2020,5 ноября 67 мин Эфир от 05.11.2020 (18:40). Трамп готовит общенациональный иск в Верховный суд США,5 ноября,https://smotrim.ru/video/2238050
2237915,2020,5 ноября 68 мин Эфир от 05.11.2020 (12:40). По горячим следам,5 ноября,https://smotrim.ru/video/2237915
2237459,2020,"3 ноября 67 мин Эфир от 03.11.2020 (18:40). Выборы в США: Трамп танцует, а владельцы магазинов забив",3 ноября,https://smotrim.ru/video/2237459
2237320,2020,3 ноября 68 мин Эфир от 03.11.2020 (12:40). По горячим следам,3 ноября,https://smotrim.ru/video/2237320
2237091,2020,2 ноября 66 мин Эфир от 02.11.2020 (18:40). Столкновения в Америке выглядят неизбежными,2 ноября,https://smotrim.ru/video/2237091
2236971,2020,2 ноября 68 мин Эфир от 02.11.2020 (12:40). По горячим следам,2 ноября,https://smotrim.ru/video/2236971
2236343,2020,30 октября 67 мин Эфир от 30.10.2020 (18:40). 5 дней до выборов в США,30 октября,https://smotrim.ru/video/2236343
2236253,2020,30 октября 2 мин На Лампедузе вспыхнула настоящая война (Эфир от 30.10.2020),30 октября,https://smotrim.ru/video/2236253
2236215,2020,30 октября 67 мин Эфир от 30.10.2020 (12:40). По горячим следам,30 октября,https://smotrim.ru/video/2236215
2236016,2020,29 октября 68 мин Эфир от 29.10.2020 (18:40). Франция призвала военных на защиту мирного населения о,29 октября,https://smotrim.ru/video/2236016
2235864,2020,29 октября 68 мин Эфир от 29.10.2020 (12:40),29 октября,https://smotrim.ru/video/2235864
2235660,2020,"28 октября 67 мин Эфир от 28.10.2020 (18:40). Эрдоган назначил Францию ""врагом ислама""",28 октября,https://smotrim.ru/video/2235660
2235541,2020,28 октября 68 мин Эфир от 28.10.2020 (12:40). По горячим следам,28 октября,https://smotrim.ru/video/2235541
2235329,2020,27 октября 68 мин Эфир от 27.10.2020 (18:40) Эрдоган назвал Францию и лично Макрона врагами ислама,27 октября,https://smotrim.ru/video/2235329
2235201,2020,27 октября 68 мин Эфир от 27.10.2020 (12:40). По горячим следам,27 октября,https://smotrim.ru/video/2235201
2234993,2020,26 октября 67 мин Эфир от 26.10.2020 (18:40). Лукашенко устоял: общенациональной забастовки в Белору,26 октября,https://smotrim.ru/video/2234993
2234854,2020,26 октября 68 мин Эфир от 26.10.2020 (12:40). По горячим следам,26 октября,https://smotrim.ru/video/2234854
2234289,2020,23 октября 67 мин Эфир от 23.10.2020 (18:40) Зеленский готов испытать украинскую чудо-вакцину на себ,23 октября,https://smotrim.ru/video/2234289
2234154,2020,23 октября 68 мин Эфир от 23.10.2020 (12:40). По горячим следам,23 октября,https://smotrim.ru/video/2234154
2233935,2020,22 октября 67 мин Эфир от 22.10.2020 (18:40). Россия за прочный и перспективный мир на постсоветском,22 октября,https://smotrim.ru/video/2233935
2233806,2020,22 октября 68 мин Эфир от 22.10.2020 (12:40). По горячим следам,22 октября,https://smotrim.ru/video/2233806
2233612,2020,21 октября 68 мин Эфир от 21.10.2020 (18:40). Дуга нестабильности вокруг России сужается с каждым дн,21 октября,https://smotrim.ru/video/2233612
2233472,2020,21 октября 68 мин Эфир от 21.10.2020 (12:40). По горячим следам,21 октября,https://smotrim.ru/video/2233472
2233268,2020,20 октября 68 мин Эфир от 20.10.2020 (18:40). Турция с Украиной создадут антироссийский союз,20 октября,https://smotrim.ru/video/2233268
2233143,2020,20 октября 68 мин Эфир от 20.10.2020 (12:40). По горячим следам,20 октября,https://smotrim.ru/video/2233143
2232926,2020,19 октября 67 мин Эфир от 19.10.2020 (18:40). США запретили Украине покупать российскую вакцину от к,19 октября,https://smotrim.ru/video/2232926
2232781,2020,19 октября 68 мин Эфир от 19.10.2020 (12:40) По горячим следам,19 октября,https://smotrim.ru/video/2232781
2232181,2020,"16 октября 67 мин Эфир от 16.10.2020 (18:40). Зеленский заявил, что Турция поможет вернуть Украине К",16 октября,https://smotrim.ru/video/2232181
2232045,2020,16 октября 68 мин Эфир от 16.10.2020 (12:40). По горячим следам,16 октября,https://smotrim.ru/video/2232045
2231815,2020,15 октября 67 мин Эфир от 15.10.2020. Турция перебрасывает в Карабах критическое число боевиков,15 октября,https://smotrim.ru/video/2231815
2231668,2020,15 октября 68 мин Эфир от 15.10.2020 (12:40). По горячим следам,15 октября,https://smotrim.ru/video/2231668
2231435,2020,"14 октября 67 мин Эфир от 14.10.2020 (18:40). Формула ""мир в обмен на территорию"" не устраивает Арме",14 октября,https://smotrim.ru/video/2231435
2231320,2020,14 октября 68 мин Эфир от 14.10.2020 (12:40). По горячим следам,14 октября,https://smotrim.ru/video/2231320
2231127,2020,"13 октября 3 мин Дмитрий Беляков: ""Белоруссия никогда ни под кого не ложилась! Второй Украины не буд",13 октября,https://smotrim.ru/video/2231127
2231092,2020,13 октября 68 мин Эфир от 13.10.2020 (18:40). Тихановская выдвинула ультиматум Лукашенко и белорусск,13 октября,https://smotrim.ru/video/2231092
2230977,2020,13 октября 68 мин Эфир от 13.10.2020 (12:40). По горячим следам,13 октября,https://smotrim.ru/video/2230977
2230760,2020,12 октября 68 мин Эфир от 12.10.2020 (18:40). Перемирие в Нагорном Карабахе на грани срыва,12 октября,https://smotrim.ru/video/2230760
2230619,2020,12 октября 68 мин Эфир от 12.10.2020 (12:40). По горячим следам,12 октября,https://smotrim.ru/video/2230619
2230079,2020,9 октября 67 мин Эфир от 09.10.2020 (18:40). В МИДе начались переговоры по ситуации в Карабахе,9 октября,https://smotrim.ru/video/2230079
2229931,2020,9 октября 68 мин Эфир от 09.10.2020 (12:40). По горячим следам,9 октября,https://smotrim.ru/video/2229931
2229732,2020,8 октября 67 мин Эфир от 08.10.2020 (18:40). Президент Украины в Букингемском дворце получил кредит,8 октября,https://smotrim.ru/video/2229732
2229599,2020,8 октября 68 мин Эфир от 08.10.2020 (12:40). По горячим следам,8 октября,https://smotrim.ru/video/2229599
2229338,2020,7 октября 67 мин Эфир от 07.10.2020 (18:40). Армянские власти обвиняют Азербайджан в применении запр,7 октября,https://smotrim.ru/video/2229338
2229208,2020,7 октября 67 мин Эфир от 07.10.2020 (12:40). По горячим следам,7 октября,https://smotrim.ru/video/2229208
2228983,2020,6 октября 67 мин Эфир от 06.10.2020 (18:40). В Киргизии очередные выборы и очередная революция,6 октября,https://smotrim.ru/video/2228983
2228864,2020,6 октября 68 мин Эфир от 06.10.2020 (12:40). По горячим следам,6 октября,https://smotrim.ru/video/2228864
2228641,2020,5 октября 67 мин Эфир от 05.10.2020 (18:40). Война вышла далеко за пределы Карабаха,5 октября,https://smotrim.ru/video/2228641
2228513,2020,5 октября 68 мин Эфир от 05.10.2020 (12:40). По горячим следам,5 октября,https://smotrim.ru/video/2228513
2227995,2020,2 октября 67 мин Эфир от 02.10.2020 (18:40). Трамп и его супруга заразились коронавирусом,2 октября,https://smotrim.ru/video/2227995
2227815,2020,2 октября 67 мин Эфир от 02.10.2020 (12:40). По горячим следам,2 октября,https://smotrim.ru/video/2227815
2227601,2020,1 октября 68 мин Эфир от 01.10.2020 (18:40). Армения обвинила Эрдогана в намерении продолжить геноци,1 октября,https://smotrim.ru/video/2227601
2227451,2020,1 октября 68 мин Эфир от 01.10.2020 (12:40). По горячим следам,1 октября,https://smotrim.ru/video/2227451
2227247,2020,30 сентября 67 мин Эфир от 30.09.2020 (18:40). Минобороны Армении опубликовало фото сбитого штурмови,30 сентября,https://smotrim.ru/video/2227247
2227120,2020,30 сентября 68 мин Эфир от 30.09.2020 (12:40). По горячим следам,30 сентября,https://smotrim.ru/video/2227120
2226892,2020,29 сентября 67 мин Эфир от 29.09.2020 (18:40). Турецкий истребитель сбил армянский штурмовик,29 сентября,https://smotrim.ru/video/2226892
2226764,2020,29 сентября 68 мин Эфир от 29.09.2020 (12:40). По горячим следам,29 сентября,https://smotrim.ru/video/2226764
2226547,2020,28 сентября 67 мин Эфир от 28.09.2020 (18:40) Тихановская встречается с Макроном,28 сентября,https://smotrim.ru/video/2226547
2226387,2020,28 сентября 67 мин Эфир от 28.09.2020 (12:40). По горячим следам,28 сентября,https://smotrim.ru/video/2226387
2225799,2020,"25 сентября 67 мин Эфир от 25.09.2020 (18:40). Стартовал глобальный этап учений ""Кавказ 2020""",25 сентября,https://smotrim.ru/video/2225799
2225648,2020,25 сентября 68 мин Эфир от 25.09.2020 (12:40). По горячим следам,25 сентября,https://smotrim.ru/video/2225648
2225409,2020,24 сентября 68 мин Эфир от 24.09.2020 (18:40). Лукашенко не признали легитимным президентом в 31 стр,24 сентября,https://smotrim.ru/video/2225409
2225289,2020,24 сентября 68 мин Эфир от 24.09.2020 (12:40). По горячим следам,24 сентября,https://smotrim.ru/video/2225289
2225062,2020,23 сентября 66 мин Эфир от 23.09.2020 (18:40). Лукашенко втайне вступил в должность президента Белор,23 сентября,https://smotrim.ru/video/2225062
2224932,2020,23 сентября 68 мин Эфир от 23.09.2020 (12:40). По горячим следам,23 сентября,https://smotrim.ru/video/2224932
2224710,2020,22 сентября 69 мин Эфир от 22.09.2020 (18:40). Путин выступит на Генассамблее ООН,22 сентября,https://smotrim.ru/video/2224710
2224562,2020,22 сентября 68 мин Эфир от 22.09.2020 (12:40). По горячим следам,22 сентября,https://smotrim.ru/video/2224562
2224350,2020,21 сентября 68 мин Эфир от 21.09.2020 (18:40). Кипр блокировал санкции Тихановской против Белоруссии,21 сентября,https://smotrim.ru/video/2224350
2224200,2020,21 сентября 68 мин Эфир от 21.09.2020 (12:40). По горячим следам,21 сентября,https://smotrim.ru/video/2224200
2223662,2020,18 сентября 67 мин Эфир от 18.09.2020 (18:40). Бомбардировщики США в открытую отрабатывают ядерные у,18 сентября,https://smotrim.ru/video/2223662
2223502,2020,18 сентября 68 мин Эфир от 18.09.2020 (12:40). По горячим следам,18 сентября,https://smotrim.ru/video/2223502
2223273,2020,17 сентября 68 мин Эфир от 17.09.2020 (18:40). Европарламент признал Лукашенко нелегитимным,17 сентября,https://smotrim.ru/video/2223273
2223119,2020,17 сентября 67 мин Эфир от 17.09.2020 (12:40). По горячим следам,17 сентября,https://smotrim.ru/video/2223119
2222904,2020,16 сентября 67 мин Эфир от 16.09.2020 (18:40). Вопросы России к ЕС по делу Навального,16 сентября,https://smotrim.ru/video/2222904
2222767,2020,16 сентября 68 мин Эфир от 16.09.2020 (12:40). По горячим следам,16 сентября,https://smotrim.ru/video/2222767
2222570,2020,15 сентября 67 мин Эфир от 15.09.2020 (18:40). Навальный вышел из комы,15 сентября,https://smotrim.ru/video/2222570
2222432,2020,15 сентября 67 мин Эфир от 15.09.2020 (12:40). По горячим следам,15 сентября,https://smotrim.ru/video/2222432
2222220,2020,14 сентября 67 мин Эфир от 14.09.2020 (18:40). Путин и Лукашенко обсудили будущее Белоруссии,14 сентября,https://smotrim.ru/video/2222220
2222085,2020,14 сентября 68 мин Эфир от 14.09.2020 (12:40). По горячим следам,14 сентября,https://smotrim.ru/video/2222085
2221553,2020,11 сентября 67 мин Эфир от 11.09.2020 (18:40). Ефремов вновь отказался от услуг адвоката Пашаева,11 сентября,https://smotrim.ru/video/2221553
2221378,2020,11 сентября 68 мин Эфир от 11.09.2020 (12:40). По горячим следам,11 сентября,https://smotrim.ru/video/2221378
2221164,2020,10 сентября 68 мин Эфир от 10.09.2020 (18:40). Помпео заговорил о подготовке вторжения РФ в Белорусс,10 сентября,https://smotrim.ru/video/2221164
2221013,2020,10 сентября 68 мин Эфир от 10.09.2020 (12:40). По горячим следам,10 сентября,https://smotrim.ru/video/2221013
2220818,2020,9 сентября 67 мин Эфир от 09.09.2020 (18:40). В Польше Тихановской подарили дом и посулили Нобелевск,9 сентября,https://smotrim.ru/video/2220818
2220697,2020,9 сентября 68 мин Эфир от 09.09.2020 (12:40). По горячим следам,9 сентября,https://smotrim.ru/video/2220697
2220473,2020,8 сентября 67 мин Эфир от 08.09.2020 (18:40). Михаилу Ефремову назначили срок,8 сентября,https://smotrim.ru/video/2220473
2220348,2020,8 сентября 68 мин Эфир от 08.09.2020 (12:40). По горячим следам,8 сентября,https://smotrim.ru/video/2220348
2220133,2020,7 сентября 67 мин Эфир от 07.09.2020 (18:40). Глава МИД Украины: цивилизацию в Россию принесли украи,7 сентября,https://smotrim.ru/video/2220133
2219996,2020,7 сентября 68 мин Эфир от 07.09.2020 (12:40). По горячим следам,7 сентября,https://smotrim.ru/video/2219996
2219100,2020,"3 сентября 67 мин Эфир от 03.09.2020 (18:40). Был ли ""Новичок"": Берлин обвинил Россию в отравлении Н",3 сентября,https://smotrim.ru/video/2219100
2218952,2020,3 сентября 68 мин Эфир от 03.09.2020 (12:40). По горячим следам,3 сентября,https://smotrim.ru/video/2218952
2218722,2020,"2 сентября 68 мин Эфир от 02.09.2020 (18:40). Германия заявляет, что Навального отравили ""Новичком""",2 сентября,https://smotrim.ru/video/2218722
2218592,2020,2 сентября 68 мин Эфир от 02.09.2020 (12:40). По горячим следам,2 сентября,https://smotrim.ru/video/2218592
2218374,2020,1 сентября 68 мин Эфир от 01.09.2020 (18:40). Лукашенко назвал Путина другом,1 сентября,https://smotrim.ru/video/2218374
2218220,2020,1 сентября 68 мин Эфир от 01.09.2020 (12:40). По горячим следам,1 сентября,https://smotrim.ru/video/2218220
2218011,2020,"31 августа 68 мин Эфир от 31.08.2020 (18:40). Ефремов обвинил журналистов в том, что признал свою ви",31 августа,https://smotrim.ru/video/2218011
2217926,2020,31 августа 68 мин Эфир от 31.08.2020 (12:40). По горячим следам,31 августа,https://smotrim.ru/video/2217926
2217450,2020,28 августа 67 мин Эфир от 28.08.2020 (18:40). Красная папка Путина озадачила Европу и США,28 августа,https://smotrim.ru/video/2217450
2217309,2020,28 августа 67 мин Эфир от 28.08.2020 (12:40). По горячим следам,28 августа,https://smotrim.ru/video/2217309
2217104,2020,27 августа 68 мин Эфир от 27.08.2020 (18:40). Россия сформировала резерв силовиков для помощи Белору,27 августа,https://smotrim.ru/video/2217104
2216994,2020,27 августа 69 мин Эфир от 27.08.2020 (12:40). По горячим следам,27 августа,https://smotrim.ru/video/2216994
2216777,2020,26 августа 67 мин Эфир от 26.08.2020 (18:40). Россия все-таки вмешалась в дела Белоруссии,26 августа,https://smotrim.ru/video/2216777
2216493,2020,25 августа 68 мин Эфир от 25.08.2020 (18:40). Тихановская выступила в Европарламенте,25 августа,https://smotrim.ru/video/2216493
2216389,2020,25 августа 67 мин Эфир от 25.08.2020 (12:40). По горячим следам,25 августа,https://smotrim.ru/video/2216389
2216188,2020,24 августа 68 мин Эфир от 24.08.2020 (18:40). Ефремов превращает суд в балаган,24 августа,https://smotrim.ru/video/2216188
2216077,2020,24 августа 69 мин Эфир от 24.08.2020 (12:40). По горячим следам,24 августа,https://smotrim.ru/video/2216077
2215659,2020,21 августа 68 мин Эфир от 21.08.2020. Ефремов отказался от услуг адвоката Пашаева,21 августа,https://smotrim.ru/video/2215659
2215533,2020,21 августа 68 мин Эфир от 21.08.2020 (12:40). По горячим следам,21 августа,https://smotrim.ru/video/2215533
2215338,2020,20 августа 68 мин Эфир от 20.08.2020 (18:40). Белорусская оппозиция обещала деньги силовикам,20 августа,https://smotrim.ru/video/2215338
2215190,2020,20 августа 68 мин Эфир от 20.08.2020 (12:40). По горячим следам,20 августа,https://smotrim.ru/video/2215190
2214967,2020,19 августа 67 мин Эфир от 19.08.2020 (18:40). ЕС не признает Лукашенко президентом Белоруссии,19 августа,https://smotrim.ru/video/2214967
2214836,2020,19 августа 67 мин Белоруссию захлестнули слухи и фейки,19 августа,https://smotrim.ru/video/2214836
2214646,2020,18 августа 68 мин Эфир от 18.08.2020 (18:40). Протесты в Белоруссии,18 августа,https://smotrim.ru/video/2214646
2214540,2020,18 августа 68 мин Эфир от 18.08.2020 (12:40). По горячим следам,18 августа,https://smotrim.ru/video/2214540
2214354,2020,17 августа 67 мин Эфир от 17.08.2020 (18:40). Александр Лукашенко – персона нон грата в ЕС,17 августа,https://smotrim.ru/video/2214354
2214233,2020,"17 августа 68 мин Эфир от 17.08.2020 (12:40). Лукашенко обещал не допустить перевыборов, если только",17 августа,https://smotrim.ru/video/2214233
2213808,2020,14 августа 68 мин Эфир от 14.08.2020. Протест в Минске не стихает,14 августа,https://smotrim.ru/video/2213808
2213686,2020,14 августа 67 мин Эфир от 14.08.2020 (12:40). Лукашенко жив и не собирается покидать Белоруссию,14 августа,https://smotrim.ru/video/2213686
2213533,2020,13 августа 5 мин В Белоруссии идет массовый вброс о российском следе (Эфир от 13.08.2020),13 августа,https://smotrim.ru/video/2213533
2213469,2020,13 августа 67 мин Эфир от 13.08.2020. От Белоруссии требуют переголосовать,13 августа,https://smotrim.ru/video/2213469
2213277,2020,13 августа 68 мин Эфир от 13.08.2020 (12:40). По горячим следам,13 августа,https://smotrim.ru/video/2213277
2213076,2020,12 августа 67 мин Эфир от 12.08.2020. Российская вакцина от COVID-19: подробности,12 августа,https://smotrim.ru/video/2213076
2212988,2020,12 августа 67 мин Эфир от 12.08.2020 (12:40). Российскую вакцину от COVID-19 хотят купить 20 стран,12 августа,https://smotrim.ru/video/2212988
2212806,2020,11 августа 68 мин Эфир от 11.08.2020. Россия зарегистрировала первую в мире вакцину от COVID-19,11 августа,https://smotrim.ru/video/2212806
2212696,2020,11 августа 68 мин Эфир от 11.08.2020 (12:40). По горячим следам,11 августа,https://smotrim.ru/video/2212696
2212507,2020,10 августа 68 мин Эфир от 10.08.2020 (18:40),10 августа,https://smotrim.ru/video/2212507
2212392,2020,10 августа 69 мин Эфир от 10.08.2020 (12:40). По горячим следам,10 августа,https://smotrim.ru/video/2212392
2211947,2020,7 августа 68 мин Эфир от 07.08.2020 (18:40). Задержанных в Белоруссии россиян подставила Украина,7 августа,https://smotrim.ru/video/2211947
2211835,2020,7 августа 68 мин Эфир от 07.08.2020 (12:40). По горячим следам,7 августа,https://smotrim.ru/video/2211835
2211671,2020,6 августа 68 мин Зеленский попросил Лукашенко выдать Украине задержанных россиян,6 августа,https://smotrim.ru/video/2211671
2211543,2020,6 августа 73 мин Эфир от 06.08.2020 (12:40). По горячим следам,6 августа,https://smotrim.ru/video/2211543
2211331,2020,5 августа 67 мин Эфир от 05.08.2020 (18:40). Ефремов не признал свою вину в суде,5 августа,https://smotrim.ru/video/2211331
2211204,2020,5 августа 69 мин Эфир от 05.08.2020 (12:40). По горячим следам,5 августа,https://smotrim.ru/video/2211204
2211019,2020,4 августа 69 мин Эфир от 04.08.2020 (18:40). Лукашенко назвал враньем информацию из Москвы по задерж,4 августа,https://smotrim.ru/video/2211019
2210931,2020,4 августа 68 мин Эфир от 04.08.2020 (12:40). По горячим следам,4 августа,https://smotrim.ru/video/2210931
2210756,2020,3 августа 68 мин Эфир от 03.08.2020 (18:40). Задержание россиян в Белоруссии,3 августа,https://smotrim.ru/video/2210756
2210664,2020,3 августа 68 мин Эфир от 03.08.2020 (12:40). По горячим следам,3 августа,https://smotrim.ru/video/2210664
2210237,2020,31 июля 68 мин Эфир от 31.07.2020 (18:40). Украина ждет передачи задержанных в Белоруссии россиян,31 июля,https://smotrim.ru/video/2210237
2210084,2020,31 июля 67 мин Эфир от 31.07.2020 (12:40). По горячим следам,31 июля,https://smotrim.ru/video/2210084
2209907,2020,30 июля 68 мин Эфир от 30.07.2020 (18:40). Первое слушание по делу Михаила Ефремова,30 июля,https://smotrim.ru/video/2209907
2209774,2020,30 июля 68 мин Эфир от 30.07.2020 (12:40). По горячим следам,30 июля,https://smotrim.ru/video/2209774
2209604,2020,29 июля 68 мин Эфир от 29.07.2020 (18:40). Суд над Михаилом Ефремовым,29 июля,https://smotrim.ru/video/2209604
2209476,2020,29 июля 59 мин Эфир от 29.07.2020 (12:40). По горячим следам,29 июля,https://smotrim.ru/video/2209476
2209323,2020,28 июля 68 мин Эфир от 28.07.2020 (18:40). В России выдана первая лицензия 5G,28 июля,https://smotrim.ru/video/2209323
2209202,2020,28 июля 68 мин Эфир от 28.07.2020 (12:40). По горячим следам,28 июля,https://smotrim.ru/video/2209202
2209010,2020,27 июля 68 мин Эфир от 27.07.2020 (18:40). В Киеве устроили новый Майдан из-за окончания войны на До,27 июля,https://smotrim.ru/video/2209010
2208900,2020,27 июля 68 мин Эфир от 27.07.2020 (12:40). По горячим следам,27 июля,https://smotrim.ru/video/2208900
2208506,2020,24 июля 68 мин Эфир от 24.07.2020 (18:40). Зеленский попросил расшифровать ему Минские соглашения,24 июля,https://smotrim.ru/video/2208506
2208363,2020,24 июля 68 мин Эфир от 24.07.2020 (12:40). По горячим следам,24 июля,https://smotrim.ru/video/2208363
2208126,2020,23 июля 67 мин Эфир от 23.07.2020 (18:40). Конгрессмены США потребовали признать Россию страной-терр,23 июля,https://smotrim.ru/video/2208126
2207983,2020,23 июля 68 мин Эфир от 23.07.2020 (12:40). По горячим следам,23 июля,https://smotrim.ru/video/2207983
2207806,2020,22 июля 68 мин Эфир от 22.07.2020 (18:40). США приказали Китаю закрыть Генконсульство в Хьюстоне,22 июля,https://smotrim.ru/video/2207806
2207698,2020,22 июля 68 мин Эфир от 22.07.2020 (12:40). По горячим следам,22 июля,https://smotrim.ru/video/2207698
2207523,2020,21 июля 68 мин Эфир от 21.07.2020 (18:40). Захват заложников на Украине,21 июля,https://smotrim.ru/video/2207523
2207393,2020,21 июля 55 мин Эфир от 21.07.2020 (12:40). По горячим следам,21 июля,https://smotrim.ru/video/2207393
2207235,2020,20 июля 68 мин Эфир от 20.07.2020 (18:40). Владимир Путин предложил Михаилу Дегтяреву возглавить Хаб,20 июля,https://smotrim.ru/video/2207235
2207120,2020,20 июля 67 мин Эфир от 20.07.2020 (12:40). По горячим следам,20 июля,https://smotrim.ru/video/2207120
2206722,2020,"17 июля 68 мин Эфир от 17.07.2020 (18:40). США, Британия и Канада обвинили российских хакеров в попы",17 июля,https://smotrim.ru/video/2206722
2206589,2020,17 июля 68 мин Эфир от 17.07.2020 (12:40). По горячим следам,17 июля,https://smotrim.ru/video/2206589
2206445,2020,16 июля 67 мин Эфир от 16.07.2020 (18:40). Донбасс не будет участвовать в украинских выборах,16 июля,https://smotrim.ru/video/2206445
2206317,2020,16 июля 68 мин Эфир от 16.07.2020 (12:40). По горячим следам,16 июля,https://smotrim.ru/video/2206317
2206137,2020,15 июля 67 мин Эфир от 15.07.2020 (18:40). Харассмент или технология сведения счетов,15 июля,https://smotrim.ru/video/2206137
2206039,2020,15 июля 68 мин Эфир от 15.07.2020 (12:40). По горячим следам,15 июля,https://smotrim.ru/video/2206039
2205870,2020,14 июля 68 мин Эфир от 14.07.2020 (18:40). Украинцы предпочитают отдых в Крыму,14 июля,https://smotrim.ru/video/2205870
2205752,2020,14 июля 68 мин Эфир от 14.07.2020 (12:40). По горячим следам,14 июля,https://smotrim.ru/video/2205752
2205581,2020,13 июля 67 мин Эфир от 13.07.2020 (18:40). Обвинение в госизмене советнику главы Роскосмоса,13 июля,https://smotrim.ru/video/2205581
2205464,2020,13 июля 68 мин Эфир от 13.07.2020 (12:40). По горячим следам,13 июля,https://smotrim.ru/video/2205464
2204982,2020,10 июля 68 мин Эфир от 10.07.2020 (18:40). Зеленскому не дают покоя лавры Клинтона,10 июля,https://smotrim.ru/video/2204982
2204899,2020,10 июля 68 мин Эфир от 10.07.2020 (12:40). По горячим следам,10 июля,https://smotrim.ru/video/2204899
2204688,2020,9 июля 68 мин Эфир от 09.07.2020 (18:40). Задержание Серея Фургала,9 июля,https://smotrim.ru/video/2204688
2204568,2020,9 июля 68 мин Эфир от 09.07.2020 (12:40). По горячим следам,9 июля,https://smotrim.ru/video/2204568
2204362,2020,8 июля 68 мин Эфир от 08.07.2020 (18:40). Зеленский признался в своей политической потенции,8 июля,https://smotrim.ru/video/2204362
2204256,2020,8 июля 68 мин Эфир от 08.07.2020 (12:40). По горячим следам,8 июля,https://smotrim.ru/video/2204256
2204021,2020,7 июля 68 мин Эфир от 07.07.2020 (18:40). Мнения людей в отношении ДТП с Ефремовым разделились,7 июля,https://smotrim.ru/video/2204021
2203938,2020,7 июля 68 мин Эфир от 07.07.2020 (12:40). По горячим следам,7 июля,https://smotrim.ru/video/2203938
2203670,2020,6 июля 68 мин Эфир от 06.07.2020 (18:40). Михаилу Ефремову предъявили обвинение,6 июля,https://smotrim.ru/video/2203670
2203549,2020,6 июля 68 мин Эфир от 06.07.2020 (12:40). По горячим следам,6 июля,https://smotrim.ru/video/2203549
2202929,2020,3 июля 68 мин Эфир от 03.07.2020 (18:40). Михаил Ефремов отказался признавать свою вину в пьяном ДТП,3 июля,https://smotrim.ru/video/2202929
2202760,2020,3 июля 68 мин Эфир от 03.07.2020 (12:40). По горячим следам,3 июля,https://smotrim.ru/video/2202760
2202505,2020,2 июля 68 мин Эфир от 02.07.2020 (18:40). Граждане России поддержали поправки в Конституцию,2 июля,https://smotrim.ru/video/2202505
2202349,2020,2 июля 68 мин Эфир от 02.07.2020 (12:40). По горячим следам,2 июля,https://smotrim.ru/video/2202349
2201667,2020,30 июня 68 мин Эфир от 30.06.2020 (18:40). Путин и Лукашенко открыли памятник солдату Великой Отечес,30 июня,https://smotrim.ru/video/2201667
2201516,2020,30 июня 68 мин Эфир от 30.06.2020 (12:40). По горячим следам,30 июня,https://smotrim.ru/video/2201516
2201230,2020,29 июня 67 мин Эфир от 29.06.2020 (18:40). Проголосовали более 40 миллионов россиян,29 июня,https://smotrim.ru/video/2201230
2200018,2020,25 июня 68 мин Эфир от 25.06.2020 (17:15). Парады Победы прошли во многих городах России,25 июня,https://smotrim.ru/video/2200018
2199922,2020,25 июня 68 мин Эфир от 25.06.2020 (12:40). По горячим следам,25 июня,https://smotrim.ru/video/2199922
2199284,2020,23 июня 35 мин Эфир от 23.06.2020 (17:15). Путин обратился к нации,23 июня,https://smotrim.ru/video/2199284
2199172,2020,23 июня 68 мин Эфир от 23.06.2020 (12:40). По горячим следам,23 июня,https://smotrim.ru/video/2199172
2198084,2020,19 июня 67 мин Эфир от 19.06.2020 (17:15). На пляжах и открытом воздухе туристам можно находиться бе,19 июня,https://smotrim.ru/video/2198084
2197952,2020,19 июня 68 мин Эфир от 19.06.2020 (12:40). По горячим следам,19 июня,https://smotrim.ru/video/2197952
2197651,2020,18 июня 67 мин Эфир от 18.06.2020 (17:15). Зеленский препятствует приезду украинских депутатов в Мос,18 июня,https://smotrim.ru/video/2197651
2197513,2020,18 июня 68 мин Эфир от 18.06.2020 (12:40). По горячим следам,18 июня,https://smotrim.ru/video/2197513
2197190,2020,17 июня 67 мин Эфир от 17.06.2020 (17:15). 25 лет трагедии в Буденновске,17 июня,https://smotrim.ru/video/2197190
2197071,2020,17 июня 68 мин Эфир от 17.06.2020 (12:40). По горячим следам,17 июня,https://smotrim.ru/video/2197071
2196768,2020,16 июня 67 мин Эфир от 16.06.2020 (17:15). США хотят заставить Германию не сотрудничать с Россией,16 июня,https://smotrim.ru/video/2196768
2196657,2020,16 июня 69 мин Эфир от 16.06.2020 (12:40). По горячим следам,16 июня,https://smotrim.ru/video/2196657
2196347,2020,15 июня 67 мин Эфир от 15.06.2020 (17:15). Вслед за США: беспорядки захлестнули Великобританию,15 июня,https://smotrim.ru/video/2196347
2196241,2020,15 июня 68 мин Эфир от 15.06.2020 (12:40). По горячим следам,15 июня,https://smotrim.ru/video/2196241
2195351,2020,11 июня 69 мин Эфир от 11.06.2020 (17:15). Михаила Ефремова допрашивают следователи,11 июня,https://smotrim.ru/video/2195351
2195240,2020,11 июня 8 мин Эфир от 11.06.2020 (12:40). По горячим следам,11 июня,https://smotrim.ru/video/2195240
2194897,2020,10 июня 69 мин Эфир от 10.06.2020 (17:15). Золотой гроб для Джорджа Флойда,10 июня,https://smotrim.ru/video/2194897
2194758,2020,10 июня 66 мин Эфир от 10.06.2020 (12:40). По горячим следам,10 июня,https://smotrim.ru/video/2194758
2178470,2020,9 июня 69 мин Эфир от 09.06.2020 (17:15). Смертельное ДТП с Михаилом Ефремовым,9 июня,https://smotrim.ru/video/2178470
2177374,2020,9 июня 71 мин Эфир от 09.06.2020 (12:40). По горячим следам,9 июня,https://smotrim.ru/video/2177374
2168532,2020,8 июня 70 мин Эфир от 08.06.2020 (17:15). Москва выходит из самоизоляции,8 июня,https://smotrim.ru/video/2168532
2167341,2020,8 июня 70 мин Эфир от 08.06.2020 (12:40). По горячим следам,8 июня,https://smotrim.ru/video/2167341
2166549,2020,"5 июня 70 мин Эфир от 05.06.2020 (17:15). Билл Гейтс заявил, что не планирует чипировать человечеств",5 июня,https://smotrim.ru/video/2166549
2166447,2020,5 июня 70 мин Эфир от 05.06.2020 (12:40). По горячим следам,5 июня,https://smotrim.ru/video/2166447
2165931,2020,4 июня 69 мин Эфир от 04.06.2020 (17:15). МЧС обещает справиться с последствиями аварии в Норильске,4 июня,https://smotrim.ru/video/2165931
2165789,2020,4 июня 71 мин Эфир от 04.06.2020 (12:40). По горячим следам,4 июня,https://smotrim.ru/video/2165789
2165444,2020,3 июня 69 мин Эфир от 03.06.2020 (17:15). Власти США не могут остановить бандитизм и мародерство,3 июня,https://smotrim.ru/video/2165444
2165317,2020,3 июня 70 мин Эфир от 03.06.2020 (12:40). По горячим следам,3 июня,https://smotrim.ru/video/2165317
2157633,2020,2 июня 69 мин Эфир от 02.06.2020 (17:15). Голосование по поправкам в Конституцию пройдет 1 июля,2 июня,https://smotrim.ru/video/2157633
2153399,2020,2 июня 70 мин Эфир от 02.06.2020 (12:40). По горячим следам,2 июня,https://smotrim.ru/video/2153399
2153047,2020,1 июня 69 мин Эфир от 01.06.2020 (17:15). Массовые беспорядки в США,1 июня,https://smotrim.ru/video/2153047
2152936,2020,1 июня 69 мин Эфир от 01.06.2020 (12:40). По горячим следам,1 июня,https://smotrim.ru/video/2152936
2152172,2020,29 мая 72 мин Эфир от 29.05.2020 (17:15). Новое телевидение для Донбасса и Крыма,29 мая,https://smotrim.ru/video/2152172
2152064,2020,29 мая 70 мин Эфир от 29.05.2020 (12:40). По горячим следам,29 мая,https://smotrim.ru/video/2152064
2151714,2020,"28 мая 70 мин Эфир от 28.05.2020 (17:15). ""Крымский момент"" Трампа",28 мая,https://smotrim.ru/video/2151714
2151589,2020,28 мая 70 мин Эфир от 28.05.2020 (12:40). По горячим следам,28 мая,https://smotrim.ru/video/2151589
2151229,2020,27 мая 70 мин Эфир от 27.05.2020 (17:15). Москва в скором времени начнет выходить из самоизоляции,27 мая,https://smotrim.ru/video/2151229
2151096,2020,27 мая 69 мин Эфир от 27.05.2020 (12:40). По горячим следам,27 мая,https://smotrim.ru/video/2151096
2150796,2020,"26 мая 71 мин Эфир от 26.05.2020 (17:15). Путин назвал даты Парада Победы и марша ""Бессмертного полк",26 мая,https://smotrim.ru/video/2150796
2150685,2020,26 мая 70 мин Эфир от 26.05.2020 (12:40). По горячим следам,26 мая,https://smotrim.ru/video/2150685
2150343,2020,25 мая 69 мин Эфир от 25.05.2020 (17:15). Обстановка в Донбассе остается напряженной,25 мая,https://smotrim.ru/video/2150343
2150204,2020,25 мая 70 мин Эфир от 25.05.2020 (12:40). По горячим следам,25 мая,https://smotrim.ru/video/2150204
2149455,2020,22 мая 70 мин Эфир от 22.05.2020 (17:15). Россия вышла на плато распространения коронавируса,22 мая,https://smotrim.ru/video/2149455
2149286,2020,22 мая 70 мин Эфир от 22.05.2020 (12:40). По горячим следам,22 мая,https://smotrim.ru/video/2149286
2148950,2020,21 мая 69 мин Эфир от 21.05.2020 (17:15). Против Порошенко завели еще одно уголовное дело,21 мая,https://smotrim.ru/video/2148950
2148816,2020,21 мая 70 мин Эфир от 21.05.2020 (12:40). По горячим следам,21 мая,https://smotrim.ru/video/2148816
2148414,2020,20 мая 69 мин Эфир от 20.05.2020 (17:15). ВСУ вновь усилили обстрелы ДНР,20 мая,https://smotrim.ru/video/2148414
2148273,2020,20 мая 70 мин Эфир от 20.05.2020 (12:40). По горячим следам,20 мая,https://smotrim.ru/video/2148273
2147923,2020,19 мая 71 мин Эфир от 19.05.2020 (17:15). Минздрав РФ рассмотрит все жалобы врачей в течение суток,19 мая,https://smotrim.ru/video/2147923
2147807,2020,19 мая 70 мин Эфир от 19.05.2020 (12:40). По горячим следам,19 мая,https://smotrim.ru/video/2147807
2147478,2020,"18 мая 70 мин Эфир от 18.05.2020 (17:15). Выплаты медикам, работающим с зараженными коронавирусом",18 мая,https://smotrim.ru/video/2147478
2147355,2020,18 мая 70 мин Эфир от 18.05.2020 (12:40). По горячим следам,18 мая,https://smotrim.ru/video/2147355
2146619,2020,15 мая 69 мин Эфир от 15.05.2020 (17:15). Шестнадцать медцентров от Минобороны в рекордные сроки,15 мая,https://smotrim.ru/video/2146619
2146514,2020,15 мая 70 мин Эфир от 15.05.2020 (12:40). По горячим следам,15 мая,https://smotrim.ru/video/2146514
2146181,2020,14 мая 69 мин Эфир от 14.05.2020 (17:15). Поголовное бесплатное тестирование на антитела к коронавир,14 мая,https://smotrim.ru/video/2146181
2146079,2020,14 мая 70 мин Эфир от 14.05.2020 (12:40). По горячим следам,14 мая,https://smotrim.ru/video/2146079
2024763,2020,13 мая 69 мин Эфир от 13.05.2020 (17:15). Деньги на детей во время самоизоляции выплатят в срок,13 мая,https://smotrim.ru/video/2024763
2024668,2020,13 мая 70 мин Эфир от 13.05.2020 (12:40). По горячим следам,13 мая,https://smotrim.ru/video/2024668
2024408,2020,"12 мая 70 мин Эфир от 12.05.2020 (17:15). Есть надежда, что Россия вышла на плато по COVID-19",12 мая,https://smotrim.ru/video/2024408
2024301,2020,12 мая 69 мин Эфир от 12.05.2020 (12:40). По горячим следам,12 мая,https://smotrim.ru/video/2024301
2024041,2020,11 мая 68 мин Эфир от 11.05.2020 (17:15). Президент объявил о завершении нерабочих дней,11 мая,https://smotrim.ru/video/2024041
2023980,2020,11 мая 70 мин Эфир от 11.05.2020 (12:40). По горячим следам,11 мая,https://smotrim.ru/video/2023980
2020931,2020,30 апреля 70 мин Эфир от 30.04.2020 (17:15). Прошел ровно месяц с начала самоизоляции,30 апреля,https://smotrim.ru/video/2020931
2020837,2020,30 апреля 70 мин Эфир от 30.04.2020 (12:40). По горячим следам,30 апреля,https://smotrim.ru/video/2020837
2020579,2020,"29 апреля 69 мин Эфир от 29.04.2020 (17:15). Общее число заболевших COVID-19 в РФ – 99,4 тысячи чело",29 апреля,https://smotrim.ru/video/2020579
2020450,2020,29 апреля 70 мин Эфир от 29.04.2020 (12:40). По горячим следам,29 апреля,https://smotrim.ru/video/2020450
2020208,2020,28 апреля 71 мин Эфир от 28.04.2020 (17:15). Как не пропустить тяжелую форму коронавируса,28 апреля,https://smotrim.ru/video/2020208
2020110,2020,28 апреля 70 мин Эфир от 28.04.2020 (12:40),28 апреля,https://smotrim.ru/video/2020110
2019862,2020,27 апреля 70 мин Эфир от 27.04.2020 (17:15). Вакцину от коронавируса начнут тестировать в начале лет,27 апреля,https://smotrim.ru/video/2019862
2019768,2020,27 апреля 70 мин Эфир от 27.04.2020 (12:40). По горячим следам,27 апреля,https://smotrim.ru/video/2019768
2019130,2020,24 апреля 69 мин Эфир от 24.04.2020 (17:15). В России появятся тесты на антитела к COVID-19,24 апреля,https://smotrim.ru/video/2019130
2018991,2020,24 апреля 70 мин Эфир от 24.04.2020 (12:40). По горячим следам,24 апреля,https://smotrim.ru/video/2018991
2018740,2020,23 апреля 70 мин Эфир от 23.04.2020 (17:15). Пропуска работают – в Москве на 70 процентов стало своб,23 апреля,https://smotrim.ru/video/2018740
2018608,2020,23 апреля 70 мин Эфир от 23.04.2020 (12:40). По горячим следам,23 апреля,https://smotrim.ru/video/2018608
2018335,2020,22 апреля 70 мин Эфир от 22.04.2020 (17:15). Петербург подошел к красной черте: 300 заразившихся COV,22 апреля,https://smotrim.ru/video/2018335
2018208,2020,22 апреля 72 мин Эфир от 22.04.2020 (12:40). По горячим следам,22 апреля,https://smotrim.ru/video/2018208
2017958,2020,21 апреля 71 мин Эфир от 21.04.2020 (17:15). Коронавирус не оставляет шансов на коллективный иммунит,21 апреля,https://smotrim.ru/video/2017958
2017869,2020,21 апреля 72 мин Эфир от 21.04.2020 (12:40). По горячим следам,21 апреля,https://smotrim.ru/video/2017869
2017599,2020,"20 апреля 71 мин Эфир от 20.04.2020 (17:15). Распространение коронавируса удалось замедлить, но обол",20 апреля,https://smotrim.ru/video/2017599
2017513,2020,20 апреля 72 мин Эфир от 20.04.2020 (12:40). По горячим следам,20 апреля,https://smotrim.ru/video/2017513
2016892,2020,"17 апреля 69 мин Эфир от 17.04.2020 (17:15). Владимир Путин заявил, что каждый регион должен быть го",17 апреля,https://smotrim.ru/video/2016892
2016777,2020,17 апреля 71 мин Эфир от 17.04.2020 (12:40). По горячим следам,17 апреля,https://smotrim.ru/video/2016777
2016519,2020,16 апреля 71 мин Эфир от 16.04.2020 (17:15). Количество заболевших в регионах превысило столичные по,16 апреля,https://smotrim.ru/video/2016519
2016352,2020,16 апреля 73 мин Эфир от 16.04.2020 (12:40). По горячим следам,16 апреля,https://smotrim.ru/video/2016352
2016121,2020,15 апреля 63 мин Эфир от 15.04.2020 (17:15). Электронные пропуска в Москве и области,15 апреля,https://smotrim.ru/video/2016121
2016000,2020,15 апреля 72 мин Эфир от 15.04.2020 (12:40). По горячим следам,15 апреля,https://smotrim.ru/video/2016000
2015753,2020,14 апреля 71 мин Эфир от 14.04.2020 (17:15). COVID-19 передается на расстояние 4 метра,14 апреля,https://smotrim.ru/video/2015753
2015651,2020,14 апреля 71 мин Эфир от 14.04.2020 (12:40). По горячим следам,14 апреля,https://smotrim.ru/video/2015651
2015390,2020,13 апреля 70 мин Эфир от 13.04.2020 (17:15). В Москве и Подмосковье вводятся цифровые пропуска,13 апреля,https://smotrim.ru/video/2015390
2015282,2020,13 апреля 72 мин Эфир от 13.04.2020 (12:40). По горячим следам,13 апреля,https://smotrim.ru/video/2015282
2014623,2020,10 апреля 70 мин Эфир от 10.04.2020 (17:15). Режим самоизоляции в Москве будет ужесточен,10 апреля,https://smotrim.ru/video/2014623
2014497,2020,10 апреля 71 мин Эфир от 10.04.2020 (12:40). По горячим следам,10 апреля,https://smotrim.ru/video/2014497
2014217,2020,9 апреля 71 мин Эфир от 09.04.2020 (17:15). Более десяти тысяч заболевших коронавирусом в России,9 апреля,https://smotrim.ru/video/2014217
2014085,2020,9 апреля 72 мин Эфир от 09.04.2020 (12:40). По горячим следам,9 апреля,https://smotrim.ru/video/2014085
2013823,2020,8 апреля 71 мин Эфир от 08.04.2020 (17:15). Обращение Владимира Путина к россиянам,8 апреля,https://smotrim.ru/video/2013823
2013720,2020,8 апреля 71 мин Эфир от 08.04.2020 (12:40). По горячим следам,8 апреля,https://smotrim.ru/video/2013720
2013434,2020,7 апреля 72 мин Эфир от 07.04.2020 (17:15). ВОЗ считает Россию одним из лучших борцов с COVID-19,7 апреля,https://smotrim.ru/video/2013434
2013330,2020,7 апреля 73 мин Эфир от 07.04.2020 (12:40). По горячим следам,7 апреля,https://smotrim.ru/video/2013330
2013056,2020,6 апреля 71 мин Эфир от 06.04.2020 (17:15). Врачи назвали COVID-19 главным вызовом нового века,6 апреля,https://smotrim.ru/video/2013056
2012942,2020,6 апреля 71 мин Эфир от 06.04.2020 (12:40). По горячим следам,6 апреля,https://smotrim.ru/video/2012942
2012293,2020,"3 апреля 66 мин Эфир от 03.04.2020. Путин объяснил, зачем нужен карантин в апреле",3 апреля,https://smotrim.ru/video/2012293
2012208,2020,3 апреля 65 мин Эфир от 03.04.2020 (12:40). По горячим следам,3 апреля,https://smotrim.ru/video/2012208
2011912,2020,2 апреля 77 мин Эфир от 02.03.2020 (17:05). Путин продлил карантин до конца месяца,2 апреля,https://smotrim.ru/video/2011912
2011796,2020,2 апреля 67 мин Эфир от 02.04.2020 (12:40). По горячим следам,2 апреля,https://smotrim.ru/video/2011796
2011520,2020,1 апреля 65 мин Эфир от 01.04.2020 (17:15). Вакцину против коронавируса испытают на добровольцах,1 апреля,https://smotrim.ru/video/2011520
2011413,2020,1 апреля 65 мин Эфир от 01.04.2020 (12:40). По горячим следам,1 апреля,https://smotrim.ru/video/2011413
2011106,2020,31 марта 77 мин Эфир от 31.03.2020. СOVID-2019. Специальный выпуск,31 марта,https://smotrim.ru/video/2011106
2010756,2020,30 марта 68 мин Эфир от 30.03.2020. По горячим следам,30 марта,https://smotrim.ru/video/2010756
2009999,2020,27 марта 53 мин Эфир от 27.03.2020 (17:25). COVID-19 опасен: россиян просят сидеть дома,27 марта,https://smotrim.ru/video/2009999
2009897,2020,27 марта 54 мин Эфир от 27.03.2020 (12:50). По горячим следам,27 марта,https://smotrim.ru/video/2009897
2009581,2020,26 марта 54 мин Эфир от 26.03.2020 (17:25). Сдержать COVID-19: серьезные меры правительства РФ,26 марта,https://smotrim.ru/video/2009581
2009461,2020,26 марта 54 мин Эфир от 26.03.2020 (12:50). По горячим следам,26 марта,https://smotrim.ru/video/2009461
2009149,2020,25 марта 50 мин Эфир от 25.03.2020 (17:25). Обращение Владимира Путина по коронавирусу,25 марта,https://smotrim.ru/video/2009149
2009041,2020,25 марта 54 мин Эфир от 25.03.2020 (12:50). По горячим следам,25 марта,https://smotrim.ru/video/2009041
2008723,2020,24 марта 54 мин Эфир от 24.03.2020 (17:25). Число зараженных коронавирусом в России составляет почти,24 марта,https://smotrim.ru/video/2008723
2008600,2020,24 марта 55 мин Эфир от 24.03.2020 (12:50). По горячим следам,24 марта,https://smotrim.ru/video/2008600
2008266,2020,23 марта 54 мин Эфир от 23.03.2020 (17:25). Коронавирус наступает,23 марта,https://smotrim.ru/video/2008266
2008157,2020,23 марта 54 мин Эфир от 23.03.2020 (12:50). По горячим следам,23 марта,https://smotrim.ru/video/2008157
2007498,2020,20 марта 54 мин Эфир от 20.03.2020 (17:25). Испытание вакцин от коронавируса,20 марта,https://smotrim.ru/video/2007498
2007298,2020,20 марта 54 мин Эфир от 20.03.2020 (12:50). По горячим следам,20 марта,https://smotrim.ru/video/2007298
2006929,2020,19 марта 54 мин Эфир от 19.03.2020 (17:25). Число заболевших коронавирусом в России выросло на полсо,19 марта,https://smotrim.ru/video/2006929
2006785,2020,19 марта 54 мин Эфир от 19.03.2020 (12:50). По горячим следам,19 марта,https://smotrim.ru/video/2006785
2006468,2020,18 марта 54 мин Эфир от 18.03.2020 (17:25). В России уже 147 зараженных коронавирусом,18 марта,https://smotrim.ru/video/2006468
2006335,2020,18 марта 54 мин Эфир от 18.03.2020 (12:50). По горячим следам,18 марта,https://smotrim.ru/video/2006335
2006009,2020,17 марта 54 мин Эфир от 17.03.2020 (17:25). В России за сутки коронавирус обнаружили еще у 21 челове,17 марта,https://smotrim.ru/video/2006009
2005892,2020,17 марта 54 мин Эфир от 17.03.2020 (12:50). По горячим следам,17 марта,https://smotrim.ru/video/2005892
2005612,2020,16 марта 53 мин Эфир от 16.03.2020 (17:25). За сутки в России выявили 30 новых случаев заражения кор,16 марта,https://smotrim.ru/video/2005612
2005477,2020,16 марта 54 мин Эфир от 16.03.2020 (12:50). По горячим следам,16 марта,https://smotrim.ru/video/2005477
2004792,2020,13 марта 58 мин Эфир от 13.03.2020 (17:25). Коронавирус в России набирает обороты,13 марта,https://smotrim.ru/video/2004792
2004681,2020,13 марта 58 мин Эфир от 13.03.2020 (12:50). По горячим следам,13 марта,https://smotrim.ru/video/2004681
2004390,2020,12 марта 58 мин Эфир от 12.03.2020 (17:25). Пандемия коронавируса,12 марта,https://smotrim.ru/video/2004390
2004275,2020,12 марта 57 мин Эфир от 12.03.2020 (12:50). По горячим следам,12 марта,https://smotrim.ru/video/2004275
2003984,2020,11 марта 58 мин Эфир от 11.03.2020 (17:25) Вирусный занавес,11 марта,https://smotrim.ru/video/2003984
2003870,2020,11 марта 56 мин Эфир от 11.03.2020 (12:50). По горячим следам,11 марта,https://smotrim.ru/video/2003870
2003644,2020,10 марта 58 мин Эфир от 10.03.2020 (17:25). Путин высказался по поправкам в Конституцию,10 марта,https://smotrim.ru/video/2003644
2003511,2020,10 марта 57 мин Эфир от 10.03.2020 (12:50). По горячим следам,10 марта,https://smotrim.ru/video/2003511
2002773,2020,6 марта 58 мин Эфир от 06.03.2020 (17:25). Еще 6 человек заразились коронавирусом в России,6 марта,https://smotrim.ru/video/2002773
2002657,2020,6 марта 57 мин Эфир от 06.03.2020 (12:50). По горячим следам,6 марта,https://smotrim.ru/video/2002657
2002311,2020,5 марта 58 мин Эфир от 05.03.2020 (17:25). Непростые российско-турецкие переговоры,5 марта,https://smotrim.ru/video/2002311
2002192,2020,5 марта 56 мин Эфир от 05.03.2020 (12:50). По горячим следам,5 марта,https://smotrim.ru/video/2002192
2001911,2020,"4 марта 58 мин Эфир от 04.03.2020 (17:25). Смертность от коронавируса втрое выше, чем от гриппа",4 марта,https://smotrim.ru/video/2001911
2001798,2020,4 марта 57 мин Эфир от 04.03.2020 (12:50). По горячим следам,4 марта,https://smotrim.ru/video/2001798
2001502,2020,3 марта 58 мин Эфир от 03.03.2020 (17:25). Фейковая атака,3 марта,https://smotrim.ru/video/2001502
2001382,2020,3 марта 57 мин Эфир от 03.03.2020 (12:50). По горячим следам,3 марта,https://smotrim.ru/video/2001382
2001113,2020,2 марта 57 мин Эфир от 02.03.2020 (17:25). Коронавирус добрался до Москвы,2 марта,https://smotrim.ru/video/2001113
2000976,2020,2 марта 56 мин Эфир от 02.03.2020 (12:50). По горячим следам,2 марта,https://smotrim.ru/video/2000976
2000301,2020,28 февраля 58 мин Эфир от 28.02.2020 (17:25). В шаге от пандемии,28 февраля,https://smotrim.ru/video/2000301
2000188,2020,28 февраля 58 мин Эфир от 28.02.2020 (12:50). По горячим следам,28 февраля,https://smotrim.ru/video/2000188
1999910,2020,27 февраля 58 мин Эфир от 27.02.2020 (17:25). Вирус не знает границ,27 февраля,https://smotrim.ru/video/1999910
1999786,2020,27 февраля 57 мин Эфир от 27.02.2020 (12:50). По горячим следам,27 февраля,https://smotrim.ru/video/1999786
1999496,2020,26 февраля 58 мин Эфир от 26.02.2020 (17:25). Украина учредила день сопротивления оккупации Крыма,26 февраля,https://smotrim.ru/video/1999496
1999398,2020,26 февраля 58 мин Эфир от 26.02.2020 (12:50). По горячим следам,26 февраля,https://smotrim.ru/video/1999398
1999095,2020,25 февраля 58 мин Эфир от 25.02.2020 (17:25). Коронавирус обрушился на Европу,25 февраля,https://smotrim.ru/video/1999095
1998980,2020,25 февраля 57 мин Эфир от 25.02.2020 (12:50). По горячим следам,25 февраля,https://smotrim.ru/video/1998980
1998252,2020,21 февраля 58 мин Эфир от 21.02.2020 (17:25). Зеленский назвал Украину средневековой Европой,21 февраля,https://smotrim.ru/video/1998252
1998141,2020,21 февраля 55 мин Эфир от 21.02.2020 (12:50). По горячим следам,21 февраля,https://smotrim.ru/video/1998141
1997883,2020,20 февраля 58 мин Эфир от 20.02.2020 (17:25). Эвакуированных из Уханя украинцев на родине встретили ,20 февраля,https://smotrim.ru/video/1997883
1997753,2020,20 февраля 56 мин Эфир от 20.02.2020 (12:50). По горячим следам,20 февраля,https://smotrim.ru/video/1997753
1997477,2020,19 февраля 57 мин Эфир от 19.02.2020 (17:25). Карантин на Diamond Princess снят,19 февраля,https://smotrim.ru/video/1997477
1997354,2020,19 февраля 56 мин Эфир от 19.02.2020 (12:50). По горячим следам,19 февраля,https://smotrim.ru/video/1997354
1997045,2020,"18 февраля 57 мин Эфир от 18.02.2020 (17:25). Коронавирусом на Diamond Princess заразился россиянин,",18 февраля,https://smotrim.ru/video/1997045
1996935,2020,18 февраля 57 мин Эфир от 18.02.2020 (12:50). По горячим следам,18 февраля,https://smotrim.ru/video/1996935
1996678,2020,17 февраля 58 мин Эфир от 17.02.2020 (17:25). Первый русский заразился,17 февраля,https://smotrim.ru/video/1996678
1996559,2020,17 февраля 57 мин Эфир от 17.02.2020 (12:50). По горячим следам,17 февраля,https://smotrim.ru/video/1996559
1995915,2020,14 февраля 57 мин Эфир от 14.02.2020 (17:25). Мажоры XXI века,14 февраля,https://smotrim.ru/video/1995915
1995788,2020,14 февраля 58 мин Эфир от 14.02.2020 (12:50). По горячим следам,14 февраля,https://smotrim.ru/video/1995788
1995466,2020,13 февраля 58 мин Эфир от 13.02.2020 (17:25). На сбежавшую из карантина петербурженку подали в суд,13 февраля,https://smotrim.ru/video/1995466
1995360,2020,13 февраля 56 мин Эфир от 13.02.2020 (12:50). По горячим следам,13 февраля,https://smotrim.ru/video/1995360
1995092,2020,12 февраля 58 мин Эфир от 12.02.2020 (17:25). Русские узники плавучей тюрьмы,12 февраля,https://smotrim.ru/video/1995092
1994989,2020,12 февраля 57 мин Эфир от 12.02.2020 (12:50). По горячим следам,12 февраля,https://smotrim.ru/video/1994989
1994708,2020,"11 февраля 58 мин Эфир от 11.02.2020 (17:25). Выписана первая пациентка, переболевшая коронавирусом ",11 февраля,https://smotrim.ru/video/1994708
1994593,2020,11 февраля 56 мин Эфир от 11.02.2020 (12:50). По горячим следам,11 февраля,https://smotrim.ru/video/1994593
1994304,2020,"10 февраля 58 мин Эфир от 10.02.2020 (17:25). Коронавирус оказался опаснее, чем предполагали",10 февраля,https://smotrim.ru/video/1994304
1994201,2020,10 февраля 57 мин Эфир от 10.02.2020 (12:50). По горячим следам,10 февраля,https://smotrim.ru/video/1994201
1993551,2020,7 февраля 58 мин Эфир от 07.02.2020 (17:25). Круизный плен,7 февраля,https://smotrim.ru/video/1993551
1993428,2020,7 февраля 57 мин Эфир от 07.02.2020 (12:50). По горячим следам,7 февраля,https://smotrim.ru/video/1993428
1993172,2020,6 февраля 58 мин Эфир от 06.02.2020 (17:25). На карантине,6 февраля,https://smotrim.ru/video/1993172
1993031,2020,6 февраля 57 мин Эфир от 06.02.2020 (12:50). По горячим следам,6 февраля,https://smotrim.ru/video/1993031
1992743,2020,5 февраля 58 мин Эфир от 05.02.2020 (17:25). Повышение цен на медицинские маски,5 февраля,https://smotrim.ru/video/1992743
1992636,2020,5 февраля 57 мин Эфир от 05.02.2020 (12:50). По горячим следам,5 февраля,https://smotrim.ru/video/1992636
1992345,2020,4 февраля 58 мин Эфир от 04.02.2020 (17:25). Россиян эвакуируют из китайского Уханя с помощью ВКС Ро,4 февраля,https://smotrim.ru/video/1992345
1992260,2020,4 февраля 53 мин Эфир от 04.02.2020 (12:50). По горячим следам,4 февраля,https://smotrim.ru/video/1992260
1991977,2020,3 февраля 57 мин Эфир от 03.02.2020 (17:25). Пик распространения коронавируса наступит через две нед,3 февраля,https://smotrim.ru/video/1991977
1991871,2020,3 февраля 56 мин Эфир от 03.02.2020 (12:50). По горячим следам,3 февраля,https://smotrim.ru/video/1991871
1991168,2020,31 января 58 мин Эфир от 31.01.2020 (17:25). На территории РФ обнаружены двое заболевших коронавирус,31 января,https://smotrim.ru/video/1991168
1991028,2020,31 января 58 мин Эфир от 31.01.2020 (12:50). По горячим следам,31 января,https://smotrim.ru/video/1991028
1990752,2020,30 января 58 мин Эфир от 30.01.2020 (17:25). На задержанном с подозрением на коронавирус лайнере – 6,30 января,https://smotrim.ru/video/1990752
1990641,2020,30 января 57 мин Эфир от 30.01.2020 (12:50). По горячим следам,30 января,https://smotrim.ru/video/1990641
1990319,2020,29 января 58 мин Эфир от 29.01.2020 (17:25). В Воронеже госпитализированы двое граждан РФ с подозрен,29 января,https://smotrim.ru/video/1990319
1990199,2020,29 января 57 мин Эфир от 29.01.2020 (12:50). По горячим следам,29 января,https://smotrim.ru/video/1990199
1989852,2020,28 января 58 мин Эфир от 28.01.2020 (17:25). История от Зеленского,28 января,https://smotrim.ru/video/1989852
1989736,2020,28 января 57 мин Эфир от 28.01.2020 (12:50). По горячим следам,28 января,https://smotrim.ru/video/1989736
1989439,2020,27 января 58 мин Эфир от 27.01.2020 (17:25). В Польше проходит День памяти жертв Холокоста,27 января,https://smotrim.ru/video/1989439
1989332,2020,27 января 57 мин Эфир от 27.01.2020 (12:50). По горячим следам,27 января,https://smotrim.ru/video/1989332
1988704,2020,24 января 58 мин Эфир от 24.01.2020 (17:25). В Китае паника из-за роста числа заразившихся коронавир,24 января,https://smotrim.ru/video/1988704
1988583,2020,24 января 58 мин Эфир от 24.01.2020 (12:50). По горячим следам,24 января,https://smotrim.ru/video/1988583
1988305,2020,23 января 58 мин Эфир от 23.01.2020 (17:25). Форум памяти жертв Холокоста. Специальный выпуск,23 января,https://smotrim.ru/video/1988305
1988196,2020,23 января 57 мин Эфир от 23.01.2020 (12:50). По горячим следам,23 января,https://smotrim.ru/video/1988196
1987865,2020,22 января 57 мин Эфир от 22.01.2020 (17:25),22 января,https://smotrim.ru/video/1987865
1987751,2020,22 января 56 мин Эфир от 22.01.2020 (12:50). По горячим следам,22 января,https://smotrim.ru/video/1987751
1987467,2020,21 января 129 мин Эфир от 21.01.2020 (17:25). Новое правительство РФ. Специальный выпуск,21 января,https://smotrim.ru/video/1987467
1987329,2020,21 января 60 мин Эфир от 21.01.2020 (12:50). По горячим следам,21 января,https://smotrim.ru/video/1987329
1987021,2020,20 января 57 мин Эфир от 20.01.2020 (17:25). Заседание Совбеза РФ и новый генпрокурор,20 января,https://smotrim.ru/video/1987021
1986890,2020,20 января 57 мин Эфир от 20.01.2020 (12:50). По горячим следам,20 января,https://smotrim.ru/video/1986890
1986229,2020,17 января 57 мин Эфир от 17.01.2020 (17:25). Кто войдет в правительство?,17 января,https://smotrim.ru/video/1986229
1986107,2020,17 января 58 мин Эфир от 17.01.2020 (12:50). По горячим следам,17 января,https://smotrim.ru/video/1986107
1985814,2020,16 января 58 мин Эфир от 16.01.2020 (17:25). В России новый премьер-министр,16 января,https://smotrim.ru/video/1985814
1985679,2020,16 января 56 мин Эфир от 16.01.2020 (12:50). По горячим следам,16 января,https://smotrim.ru/video/1985679
1985391,2020,15 января 124 мин Эфир от 15.01.2020 (17:25). Послание президента и отставка правительства,15 января,https://smotrim.ru/video/1985391
1985282,2020,15 января 39 мин Эфир от 15.01.2020 (13:00). По горячим следам,15 января,https://smotrim.ru/video/1985282
1985029,2020,14 января 58 мин Эфир от 14.01.2020 (17:25). Российско-американская лезгинка. Можем повторить?,14 января,https://smotrim.ru/video/1985029
1984914,2020,14 января 58 мин Эфир от 14.01.2020 (12:50). По горячим следам,14 января,https://smotrim.ru/video/1984914
1984575,2020,13 января 58 мин Эфир от 13.01.2020 (17:25). У главы Пентагона нет доказательств вины Сулеймани,13 января,https://smotrim.ru/video/1984575
1984448,2020,13 января 57 мин Эфир от 13.01.2020 (12:50). По горячим следам,13 января,https://smotrim.ru/video/1984448
1983552,2020,9 января 96 мин Эфир от 09.01.2020 (18:00). Специальный выпуск,9 января,https://smotrim.ru/video/1983552
2371331,2021,29 декабря 67 мин Продуктивные переговоры на высшем уровне. Эфир от 29.12.2021 (18:40),29 декабря,https://smotrim.ru/video/2371331
2371251,2021,"29 декабря 68 мин Под лозунгом ""Дипломатия и сдерживание"". Эфир от 29.12.2021",29 декабря,https://smotrim.ru/video/2371251
2371016,2021,28 декабря 68 мин В Киеве не верят в возможность сделки между РФ и США по Украине. Эфир от 28.12.202,28 декабря,https://smotrim.ru/video/2371016
2370937,2021,28 декабря 68 мин Объявлены даты переговоров РФ с США и НАТО. Эфир от 28.12.2021,28 декабря,https://smotrim.ru/video/2370937
2370679,2021,27 декабря 68 мин Предупреждение президенту Украины. Эфир от 27.12.2021 (18:40),27 декабря,https://smotrim.ru/video/2370679
2370615,2021,27 декабря 68 мин Подготовка переговоров между РФ и США по гарантиям безопасности. Эфир от 27.12.202,27 декабря,https://smotrim.ru/video/2370615
2369942,2021,24 декабря 67 мин Важный шаг в повышении безопасности России. Эфир от 24.12.2021 (18:40),24 декабря,https://smotrim.ru/video/2369942
2369772,2021,24 декабря 68 мин Пресс-конференция Путина привлекла повышенное внимание Запада. Эфир от 24.12.2021,24 декабря,https://smotrim.ru/video/2369772
2369564,2021,23 декабря 63 мин Путин о безотлагательности ответа на предложения Москвы. Эфир от 23.12.2021 (18:40,23 декабря,https://smotrim.ru/video/2369564
2369454,2021,23 декабря 45 мин Обстоятельные ответы на вопросы журналистов. Специальный выпуск. Эфир от 23.12.202,23 декабря,https://smotrim.ru/video/2369454
2369293,2021,"22 декабря 67 мин НАТО готовится к ""вторжению"" России на Украину. Эфир от 22.12.2021 (18:40)",22 декабря,https://smotrim.ru/video/2369293
2369152,2021,22 декабря 68 мин Варианты ответа РФ на экспансию НАТО на восток уже подготовлены. Эфир 22.12.2021,22 декабря,https://smotrim.ru/video/2369152
2368971,2021,21 декабря 67 мин Путин о манипуляциях Запада под прикрытием международного права. Эфир от 21.12.202,21 декабря,https://smotrim.ru/video/2368971
2368826,2021,21 декабря 68 мин О последствиях для НАТО в случае непредоставления гарантий безопасности. Эфир от 2,21 декабря,https://smotrim.ru/video/2368826
2368633,2021,"20 декабря 67 мин РФ в плане безопасности, по сути, требует вернуться к состоянию 1997 года. Эфир от",20 декабря,https://smotrim.ru/video/2368633
2368436,2021,"20 декабря 68 мин Жесткие сроки российского ""ультиматума"". Эфир от 20.12.2021",20 декабря,https://smotrim.ru/video/2368436
2367869,2021,17 декабря 67 мин Москва проверяет США и НАТО на готовность договариваться. Эфир от 17.12.2021 (18:4,17 декабря,https://smotrim.ru/video/2367869
2367740,2021,17 декабря 63 мин В НАТО не ответили на предложения Москвы по деэскалации. Эфир от 17.12.2021,17 декабря,https://smotrim.ru/video/2367740
2367487,2021,"16 декабря 67 мин В Сенате США Россию уже признали ""мировым злом"". Эфир от 16.12.2021 (18:40)",16 декабря,https://smotrim.ru/video/2367487
2367350,2021,"16 декабря 68 мин Российские военные снова запустили ""Циркон"". Эфир от 16.12.201",16 декабря,https://smotrim.ru/video/2367350
2367170,2021,15 декабря 67 мин Байден в ожидании нового саммита с Путиным. Эфир от 15.12.2021 (18:40),15 декабря,https://smotrim.ru/video/2367170
2367062,2021,15 декабря 68 мин Открытие Олимпиады в Пекине с участием Путина. Эфир от 15.12.2021,15 декабря,https://smotrim.ru/video/2367062
2366836,2021,14 декабря 67 мин Макрон позвонил Путину. Эфир от 14.12.2021 (18:40),14 декабря,https://smotrim.ru/video/2366836
2366773,2021,14 декабря 68 мин Французский фрегат в акватории Черного моря. Эфир от 14.12.2021,14 декабря,https://smotrim.ru/video/2366773
2366527,2021,13 декабря 67 мин Пока только Россия обладает гиперзвуковым оружием. Эфир от 13.12.2021 (18:40),13 декабря,https://smotrim.ru/video/2366527
2366391,2021,13 декабря 68 мин МИД РФ о военном ответе на отказ НАТО дать гарантии безопасности. Эфир от 13.12.20,13 декабря,https://smotrim.ru/video/2366391
2365778,2021,10 декабря 67 мин Глава минобороны Британии грозит России. Эфир от 10.12.2021 (18:40),10 декабря,https://smotrim.ru/video/2365778
2365583,2021,10 декабря 68 мин Провокационные действия корабля ВМС Украины. Эфир от 10.12.2021,10 декабря,https://smotrim.ru/video/2365583
2365393,2021,"9 декабря 67 мин Вашингтон проводит ""саммит за демократию"". Эфир от 09.12.2021 (18:40)",9 декабря,https://smotrim.ru/video/2365393
2365209,2021,9 декабря 68 мин США не будут воевать за Украину. Эфир от 09.12.2021,9 декабря,https://smotrim.ru/video/2365209
2364997,2021,8 декабря 67 мин Bloomberg оценило итоги онлайн-саммита РФ и США. Эфир от 08.12.2021 (18:40),8 декабря,https://smotrim.ru/video/2364997
2364846,2021,8 декабря 68 мин Общий язык найден. Эфир от 08.12.2021,8 декабря,https://smotrim.ru/video/2364846
2364670,2021,7 декабря 66 мин Виртуальный саммит президентов России и США. Эфир от 07.12.2021 (18:40),7 декабря,https://smotrim.ru/video/2364670
2364507,2021,7 декабря 68 мин США грозят РФ новыми санкциями. Эфир от 07.12.2021,7 декабря,https://smotrim.ru/video/2364507
2364285,2021,6 декабря 67 мин О приоритетах Путина и Байдена на предстоящих переговорах. Эфир от 06.12.2021 (18:4,6 декабря,https://smotrim.ru/video/2364285
2364218,2021,6 декабря 68 мин Менее суток до переговоров Путина и Байдена. Эфир от 06.12.2021,6 декабря,https://smotrim.ru/video/2364218
2363607,2021,3 декабря 67 мин Саммит президентов России и США. Эфир от 03.12.2021 (18:40),3 декабря,https://smotrim.ru/video/2363607
2363441,2021,"3 декабря 68 мин ""Госпереворот"" на Украине предотвращен. Эфир от 03.12.2021",3 декабря,https://smotrim.ru/video/2363441
2363220,2021,"2 декабря 68 мин ВСУ, похоже, готовят сокрушающий удар по Донбассу. Эфир от 02.12.2021 (18:40)",2 декабря,https://smotrim.ru/video/2363220
2363127,2021,2 декабря 68 мин НАТО исключает для РФ возможность иметь собственную сферу влияния. Эфир от 02.12.20,2 декабря,https://smotrim.ru/video/2363127
2362870,2021,1 декабря 67 мин ВСУ стянули в зону конфликта в Донбассе 125 тысяч солдат. Эфир от 01.12.2021 (18:40,1 декабря,https://smotrim.ru/video/2362870
2362769,2021,"1 декабря 68 мин Deutsche Welle о ""миллионах"" российских солдат на границе с Украиной. Эфир от 01.12",1 декабря,https://smotrim.ru/video/2362769
2362501,2021,"30 ноября 67 мин Столтенберг впервые назвал власть в России ""режимом"". Эфир от 30.11.2021 (18:40)",30 ноября,https://smotrim.ru/video/2362501
2362386,2021,30 ноября 68 мин США обложили Россию военными базами. Эфир от 30.11.2021,30 ноября,https://smotrim.ru/video/2362386
2362130,2021,29 ноября 68 мин Зеленский предложил ввести на Украину иностранные войска уже в 2022 году. Эфир от 2,29 ноября,https://smotrim.ru/video/2362130
2362028,2021,29 ноября 68 мин НАТО вновь грозит России санкциями. Эфир от 29.11.2021,29 ноября,https://smotrim.ru/video/2362028
2361494,2021,26 ноября 67 мин Почему все молчат? Эксперты об инциденте с журналисткой в Киеве. Эфир от 26.11.2021,26 ноября,https://smotrim.ru/video/2361494
2361352,2021,"26 ноября 69 мин О перевороте, вертолете и ""щупальцах"": что происходит на Украине. Эфир от 26.11.202",26 ноября,https://smotrim.ru/video/2361352
2361042,2021,"25 ноября 67 мин На восточном фланге, слово Меркель и кто торопит Зеленского. Эфир от 25.11.2021 (18",25 ноября,https://smotrim.ru/video/2361042
2360899,2021,25 ноября 68 мин Ляшко раскрыл планы Зеленского. Эфир от 25.11.2021,25 ноября,https://smotrim.ru/video/2360899
2360638,2021,24 ноября 68 мин Посольcтво США в Киеве обратилось к согражданам. Эфир от 24.11.2021 (18:40),24 ноября,https://smotrim.ru/video/2360638
2360530,2021,"24 ноября 68 мин О Байдене, НАТО и планах Рады. Эфир от 24.11.2021",24 ноября,https://smotrim.ru/video/2360530
2360261,2021,"23 ноября 68 мин О заявлении Шойгу, ""Северном потоке – 2"" и санкциях. Эфир от 23.11.2021 (18:40)",23 ноября,https://smotrim.ru/video/2360261
2360061,2021,23 ноября 68 мин В Кремле прокомментировали санкции США. Эфир от 23.11.2021,23 ноября,https://smotrim.ru/video/2360061
2359785,2021,22 ноября 68 мин Песков о Bloomberg: это нагнетание напряженности. Эфир от 22.11.2021 (18:40),22 ноября,https://smotrim.ru/video/2359785
2359775,2021,22 ноября 68 мин CBS News: все зависит от погоды. Эфир от 22.11.2021,22 ноября,https://smotrim.ru/video/2359775
2359185,2021,19 ноября 67 мин США впервые возглавила женщина. Эфир от 19.11.2021 (18:40),19 ноября,https://smotrim.ru/video/2359185
2359016,2021,"19 ноября 68 мин США готовятся к войне, не обеспечив своих военных жалованием. Эфир от 19.11.2021",19 ноября,https://smotrim.ru/video/2359016
2358736,2021,"18 ноября 67 мин Путин о ситуации в Донбассе, ""красных линиях"" и детях на границе. Эфир от 18.11.202",18 ноября,https://smotrim.ru/video/2358736
2358491,2021,"18 ноября 68 мин О мигрантах, политике Зеленского и ""Северном потоке – 2"". Эфир от 18.11.2021",18 ноября,https://smotrim.ru/video/2358491
2358333,2021,17 ноября 68 мин Что на самом деле приостановило сертификацию СП-2. Эфир от 17.11.2021 (18:40),17 ноября,https://smotrim.ru/video/2358333
2358039,2021,"17 ноября 68 мин Песков о сертификации СП-2: ""Это сложный процесс"". Эфир от 17.11.2021",17 ноября,https://smotrim.ru/video/2358039
2357897,2021,"16 ноября 68 мин Водометы, колючая проволока и знак ЕС в кадре. Эфир от 16.11.2021 (18:40)",16 ноября,https://smotrim.ru/video/2357897
2357755,2021,16 ноября 68 мин Тревожное противостояние на границе. Эфир от 16.11.2021,16 ноября,https://smotrim.ru/video/2357755
2357529,2021,15 ноября 67 мин У колючей проволоки: ситуация на границе. Эфир от 15.11.2021 (18:40),15 ноября,https://smotrim.ru/video/2357529
2357353,2021,15 ноября 68 мин Заявления Ника Картера и трактовка Вашингтона. Эфир от 15.11.2021,15 ноября,https://smotrim.ru/video/2357353
2356861,2021,12 ноября 67 мин НАТО и Британия солидарны с Польшей в ситуации с кризисом мигрантов. Эфир от 12.11.,12 ноября,https://smotrim.ru/video/2356861
2356677,2021,"12 ноября 67 мин США о риске военного ""вторжения"" России на Украину. Эфир от 12.11.2021",12 ноября,https://smotrim.ru/video/2356677
2356436,2021,11 ноября 67 мин Премьер Польши возложил на Минск и Москву ответственность за кризис с мигрантами. Э,11 ноября,https://smotrim.ru/video/2356436
2356317,2021,11 ноября 67 мин В Минске опровергли смерть 14-летнего беженца на белорусско-польской границе. Эфир ,11 ноября,https://smotrim.ru/video/2356317
2356081,2021,10 ноября 67 мин В Минобороны Польши заговорили о неминуемом военном столкновении с Белоруссией. Эфи,10 ноября,https://smotrim.ru/video/2356081
2355926,2021,10 ноября 67 мин Байден решает судьбу Украины за Зеленского. Эфир от 10.11.2021,10 ноября,https://smotrim.ru/video/2355926
2355725,2021,9 ноября 67 мин Путин обсудил с Лукашенко ситуацию на границе Польши и Белоруссии. Эфир от 09.11.202,9 ноября,https://smotrim.ru/video/2355725
2355558,2021,9 ноября 68 мин Пентагон обеспокоен перемещениями российских войск вблизи границы с Украиной. Эфир о,9 ноября,https://smotrim.ru/video/2355558
2355299,2021,8 ноября 67 мин США проверяют Россию на прочность. Эфир от 08.11.2021 (18:40),8 ноября,https://smotrim.ru/video/2355299
2355158,2021,8 ноября 68 мин Российские войска вблизи границы с Украиной наводят ужас на США. Эфир от 08.11.2021,8 ноября,https://smotrim.ru/video/2355158
2354201,2021,3 ноября 67 мин США объявили о конце периода однополярного мира. Эфир от 03.11.2021 (18:40),3 ноября,https://smotrim.ru/video/2354201
2354009,2021,3 ноября 68 мин Украинская разведка узрела стягивание российских войск к границе с Украиной. Эфир от,3 ноября,https://smotrim.ru/video/2354009
2353788,2021,2 ноября 68 мин Патрушев встретился с директором ЦРУ Бернсом. Эфир от 02.11.2021 (18:40),2 ноября,https://smotrim.ru/video/2353788
2353659,2021,2 ноября 68 мин Москву накрыл густой туман. Эфир от 02.11.2021,2 ноября,https://smotrim.ru/video/2353659
2353406,2021,1 ноября 67 мин Президент РФ о заходе корабля США в Черное море. Эфир от 01.11.2021 (18:40),1 ноября,https://smotrim.ru/video/2353406
2353284,2021,1 ноября 67 мин Союзники США выступают за упреждающий ядерный удар по РФ. Эфир от 01.11.2021,1 ноября,https://smotrim.ru/video/2353284
2352670,2021,29 октября 67 мин В Москве закрыли информбюро НАТО. Эфир от 29.10.2021 (18:40),29 октября,https://smotrim.ru/video/2352670
2352536,2021,"29 октября 68 мин Первая нитка газопровода ""Северный поток-2"" готова к запуску. Эфир от 29.10.2021",29 октября,https://smotrim.ru/video/2352536
2352359,2021,28 октября 68 мин Американские военные готовятся к Третьей мировой войне. Эфир от 28.10.2021 (18:40),28 октября,https://smotrim.ru/video/2352359
2352208,2021,28 октября 68 мин Цены на газ в Европе резко пошли вниз. Эфир от 28.10.2021,28 октября,https://smotrim.ru/video/2352208
2351978,2021,27 октября 68 мин Россияне в заложниках у украинских военных. Эфир от 27.10.2021 (18:40),27 октября,https://smotrim.ru/video/2351978
2351869,2021,27 октября 68 мин Генштаб ВСУ подтвердил использование БПЛА Bayraktar в Донбассе. Эфир от 27.10.2021,27 октября,https://smotrim.ru/video/2351869
2351621,2021,26 октября 67 мин ВСУ пытаются занять поселок на линии соприкосновения в Донбассе. Эфир от 26.10.202,26 октября,https://smotrim.ru/video/2351621
2351498,2021,26 октября 67 мин Лавров: отношений между РФ и НАТО нет. Эфир от 26.10.2021,26 октября,https://smotrim.ru/video/2351498
2351286,2021,25 октября 68 мин Минобороны РФ вручило немецкому атташе ноту из-за слов главы Бундесвера. Эфир от 2,25 октября,https://smotrim.ru/video/2351286
2351134,2021,25 октября 68 мин В Киеве обвиняют Москву в хищении украинской самоидентичности. Эфир от 25.10.2021,25 октября,https://smotrim.ru/video/2351134
2350580,2021,22 октября 67 мин Столтенберг пообещал Украине членство в НАТО. Эфир от 22.10.2021 (18:40),22 октября,https://smotrim.ru/video/2350580
2350419,2021,22 октября 68 мин НАТО готовится к военному противостоянию с Россией. Эфир от 22.10.2021,22 октября,https://smotrim.ru/video/2350419
2350187,2021,"21 октября 67 мин Минобороны РФ опубликовало кадры запуска ракеты ""Булава"". Эфир от 21.10.2021 (18:4",21 октября,https://smotrim.ru/video/2350187
2350056,2021,"21 октября 68 мин Министры обороны НАТО обсуждают ""российскую угрозу"". Эфир от 21.10.2021",21 октября,https://smotrim.ru/video/2350056
2349821,2021,20 октября 68 мин Путин подписал указ о введении нерабочих дней с 30 октября по 7 ноября. Эфир от 20,20 октября,https://smotrim.ru/video/2349821
2349683,2021,20 октября 68 мин В ожидании решения президента РФ по противодействию COVID-19. Эфир от 20.10.2021,20 октября,https://smotrim.ru/video/2349683
2349454,2021,19 октября 67 мин Глава Пентагона обрадовал Киев антироссийским заявлением. Эфир от 19.10.2021 (18:4,19 октября,https://smotrim.ru/video/2349454
2349350,2021,19 октября 68 мин Глава Пентагона прибыл с официальным визитом в Киев. Эфир от 19.10.2021,19 октября,https://smotrim.ru/video/2349350
2349097,2021,18 октября 67 мин Жесткий ответ Москвы на решение НАТО. Эфир от 18.10.2021 (18:40),18 октября,https://smotrim.ru/video/2349097
2348935,2021,"18 октября 68 мин ""Северный поток-2"" готов к запуску. Эфир от 18.10.2021",18 октября,https://smotrim.ru/video/2348935
2348344,2021,15 октября 67 мин Немцев призвали свести к минимуму потребление газа. Эфир от 15.10.2021 (18:40),15 октября,https://smotrim.ru/video/2348344
2348175,2021,15 октября 68 мин Канцелярия Елизаветы II назвала Севастополь российским городом. Эфир от 15.10.2021,15 октября,https://smotrim.ru/video/2348175
2347917,2021,14 октября 67 мин На Западе отказываются верить в непригодность ГТС Украины для транзита газа. Эфир ,14 октября,https://smotrim.ru/video/2347917
2347784,2021,14 октября 63 мин Журналистка из США прославилась на весь мир благодаря Путину. Эфир от 14.10.2021,14 октября,https://smotrim.ru/video/2347784
2347555,2021,13 октября 67 мин Главное событие сегодняшнего дня. Эфир от 13.10.2021 (18:40),13 октября,https://smotrim.ru/video/2347555
2347437,2021,13 октября 68 мин Мир замер в ожидании выступления президента РФ. Эфир от 13.10.2021,13 октября,https://smotrim.ru/video/2347437
2347214,2021,12 октября 68 мин Позиции Москвы и Вашингтона пока плохо стыкуются. Эфир от 12.10.2021 (18:40),12 октября,https://smotrim.ru/video/2347214
2347098,2021,12 октября 68 мин В МИД РФ прибыла главный эксперт Вашингтона по России и Украине. Эфир от 12.10.202,12 октября,https://smotrim.ru/video/2347098
2346882,2021,11 октября 67 мин В Британии за дефицит туалетной бумаги винят Россию. Эфир от 11.10.2021 (18:40),11 октября,https://smotrim.ru/video/2346882
2346745,2021,"11 октября 67 мин В Киеве обвинили Россию в развязывании ""газовой войны"" в Европе. Эфир от 11.10.202",11 октября,https://smotrim.ru/video/2346745
2346126,2021,8 октября 67 мин В США призвали РФ не использовать газ как инструмент политического принуждения. Эфи,8 октября,https://smotrim.ru/video/2346126
2345998,2021,8 октября 68 мин Лавров назвал причину энергокризиса в Европе. Эфир от 08.10.2021,8 октября,https://smotrim.ru/video/2345998
2345775,2021,7 октября 68 мин Веское слово президента России. Эфир от 07.10.2021 (18:40),7 октября,https://smotrim.ru/video/2345775
2345655,2021,7 октября 68 мин Путин не дал замерзнуть Европе. Эфир от 07.10.2021,7 октября,https://smotrim.ru/video/2345655
2345417,2021,6 октября 63 мин Сербия просит помощи у президента РФ. Эфир от 06.10.2021 (18:40),6 октября,https://smotrim.ru/video/2345417
2345297,2021,6 октября 65 мин Миссия по налаживанию отношений. Эфир от 06.10.2021,6 октября,https://smotrim.ru/video/2345297
2345004,2021,5 октября 67 мин Цены на газ в Европе взяли новую высоту. Эфир от 05.10.2021 (18:40),5 октября,https://smotrim.ru/video/2345004
2344860,2021,5 октября 67 мин Новый рекорд цен на газ в ожидании холодной зимы. Эфир от 05.10.2021,5 октября,https://smotrim.ru/video/2344860
2344666,2021,"4 октября 68 мин Дания дала добро на эксплуатацию одной из ниток ""Северного потока-2"". Эфир от 04.10",4 октября,https://smotrim.ru/video/2344666
2344498,2021,4 октября 68 мин Саакашвили грозит до шести лет тюрьмы . Эфир от 04.10.2021,4 октября,https://smotrim.ru/video/2344498
2343872,2021,"1 октября 67 мин В Киеве заявляют, что РФ подсаживает Европу на ""газовый героин"". Эфир от 01.10.2021",1 октября,https://smotrim.ru/video/2343872
2343672,2021,"1 октября 68 мин ""Газпром"" начал поставлять газ в обход Украины. Эфир от 01.10.2021",1 октября,https://smotrim.ru/video/2343672
2343353,2021,30 сентября 67 мин Ни дня без газового рекорда в Европе. Эфир от 30.09.2021 (18:40),30 сентября,https://smotrim.ru/video/2343353
2343085,2021,30 сентября 68 мин Цена на газ в Европе достигла 1150 долларов США. Эфир от 30.09.2021,30 сентября,https://smotrim.ru/video/2343085
2342776,2021,29 сентября 67 мин Путин дружески приветствовал Эрдогана. Эфир от 29.09.2021 (18:40),29 сентября,https://smotrim.ru/video/2342776
2342646,2021,"29 сентября 68 мин Конгресс США не оставляет надежду остановить ""Северный поток-2"". Эфир от 29.09.20",29 сентября,https://smotrim.ru/video/2342646
2342364,2021,28 сентября 68 мин В Британии люди уже дерутся за бензин. Эфир от 28.09.2021 (18:40),28 сентября,https://smotrim.ru/video/2342364
2342239,2021,28 сентября 68 мин Новый скачок цен на газ в Европе. Эфир от 28.09.2021,28 сентября,https://smotrim.ru/video/2342239
2342014,2021,"27 сентября 68 мин Газовый контракт ""Газпрома"" с Венгрией в обход Украины. Эфир от 27.09.2021 (18:40",27 сентября,https://smotrim.ru/video/2342014
2341869,2021,27 сентября 68 мин Провал консерваторов. Эфир от 27.09.2021,27 сентября,https://smotrim.ru/video/2341869
2341298,2021,"24 сентября 67 мин ""Оскар"" для президента Зеленского. Эфир от 24.09.2021 (18:40)",24 сентября,https://smotrim.ru/video/2341298
2341115,2021,24 сентября 67 мин Запад встревожило заявление Патрушева. Эфир от 24.09.2021,24 сентября,https://smotrim.ru/video/2341115
2340799,2021,23 сентября 67 мин Зеленский отправил ООН на пенсию. Эфир от 23.09.2021 (18:40),23 сентября,https://smotrim.ru/video/2340799
2340716,2021,23 сентября 68 мин Лавров о возможности членства РФ в НАТО. Эфир от 23.09.2021,23 сентября,https://smotrim.ru/video/2340716
2340397,2021,22 сентября 68 мин Украина возвращается в 1990-е годы. Эфир от 22.09.2021 (18:40),22 сентября,https://smotrim.ru/video/2340397
2340142,2021,22 сентября 68 мин На Украине обстреляли автомобиль помощника Зеленского. Эфир от 22.09.2021,22 сентября,https://smotrim.ru/video/2340142
2339854,2021,21 сентября 67 мин Зеленский в Нью-Йорке обнародует план по возвращению Крыма. Эфир от 21.09.2021 (1,21 сентября,https://smotrim.ru/video/2339854
2339723,2021,21 сентября 68 мин Украинская армия обстреляла школу-интернат в Донбассе. Эфир от 21.09.2021,21 сентября,https://smotrim.ru/video/2339723
2339442,2021,20 сентября 67 мин Самолет МЧС прибыл в Пермь для помощи пострадавшим при стрельбе. Эфир от 20.09.20,20 сентября,https://smotrim.ru/video/2339442
2339379,2021,20 сентября 3 мин О беспрецедентном уровне внешнего вмешательства в думские выборы,20 сентября,https://smotrim.ru/video/2339379
2339327,2021,20 сентября 67 мин Восемь человек погибли в результате стрельбы в пермском вузе. Эфир от 20.09.2021,20 сентября,https://smotrim.ru/video/2339327
2338643,2021,17 сентября 68 мин Президент проголосовал онлайн на выборах в Госдуму. Эфир от 17.09.2021 (18:40),17 сентября,https://smotrim.ru/video/2338643
2338538,2021,17 сентября 68 мин В России стартовали трехдневные выборы в Госдуму РФ. Эфир от 17.09.2021,17 сентября,https://smotrim.ru/video/2338538
2338265,2021,16 сентября 61 мин Путин проголосует на выборах онлайн. Эфир от 16.09.2021 (18:40),16 сентября,https://smotrim.ru/video/2338265
2338127,2021,16 сентября 67 мин Путин останется на самоизоляции еще около недели. Эфир от 16.09.2021,16 сентября,https://smotrim.ru/video/2338127
2337865,2021,15 сентября 61 мин Путин работает в обычном режиме. Эфир от 15.09.2021 (18:45),15 сентября,https://smotrim.ru/video/2337865
2337640,2021,15 сентября 62 мин Учения ВСУ на границе с Крымом. Эфир от 15.09.2021,15 сентября,https://smotrim.ru/video/2337640
2337388,2021,14 сентября 62 мин Путин отменил поездку на саммит ОДКБ в Душанбе. Эфир от 14.09.2021 (18:45),14 сентября,https://smotrim.ru/video/2337388
2337177,2021,14 сентября 63 мин Путин объявил об уходе на режим самоизоляции. Эфир от 14.09.2021,14 сентября,https://smotrim.ru/video/2337177
2336950,2021,"13 сентября 57 мин Путин прибыл на полигон Мулино для наблюдения за учениями ""Запад-2021"". Эфир от 1",13 сентября,https://smotrim.ru/video/2336950
2336749,2021,"13 сентября 63 мин Путин понаблюдает за учениями ""Запад-2021"" на полигоне Мулино. Эфир от 13.09.2021",13 сентября,https://smotrim.ru/video/2336749
2336192,2021,"10 сентября 63 мин Строительство ""Северного потока-2"" завершено. Эфир от 10.09.2021 (18:40)",10 сентября,https://smotrim.ru/video/2336192
2335989,2021,"10 сентября 64 мин Стартовали военные учения ""Запад-2021"". Эфир от 10.09.2021",10 сентября,https://smotrim.ru/video/2335989
2335767,2021,9 сентября 63 мин Переговоры Путина и Лукашенко в Кремле. Эфир от 09.09.2021 (18:45),9 сентября,https://smotrim.ru/video/2335767
2335604,2021,9 сентября 64 мин Двое жителей Донецка получили ранения при обстреле ВСУ. Эфир от 09.09.2021,9 сентября,https://smotrim.ru/video/2335604
2335367,2021,"8 сентября 63 мин Глава МЧС РФ погиб, спасая человека. Эфир от 08.09.2021 (18:45)",8 сентября,https://smotrim.ru/video/2335367
2335101,2021,"8 сентября 63 мин Глава СБУ определил главные ""угрозы"" безопасности Украины. Эфир от 08.09.2021",8 сентября,https://smotrim.ru/video/2335101
2334849,2021,7 сентября 63 мин В Раде предложили признать террористами ФСБ и Генштаб России. Эфир от 07.09.2021 (,7 сентября,https://smotrim.ru/video/2334849
2334715,2021,7 сентября 63 мин ФСБ назвала организаторов диверсии на газопроводе в Крыму. Эфир от 07.09.2021,7 сентября,https://smotrim.ru/video/2334715
2334488,2021,"6 сентября 63 мин Уложена последняя труба второй нитки ""Северного потока – 2"". Эфир от 06.09.2021 (1",6 сентября,https://smotrim.ru/video/2334488
2334319,2021,6 сентября 64 мин Новый главком ВСУ захотел проехать на танке по Красной площади. Эфир от 06.09.2021,6 сентября,https://smotrim.ru/video/2334319
2333697,2021,3 сентября 64 мин Лавров об американской экспансии. Эфир от 03.09.2021 (18:40),3 сентября,https://smotrim.ru/video/2333697
2333542,2021,3 сентября 65 мин Путин о политике насильственной демократизации. Эфир от 03.09.2021,3 сентября,https://smotrim.ru/video/2333542
2333326,2021,2 сентября 64 мин В МИД РФ призвали ввести оружейное эмбарго в отношении Украины. Эфир от 02.09.2021,2 сентября,https://smotrim.ru/video/2333326
2333174,2021,2 сентября 64 мин В Кремле оценили встречу Байдена и Зеленского. Эфир от 02.09.2021,2 сентября,https://smotrim.ru/video/2333174
2333006,2021,1 сентября 63 мин Зеленский уже записал в историю предстоящую встречу с Байденом. Эфир от 01.09.2021,1 сентября,https://smotrim.ru/video/2333006
2332835,2021,1 сентября 64 мин Путин о ситуации в Афганистане. Эфир от 01.09.2021,1 сентября,https://smotrim.ru/video/2332835
2332596,2021,31 августа 65 мин Американских солдат в Афганистане больше нет. Эфир от 31.08.2021 (18:40),31 августа,https://smotrim.ru/video/2332596
2332388,2021,31 августа 65 мин В Москве не злорадствуют в связи с провалом афганской миссии США. Эфир от 31.08.20,31 августа,https://smotrim.ru/video/2332388
2332164,2021,30 августа 63 мин Долгожданный визит Зеленского в Вашингтон. Эфир от 30.08.2021 (18:45),30 августа,https://smotrim.ru/video/2332164
2332044,2021,30 августа 73 мин Двое детей в Горловке получили ранения в результате обстрела ВСУ. Эфир от 30.08.20,30 августа,https://smotrim.ru/video/2332044
2331505,2021,27 августа 64 мин Молниеносная реакция главы государства. Эфир от 27.08.2021 (18:45),27 августа,https://smotrim.ru/video/2331505
2331328,2021,27 августа 65 мин Уйти красиво не удастся. Эфир от 27.08.2021,27 августа,https://smotrim.ru/video/2331328
2331074,2021,26 августа 65 мин Теракт в аэропорту Кабула. Эфир от 26.08.2021 (18:40),26 августа,https://smotrim.ru/video/2331074
2330884,2021,26 августа 65 мин В ожидании потенциального теракта в аэропорту Кабула. Эфир от 26.08.2021,26 августа,https://smotrim.ru/video/2330884
2330664,2021,"25 августа 65 мин ""Талибан"" запретил афганцам выезд из страны. Эфир от 25.08.2021 (18:40)",25 августа,https://smotrim.ru/video/2330664
2330500,2021,25 августа 65 мин Глава ЦРУ не смог договориться с талибами о продлении сроков эвакуации. Эфир от 25,25 августа,https://smotrim.ru/video/2330500
2330291,2021,24 августа 65 мин Зеленский со слезами на военном параде в Киеве. Эфир от 24.08.2021 (18:40),24 августа,https://smotrim.ru/video/2330291
2330126,2021,24 августа 65 мин Украина празднует 30-летие независимости. Эфир от 24.08.2021,24 августа,https://smotrim.ru/video/2330126
2329841,2021,"23 августа 64 мин ""Крымская платформа"" ждет капитуляции от России. Эфир от 23.08.2021 (18:40)",23 августа,https://smotrim.ru/video/2329841
2329646,2021,23 августа 65 мин Пиар-акция президента Зеленского. Эфир от 23.08.2021,23 августа,https://smotrim.ru/video/2329646
2329083,2021,20 августа 68 мин Путин назвал не самой успешной операцией уход США из Афганистана. Эфиры 20.08.2021,20 августа,https://smotrim.ru/video/2329083
2328953,2021,20 августа 68 мин Плохой знак в преддверии дня независимости Украины. Эфир от 20.08.2021,20 августа,https://smotrim.ru/video/2328953
2328697,2021,"19 августа 67 мин Экзистенциальный кризис ""Талибана"", по Байдену. Эфир от 19.08.2021 (18:40)",19 августа,https://smotrim.ru/video/2328697
2328563,2021,19 августа 68 мин Шойгу за штурвалом танка Т-80. Эфир от 19.08.2021,19 августа,https://smotrim.ru/video/2328563
2328228,2021,18 августа 68 мин США поставили под вопрос свою надежность как союзника. Эфир от 18.08.2021 (18:40),18 августа,https://smotrim.ru/video/2328228
2328151,2021,18 августа 68 мин Летчики ВВС США потрясены обнаружением останков человека в нише шасси лайнера. Эфи,18 августа,https://smotrim.ru/video/2328151
2327843,2021,17 августа 67 мин Трагические события в аэропорту Кабула. Эфир от 17.08.2021 (18:40),17 августа,https://smotrim.ru/video/2327843
2327736,2021,17 августа 68 мин Афганцы обезумели из-за страха перед талибами. Эфир от 17.08.2021 (12:40),17 августа,https://smotrim.ru/video/2327736
2327518,2021,16 августа 67 мин Прогнозы американской разведки не сбылись. Эфир от 16.08.2021 (18:40),16 августа,https://smotrim.ru/video/2327518
2327401,2021,16 августа 68 мин Талибы захватили власть в Афганистане. Эфир от 16.08.2021 (12:40),16 августа,https://smotrim.ru/video/2327401
2326899,2021,13 августа 68 мин Певица Максим вышла из комы. Эфир от 13.08.2021 (18:40),13 августа,https://smotrim.ru/video/2326899
2326712,2021,13 августа 68 мин Скончалась еще одна пострадавшая после взрыва автобуса в Воронеже. Эфир от 13.08.2,13 августа,https://smotrim.ru/video/2326712
2326502,2021,12 августа 67 мин Байден о мировом доминировании США. Эфир от 12.08.2021 (18:40),12 августа,https://smotrim.ru/video/2326502
2326396,2021,12 августа 67 мин США провели испытания МБК Minuteman III. Эфир от 12.08.2021,12 августа,https://smotrim.ru/video/2326396
2326187,2021,11 августа 67 мин Литовцы восстали против антиковидных ограничений. Эфир от 11.08.2021 (18:40),11 августа,https://smotrim.ru/video/2326187
2326074,2021,11 августа 68 мин Жаркая ночь в демократической Литве. Эфир от 11.08.2021,11 августа,https://smotrim.ru/video/2326074
2325781,2021,10 августа 68 мин Украина предложила развернуть на своей территории силы ПВО США. Эфир от 10.08.2021,10 августа,https://smotrim.ru/video/2325781
2325642,2021,10 августа 67 мин Жесткие заявления Лукашенко в адрес Зеленского. Эфир от 10.08.2021 (12:40),10 августа,https://smotrim.ru/video/2325642
2325436,2021,9 августа 67 мин На пороге первой космической. Эфир от 09.08.2021 (18:40),9 августа,https://smotrim.ru/video/2325436
2325344,2021,9 августа 68 мин Информационное оружие против России. Эфир от 09.08.2021 (12:40),9 августа,https://smotrim.ru/video/2325344
2324890,2021,"6 августа 68 мин Отдых с риском для жизни, Эфир от 06.08.2021 (18:40)",6 августа,https://smotrim.ru/video/2324890
2324749,2021,"6 августа 68 мин Журналисты СNN нашли в Белоруссии ""концлагерь"" для политзаключенных. Эфир от 06.08.",6 августа,https://smotrim.ru/video/2324749
2324546,2021,5 августа 67 мин Зеленский выгоняет русских из Донбасса. Эфир от 05.08.2021 (18:40),5 августа,https://smotrim.ru/video/2324546
2324424,2021,5 августа 68 мин Зеленский пробивает новое дно. Эфир от 05.08.2021,5 августа,https://smotrim.ru/video/2324424
2324241,2021,4 августа 68 мин Радостная новость для Украины. Эфир от 04.08.2021 (18:40),4 августа,https://smotrim.ru/video/2324241
2324145,2021,"4 августа 51 мин Обезврежен мужчина, угрожавший взорвать правительство Украины. Эфир от 04.08.2021",4 августа,https://smotrim.ru/video/2324145
2323746,2021,3 августа 22 мин Нетрадиционный атлетизм как визитная карточка Олимпиады в Токио. Эфир от 03.08.2021,3 августа,https://smotrim.ru/video/2323746
2323422,2021,2 августа 67 мин Конец эпохи однополярного мира. Эфир от 02.08.2021 (12:15),2 августа,https://smotrim.ru/video/2323422
2322977,2021,"30 июля 66 мин Феномен пирамид, сегрегация на детской площадке, дом НКВД. Эфир от 30.07.2021 (18:40)",30 июля,https://smotrim.ru/video/2322977
2322845,2021,"30 июля 68 мин Глава ""Слуги народа"" Арахамия грезит о шантаже ядерным оружием. Эфир от 30.07.2021",30 июля,https://smotrim.ru/video/2322845
2322605,2021,"29 июля 67 мин Тихановская и Байден, Зеленский и угрозы, Олимпиада и победы. Эфир от 29.07.2021 (18:",29 июля,https://smotrim.ru/video/2322605
2322257,2021,28 июля 68 мин Зеленский выступил с речью об историческом пути Украины. Эфир от 28.07.2021 (18:40),28 июля,https://smotrim.ru/video/2322257
2322083,2021,"28 июля 68 мин Крещение Руси, скандал на Олимпиаде и демократия в США. Эфир от 28.07.2021",28 июля,https://smotrim.ru/video/2322083
2321890,2021,27 июля 68 мин США идут по пути Советского Союза. Эфир от 27.07.2021 (18:40),27 июля,https://smotrim.ru/video/2321890
2321564,2021,26 июля 68 мин Украинский политолог рассказал о подмоченной репутации Германии. Эфир от 26.07.2021 (,26 июля,https://smotrim.ru/video/2321564
2321453,2021,26 июля 68 мин ЕСПЧ отклонил жалобу России на Украину. Эфир от 26.07.2021,26 июля,https://smotrim.ru/video/2321453
2321002,2021,"23 июля 68 мин Жесткая посадка в тайге, резонансные ДТП и особняк Сафонова. Эфир от 23.07.2021 (18:4",23 июля,https://smotrim.ru/video/2321002
2320782,2021,"23 июля 68 мин Украина теряет все из-за ""Северного потока-2"" и готовится к российской агрессии. Эфир",23 июля,https://smotrim.ru/video/2320782
2320556,2021,"22 июля 64 мин Новые соглашения по ""Северному потоку-2"", первая жалоба России против Украины. Эфир о",22 июля,https://smotrim.ru/video/2320556
2320408,2021,22 июля 63 мин Россия подала в ЕСПЧ жалобу на Украину. Эфир от 22.07.2021,22 июля,https://smotrim.ru/video/2320408
2320188,2021,"21 июля 68 мин Страсти по ""Северному потоку – 2"". Эфир от 21.07.21 (18.40)",21 июля,https://smotrim.ru/video/2320188
2320005,2021,"21 июля 68 мин ""Шах и мат"" от ""Сухого"". Эфир от 21.07.2021",21 июля,https://smotrim.ru/video/2320005
2319828,2021,20 июля 67 мин Новый российский истребитель в центре внимания. Эфир от 20.07.2021 (18:40),20 июля,https://smotrim.ru/video/2319828
2319659,2021,20 июля 67 мин Русский язык запрещают на Украине. Эфир от 20.07.2021,20 июля,https://smotrim.ru/video/2319659
2319282,2021,19 июля 68 мин Зачем Украине боевые учения с Шотландией. Эфир от 19.07.2021,19 июля,https://smotrim.ru/video/2319282
2318635,2021,16 июля 68 мин Телефонное мошенничество как национальное бедствие. Эфир от 16.07.2021 (18:40),16 июля,https://smotrim.ru/video/2318635
2318389,2021,16 июля 68 мин Европа уходит под воду. Эфир от 16.07.2021,16 июля,https://smotrim.ru/video/2318389
2318148,2021,15 июля 67 мин Для свержения власти на Кубе в США готовы на крайности. Эфир от 15.07.2021 (18:40),15 июля,https://smotrim.ru/video/2318148
2317943,2021,15 июля 68 мин Связь между убийством президента Гаити и покушением на главу Венесуэлы. Эфир от 15.07,15 июля,https://smotrim.ru/video/2317943
2317725,2021,14 июля 68 мин Архитектор параллельной реальности на Украине. Эфир от 14.07.2021 (18:40),14 июля,https://smotrim.ru/video/2317725
2317598,2021,14 июля 68 мин Косяк с легализацией марихуаны на Украине. Эфир от 14.07.2021,14 июля,https://smotrim.ru/video/2317598
2317330,2021,13 июля 68 мин ЕСПЧ обязал Россию признать однополые браки. Эфир от 13.07.2021 (18:40),13 июля,https://smotrim.ru/video/2317330
2317170,2021,13 июля 68 мин Зеленский не смог прочесть до конца статью Путина. Эфир от 13.07.2021,13 июля,https://smotrim.ru/video/2317170
2316901,2021,12 июля 67 мин Статья Путина об историческом единстве русских и украинцев. Эфир от 12.07.2021 (18:40,12 июля,https://smotrim.ru/video/2316901
2316781,2021,12 июля 68 мин Обезумевшие фанаты превратили Лондон в настоящий ад. Эфир от 12.07.2021,12 июля,https://smotrim.ru/video/2316781
2316136,2021,9 июля 68 мин Криминальный бизнес на коронавирусе. Эфир от 09.07.2021 (18:40),9 июля,https://smotrim.ru/video/2316136
2315964,2021,9 июля 69 мин Байден о грандиозном успехе миссии США в Афганистане. Эфир от 09.07.2021,9 июля,https://smotrim.ru/video/2315964
2315705,2021,8 июля 67 мин Сигнал воздушной тревоги прервал президента Литвы и премьера Испании. Эфир от 08.07.20,8 июля,https://smotrim.ru/video/2315705
2315572,2021,8 июля 68 мин Британский флот продолжит заходить в воды РФ у берегов Крыма. Эфир от 08.07.2021,8 июля,https://smotrim.ru/video/2315572
2315313,2021,7 июля 67 мин НАТО испытывает на прочность оборону России. Эфир от 07.07.2021 (18:40),7 июля,https://smotrim.ru/video/2315313
2315156,2021,7 июля 72 мин Не допустили нарушения госграницы РФ. Эфир от 07.07.2021,7 июля,https://smotrim.ru/video/2315156
2314907,2021,"6 июля 67 мин ""Северный поток-2"" не дает покоя президенту Украины. Эфир от 06.07.2021 (18:40)",6 июля,https://smotrim.ru/video/2314907
2314815,2021,6 июля 67 мин Бандеровщина как национальная идеология Украины. Эфир от 06.07.2021,6 июля,https://smotrim.ru/video/2314815
2314579,2021,5 июля 54 мин На Украине с помпой отметили День независимости США. Эфир от 05.07.2021 (18:40),5 июля,https://smotrim.ru/video/2314579
2314442,2021,5 июля 62 мин Украина угрожает ударами по российским военным кораблям. Эфир от 05.07.2021,5 июля,https://smotrim.ru/video/2314442
2313924,2021,2 июля 68 мин Уголовное наказание за фейковые сертификаты о вакцинации. Эфир от 02.07.2021 (18:40),2 июля,https://smotrim.ru/video/2313924
2313762,2021,2 июля 68 мин Русофобы ликуют в связи с принятием закона о коренных народах Украины. Эфир от 02.07.2,2 июля,https://smotrim.ru/video/2313762
2313575,2021,1 июля 56 мин Русских исключили из числа коренных народов Украины. Эфир от 01.07.2021 (18:40),1 июля,https://smotrim.ru/video/2313575
2313341,2021,1 июля 43 мин Слова Путина о единстве русских и украинцев взбудоражили политикум в Киеве. Эфир от 01,1 июля,https://smotrim.ru/video/2313341
2313132,2021,"30 июня 68 мин Путин в ходе ""Прямой линии"" ответил почти на 70 вопросов россиян. Эфир от 30.06.2021 ",30 июня,https://smotrim.ru/video/2313132
2313073,2021,30 июня 51 мин Путин ответил на волнующие россиян вопросы. Эфир от 30.06.2021 (15:50),30 июня,https://smotrim.ru/video/2313073
2312712,2021,"29 июня 62 мин ""Сушки"" напугали экипаж голландского эсминца в Черном море. Эфир от 29.06.2021 (18:40",29 июня,https://smotrim.ru/video/2312712
2312567,2021,29 июня 68 мин Евросоюз пригрозил новыми санкциями России. Эфир от 29.06.2021,29 июня,https://smotrim.ru/video/2312567
2312345,2021,28 июня 67 мин Москву накрыл сильнейший ливень. Эфир от 23.06.2021 (18:40),28 июня,https://smotrim.ru/video/2312345
2312209,2021,28 июня 68 мин Американский ракетный эсминец в Черном море. Эфир от 28.06.2021,28 июня,https://smotrim.ru/video/2312209
2311651,2021,25 июня 68 мин Как уберечься от неприятностей. Эфир от 25.06.2021 (18:30),25 июня,https://smotrim.ru/video/2311651
2311530,2021,25 июня 69 мин ФСБ РФ представило полный отчет об инциденте с британским эсминцем. Эфир от 25.06.202,25 июня,https://smotrim.ru/video/2311530
2311299,2021,24 июня 67 мин Жесткая реакция на вторжение британского эсминца в территориальные воды РФ. Эфир от 2,24 июня,https://smotrim.ru/video/2311299
2311161,2021,24 июня 68 мин Самое крупное в 21 веке военное обострение между РФ и Британией. Эфир от 24.06.2021,24 июня,https://smotrim.ru/video/2311161
2310924,2021,23 июня 68 мин Грубая провокация британских военных. Эфир от 23.06.2021 (17:30),23 июня,https://smotrim.ru/video/2310924
2310815,2021,"23 июня 68 мин Быть открытыми, несмотря на прошлое! Эфир от 23.06.2021",23 июня,https://smotrim.ru/video/2310815
2310235,2021,21 июня 51 мин Украинское злорадство потопу в Ялте. Эфир от 21.06.2021 (17:30),21 июня,https://smotrim.ru/video/2310235
2310154,2021,21 июня 68 мин Антироссийская речевка в украинской армии. Эфир от 21.06.2021,21 июня,https://smotrim.ru/video/2310154
2309497,2021,18 июня 67 мин Путин созвал Совбез по итогам саммита РФ-США. Эфир от 18.06.2021 (17:30),18 июня,https://smotrim.ru/video/2309497
2309381,2021,"18 июня 67 мин Байден утверждает, что бросил Путину вызов в Женеве. Эфир от 18.06.2021",18 июня,https://smotrim.ru/video/2309381
2309131,2021,17 июня 67 мин Слухи о деменции Байдена не соответствуют действительности.Эфир от 17.06.2021 (17:30),17 июня,https://smotrim.ru/video/2309131
2309027,2021,17 июня 68 мин Прорыва в отношениях Россия-США не произошло. Эфир от 17.06.2021,17 июня,https://smotrim.ru/video/2309027
2308777,2021,16 июня 78 мин Президенты РФ и США завершили встречу в Женеве. Эфир от 16.06.2021 (18:40),16 июня,https://smotrim.ru/video/2308777
2308635,2021,16 июня 68 мин Женева принимает историческую встречу. Эфир от 16.06.2021,16 июня,https://smotrim.ru/video/2308635
2308432,2021,15 июня 67 мин До саммита Россия-США остаются считанные часы. Эфир от 15.06.2021 (18:40),15 июня,https://smotrim.ru/video/2308432
2308306,2021,15 июня 68 мин Судьбоносная встреча лидеров двух супердержав. Эфир от 15.06.2021,15 июня,https://smotrim.ru/video/2308306
2307492,2021,11 июня 68 мин Как уберечься от лжеполицейских и мнимых соцработников. Эфир от 11.06.2021 (18:40),11 июня,https://smotrim.ru/video/2307492
2307360,2021,"11 июня 67 мин ""Северный поток-2"" уже заполняют газом. Эфир от 11.06.2021",11 июня,https://smotrim.ru/video/2307360
2307098,2021,10 июня 68 мин Объявлено место встречи Путина и Байдена в Женеве. Эфир от 10.06.2021 (18:40),10 июня,https://smotrim.ru/video/2307098
2306980,2021,10 июня 68 мин Путин жестко высказался по Украине. Эфир от 10.06.2021,10 июня,https://smotrim.ru/video/2306980
2306750,2021,9 июня 68 мин В Белом доме раскрыли причину катания Байдена на велосипеде. Эфир от 09.06.2021 (18:40,9 июня,https://smotrim.ru/video/2306750
2306608,2021,9 июня 68 мин В окружении Зеленского заявили об угрозе его жизни. Эфир от 09.06.2021,9 июня,https://smotrim.ru/video/2306608
2306348,2021,"8 июня 68 мин В Вашингтоне назвали реальностью ""Северный поток-2"". Эфир от 08.06.2021 (18:40)",8 июня,https://smotrim.ru/video/2306348
2306215,2021,8 июня 68 мин Долгожданный разговор Байдена с Зеленским состоялся. Эфир от 08.06.2021,8 июня,https://smotrim.ru/video/2306215
2305919,2021,7 июня 68 мин От Байдена требуют проявить жесткость на встрече с Путиным. Эфир от 07.06.2021 (18:40),7 июня,https://smotrim.ru/video/2305919
2305778,2021,7 июня 68 мин На Украине началась газовая паника. Эфир от 07.06.2021,7 июня,https://smotrim.ru/video/2305778
2305213,2021,"4 июня 62 мин ""Северный поток-2"" готов к наполнению газом. Эфир от 04.06.2021 (18:40)",4 июня,https://smotrim.ru/video/2305213
2305061,2021,4 июня 68 мин Путин готов обсуждать с Байденом любые темы. Эфир от 04.06.2021,4 июня,https://smotrim.ru/video/2305061
2304783,2021,3 июня 68 мин Оппоненты в США издеваются над Байденом перед Женевой. Эфир от 03.06.2021 (18:40),3 июня,https://smotrim.ru/video/2304783
2304648,2021,"3 июня 68 мин ""Русская мафия"" оставила Америку без мяса. Эфир от 03.06.2021",3 июня,https://smotrim.ru/video/2304648
2304445,2021,2 июня 6 мин Конгрессмены США уже проводят совещание в офисе Зеленского,2 июня,https://smotrim.ru/video/2304445
2304391,2021,2 июня 68 мин Провокации за две недели до саммита в Женеве. Эфир от 02.06.2021 (18:40),2 июня,https://smotrim.ru/video/2304391
2304255,2021,2 июня 68 мин НАТО поставит на Украину вооружения под прикрытием учений. Эфир от 02.06.2021,2 июня,https://smotrim.ru/video/2304255
2303982,2021,1 июня 67 мин Россия и Белоруссия прорабатывают открытие рейсов в Крым. Эфир от 01.06.2021 (18:40),1 июня,https://smotrim.ru/video/2303982
2303842,2021,1 июня 68 мин Евросоюз предложил США совместное антироссийское заявление. Эфир от 01.06.2021,1 июня,https://smotrim.ru/video/2303842
2303590,2021,31 мая 68 мин Белорусская оппозиция перешла на визг. Эфир от 31.05.2021 (18:40),31 мая,https://smotrim.ru/video/2303590
2303472,2021,31 мая 68 мин Переговоры Путина и Лукашенко в Сочи длились более пяти часов. Эфир от 31.05.2021,31 мая,https://smotrim.ru/video/2303472
2302858,2021,28 мая 68 мин В Москве обналичили сувенирные купюры. Эфир от 28.05.2021 (18:40),28 мая,https://smotrim.ru/video/2302858
2302724,2021,"28 мая 67 мин 11 миллионов евро за ""голову"" Лукашенко. Эфир от 28.05.2021",28 мая,https://smotrim.ru/video/2302724
2302421,2021,27 мая 68 мин Маргиналы в Европе переживают из-за саммита РФ-США. Эфир от 27.05.2021 (18:40),27 мая,https://smotrim.ru/video/2302421
2302266,2021,27 мая 68 мин Польский президент публично оскорбил Россию. Эфир от 27.05.2021,27 мая,https://smotrim.ru/video/2302266
2301992,2021,"26 мая 67 мин Кремль не ожидает от встречи Путина с Байденом ""перезагрузки"" в отношениях РФ-США. Эфи",26 мая,https://smotrim.ru/video/2301992
2301858,2021,26 мая 68 мин Президент Лукашенко прервал молчание. Эфир от 26.05.2021,26 мая,https://smotrim.ru/video/2301858
2301604,2021,25 мая 68 мин Встреча Путина с Байденом состоится 16 июня в Женеве. Эфир от 25.05.2021 (18:40),25 мая,https://smotrim.ru/video/2301604
2301468,2021,25 мая 67 мин Евросоюз закрыл небо для Белоруссии. Эфир от 25.05.2021,25 мая,https://smotrim.ru/video/2301468
2301206,2021,"24 мая 68 мин ЕС, США и НАТО намерены закрыть небо над Белоруссией. Эфир от 24.05.2021 (18:40)",24 мая,https://smotrim.ru/video/2301206
2301078,2021,24 мая 68 мин ЕС может остановить полеты над Белоруссией. Эфир от 24.05.2021,24 мая,https://smotrim.ru/video/2301078
2300404,2021,21 мая 68 мин Риски: как распознать и избежать. Эфир от 21.05.2021 (18:40),21 мая,https://smotrim.ru/video/2300404
2300252,2021,"21 мая 68 мин Рада потребовала от Конгресса США остановить ""Северный поток-2"". Эфир от 21.05.2021",21 мая,https://smotrim.ru/video/2300252
2299987,2021,20 мая 68 мин Путин предостерег от попыток посягательства на территорию РФ. Эфир от 20.05.2021 (18:4,20 мая,https://smotrim.ru/video/2299987
2299803,2021,20 мая 68 мин Глава МИД РФ провел очные переговоры с госсекретарем США. Эфир от 20.05.2021,20 мая,https://smotrim.ru/video/2299803
2299528,2021,19 мая 68 мин Лавров и Блинкен встречаются в Рейкьявике. Эфир от 19.05.2021 (18:40),19 мая,https://smotrim.ru/video/2299528
2299389,2021,19 мая 68 мин Байден смягчает политику в отношении России. Эфир от 19.05.2021,19 мая,https://smotrim.ru/video/2299389
2299102,2021,18 мая 67 мин США обозначили встречу Путина с Байденом. Эфир от 18.05.2021,18 мая,https://smotrim.ru/video/2299102
2298951,2021,"18 мая 68 мин Украина, Молдавия и Грузия создают клуб адептов ЕС и НАТО. Эфир от 18.05.2021",18 мая,https://smotrim.ru/video/2298951
2298693,2021,"17 мая 68 мин Киев фактически признал, что Виктор Медведчук является заложником. Эфир от 17.05.2021 ",17 мая,https://smotrim.ru/video/2298693
2297947,2021,14 мая 68 мин Казанский убийца и откуда исходят угрозы. Эфир от 14.05.2021 (18:40),14 мая,https://smotrim.ru/video/2297947
2297790,2021,14 мая 68 мин Владимир Зеленский дал официальный старт политическим репрессиям в стране. Эфир от 14.,14 мая,https://smotrim.ru/video/2297790
2297544,2021,13 мая 67 мин Путин назвал варварством бойню в казанской гимназии. Эфир от 13.05.2021 (18:40),13 мая,https://smotrim.ru/video/2297544
2297397,2021,13 мая 67 мин Наркологическая экспертиза не нашла следов наркотиков у Ильназа Галявиева. Эфир от 13.,13 мая,https://smotrim.ru/video/2297397
2297184,2021,12 мая 68 мин Убийцу детей доставили в суд для избрания меры пресечения. Эфир от 12.05.2021 (18:40),12 мая,https://smotrim.ru/video/2297184
2296998,2021,12 мая 68 мин Тяжелораненые при нападении на казанскую школу дети направлены в Москву. Эфир от 12.05,12 мая,https://smotrim.ru/video/2296998
2296727,2021,11 мая 68 мин Бойня в Казани: шесть детей в крайне тяжелом состоянии. Эфир от 11.05.2021 (18:40),11 мая,https://smotrim.ru/video/2296727
2296567,2021,11 мая 68 мин В результате нападения на школу в Казани погибли 7 детей и учитель. Эфир от 11.05.2021,11 мая,https://smotrim.ru/video/2296567
2293980,2021,30 апреля 68 мин Государство в стороне не останется. Эфир от 30.04.2021 (18:40),30 апреля,https://smotrim.ru/video/2293980
2293851,2021,30 апреля 68 мин США переходят в режим прекращения дипломатических отношений с Россией. Эфир от 30.0,30 апреля,https://smotrim.ru/video/2293851
2293538,2021,29 апреля 67 мин Путин ответил русофобам в Евросоюзе. Эфир от 29.04.2021 (18:40),29 апреля,https://smotrim.ru/video/2293538
2293386,2021,29 апреля 68 мин Празднование 100 дней президентства Байден начал с угроз в адрес России. Эфир от 29,29 апреля,https://smotrim.ru/video/2293386
2293086,2021,28 апреля 68 мин Лавров призвал снисходительно относится к заявлениям Белого дома. Эфир от 28.04.202,28 апреля,https://smotrim.ru/video/2293086
2292925,2021,28 апреля 68 мин Новая инициатива Зеленского: встретиться с Владимиром Путиным в Ватикане. Эфир от 2,28 апреля,https://smotrim.ru/video/2292925
2292623,2021,"27 апреля 69 мин Зеленский выступил за ""модернизацию"" минских соглашений. Эфир от 27.04.2021 (18:40)",27 апреля,https://smotrim.ru/video/2292623
2292472,2021,27 апреля 68 мин Европа грозит отключить Россию от системы платежей SWIFT. Эфир от 27.04.2021,27 апреля,https://smotrim.ru/video/2292472
2292205,2021,"26 апреля 68 мин Зеленский, похоже, созрел для встречи с президентом России. Эфир от 26.04.2021 (18:",26 апреля,https://smotrim.ru/video/2292205
2292075,2021,26 апреля 68 мин США возглавили список недружественных России государств. Эфир от 26.04.2021,26 апреля,https://smotrim.ru/video/2292075
2291455,2021,"23 апреля 68 мин Опасности, с которыми может столкнуться каждый. Эфир от 23.04.2021 (18:40)",23 апреля,https://smotrim.ru/video/2291455
2291280,2021,23 апреля 68 мин Владимир Путин готов встретиться с президентом Украины в Москве. Эфир от 23.04.2021,23 апреля,https://smotrim.ru/video/2291280
2290980,2021,"22 апреля 67 мин Путин: мы готовы обсуждать с Киевом двусторонние отношения, но не Донбасс. Эфир от ",22 апреля,https://smotrim.ru/video/2290980
2290839,2021,22 апреля 68 мин Эфир от 22.04.2021 (12:40). По горячим следам,22 апреля,https://smotrim.ru/video/2290839
2290598,2021,21 апреля 68 мин Послание президента: ответ на провокации будет ассиметричным и жестким. Эфир от 21.,21 апреля,https://smotrim.ru/video/2290598
2290478,2021,21 апреля 24 мин Эфир от 21.04.2021 (13:00) По горячим следам,21 апреля,https://smotrim.ru/video/2290478
2290220,2021,20 апреля 68 мин Украинского представителя в ПАСЕ председатель лишил голоса. Эфир от 20.04.2021 (18:,20 апреля,https://smotrim.ru/video/2290220
2290070,2021,20 апреля 68 мин Эфир от 20.04.2021 (12:40) По горячим следам,20 апреля,https://smotrim.ru/video/2290070
2289823,2021,19 апреля 67 мин Европа чертит вокруг России новые красные линии. Эфир от 19.04.2021 (18:40),19 апреля,https://smotrim.ru/video/2289823
2289698,2021,19 апреля 68 мин Эфир от 19.04.2021 (12:40). По горячим следам,19 апреля,https://smotrim.ru/video/2289698
2289104,2021,16 апреля 68 мин Мошенников и преступников пандемия не пугает. Эфир от 16.04.2021 (18:40),16 апреля,https://smotrim.ru/video/2289104
2288963,2021,16 апреля 67 мин Эфир от 16.04.2021 (12:40). По горячим следам,16 апреля,https://smotrim.ru/video/2288963
2288719,2021,15 апреля 68 мин Байден объявил РФ чрезвычайной угрозой для безопасности США. Эфир от 15.04.2021 (18,15 апреля,https://smotrim.ru/video/2288719
2288576,2021,15 апреля 68 мин Эфир от 15.04.2021 (12:40). По горячим следам,15 апреля,https://smotrim.ru/video/2288576
2288300,2021,14 апреля 68 мин Путин и Байден провели деловую и продолжительную беседу. Эфир от 14.04.2021 (18:40),14 апреля,https://smotrim.ru/video/2288300
2288172,2021,14 апреля 68 мин Эфир от 14.04.2021 (12:40). По горячим следам,14 апреля,https://smotrim.ru/video/2288172
2287922,2021,13 апреля 68 мин Байден предложил встречу Путину. Эфир от 13.04.2021 (18:40),13 апреля,https://smotrim.ru/video/2287922
2287778,2021,13 апреля 68 мин Эфир от 13.04.2021 (12:40). По горячим следам,13 апреля,https://smotrim.ru/video/2287778
2287502,2021,12 апреля 68 мин Киев на пути к безрассудству. Эфир от 12.04.2021 (18:40),12 апреля,https://smotrim.ru/video/2287502
2287326,2021,12 апреля 67 мин Эфир от 12.04.2021 (12:40). По горячим следам,12 апреля,https://smotrim.ru/video/2287326
2286687,2021,"9 апреля 68 мин Спецвыпуск: опасные гонки, мошенники на рассаде и голая фотосессия. Эфир от 09.04.20",9 апреля,https://smotrim.ru/video/2286687
2286530,2021,9 апреля 68 мин Эфир от 09.04.2021 (12:40). По горячим следам,9 апреля,https://smotrim.ru/video/2286530
2286241,2021,8 апреля 67 мин Эфир от 08.04.2021 (18:40). Президент Зеленский проинспектировал войска в Донбассе,8 апреля,https://smotrim.ru/video/2286241
2286086,2021,8 апреля 68 мин Эфир от 08.04.2021 (12:40). По горячим следам,8 апреля,https://smotrim.ru/video/2286086
2285829,2021,7 апреля 67 мин Эфир от 07.04.2021 (18:40). Россия не планирует вмешиваться в конфликт в Донбассе,7 апреля,https://smotrim.ru/video/2285829
2285667,2021,7 апреля 68 мин Эфир от 07.04.2021 (12:40). По горячим следам,7 апреля,https://smotrim.ru/video/2285667
2285403,2021,6 апреля 68 мин Эфир от 06.04.2021 (18:40). НАТО обвиняет Россию в эскалации конфликта в Донбассе,6 апреля,https://smotrim.ru/video/2285403
2285268,2021,6 апреля 68 мин Эфир от 06.04.2021 (12:40). По горячим следам,6 апреля,https://smotrim.ru/video/2285268
2285011,2021,5 апреля 68 мин Эфир от 05.04.2021 (18:40). ВС Украины полностью готовы к полномасштабной операции в,5 апреля,https://smotrim.ru/video/2285011
2284867,2021,5 апреля 68 мин Эфир от 05.04.2021 (12:40). По горячим следам,5 апреля,https://smotrim.ru/video/2284867
2284244,2021,"2 апреля 80 мин Эфир от 02.04.2021 (18:40) Спецвыпуск: вооруженные бандиты, домашнее насилие и чинов",2 апреля,https://smotrim.ru/video/2284244
2284112,2021,2 апреля 69 мин Эфир от 02.04.2021 (12:40). По горячим следам,2 апреля,https://smotrim.ru/video/2284112
2283860,2021,"1 апреля 67 мин Эфир от 01.04.2021 (18:40). ""Северный поток-2"" подвергся нападению неопознанного фло",1 апреля,https://smotrim.ru/video/2283860
2283703,2021,1 апреля 68 мин Эфир от 01.04.2021 (12:40). По горячим следам,1 апреля,https://smotrim.ru/video/2283703
2283440,2021,31 марта 68 мин Эфир от 31.03.2021 (18:40). ВСУ готовятся штурмовать Донбасс,31 марта,https://smotrim.ru/video/2283440
2283281,2021,31 марта 68 мин Эфир от 31.03.2021 (12:40). По горячим следам,31 марта,https://smotrim.ru/video/2283281
2283008,2021,30 марта 68 мин Эфир от 30.03.2021 (18:40). Рада объявила Донбасс зоной российско-украинского военно,30 марта,https://smotrim.ru/video/2283008
2282865,2021,30 марта 68 мин Эфир от 30.03.2021 (12:40). По горячим следам,30 марта,https://smotrim.ru/video/2282865
2282619,2021,"29 марта 67 мин Эфир от 29.03.2021 (18:40) Не шутка: в Незалежной людей лечат, как крупный рогатый с",29 марта,https://smotrim.ru/video/2282619
2282494,2021,29 марта 68 мин Эфир от 29.03.2021 (12:40). По горячим следам,29 марта,https://smotrim.ru/video/2282494
2281903,2021,26 марта 68 мин Эфир от 26.03.2021 (18:40) Березовский: что стало с семьей и долгами влиятельного ол,26 марта,https://smotrim.ru/video/2281903
2281758,2021,26 марта 68 мин Эфир от 26.03.2021 (12:40). По горячим следам,26 марта,https://smotrim.ru/video/2281758
2281492,2021,25 марта 62 мин Эфир от 25.03.2021 (18:40) Украина рискует остаться без вакцины и Донбасса,25 марта,https://smotrim.ru/video/2281492
2281345,2021,25 марта 68 мин Эфир от 25.03.2021 (12:40). По горячим следам,25 марта,https://smotrim.ru/video/2281345
2281077,2021,24 марта 67 мин Эфир от 24.03.2021 (18:40). Генсек НАТО фактически объявил новую холодную войну РФ,24 марта,https://smotrim.ru/video/2281077
2280933,2021,24 марта 68 мин Эфир от 24.03.2021 (12:40). По горячим следам,24 марта,https://smotrim.ru/video/2280933
2280675,2021,23 марта 67 мин Эфир от 23.03.2021 (18:40). В ожидании вакцинации президента РФ,23 марта,https://smotrim.ru/video/2280675
2280528,2021,23 марта 68 мин Эфир от 23.03.2021 (12:40). По горячим следам,23 марта,https://smotrim.ru/video/2280528
2280275,2021,"22 марта 67 мин Эфир от 22.03.2021 (18:40) Стала известна дата прививки российского президента от ""C",22 марта,https://smotrim.ru/video/2280275
2280132,2021,22 марта 68 мин Эфир от 22.03.2021 (12:40). По горячим следам,22 марта,https://smotrim.ru/video/2280132
2279512,2021,19 марта 67 мин Эфир от 19.03.2021 (18:40) Дуэль между Путиным и Байденом обещает быть жаркой,19 марта,https://smotrim.ru/video/2279512
2279366,2021,19 марта 62 мин Эфир от 19.03.2021 (12:40). По горячим следам,19 марта,https://smotrim.ru/video/2279366
2279079,2021,18 марта 57 мин Эфир от 18.03.2021. Специальный выпуск,18 марта,https://smotrim.ru/video/2279079
2278964,2021,18 марта 68 мин Эфир от 18.03.2021 (12:40). По горячим следам,18 марта,https://smotrim.ru/video/2278964
2278710,2021,17 марта 67 мин Эфир от 17.03.2021 (18:40). Байден: курс на разрыв отношений?,17 марта,https://smotrim.ru/video/2278710
2278564,2021,17 марта 68 мин Эфир от 17.03.2021 (12:40). По горячим следам,17 марта,https://smotrim.ru/video/2278564
2278303,2021,16 марта 67 мин Эфир от 16.03.2021 (18:40). Смертоносность британской AstraZeneca,16 марта,https://smotrim.ru/video/2278303
2278157,2021,16 марта 68 мин Эфир от 16.03.2021 (12:40). По горячим следам,16 марта,https://smotrim.ru/video/2278157
2277910,2021,"15 марта 67 мин Эфир от 15.03.2021. ЕС официально запросил ""Спутник V""",15 марта,https://smotrim.ru/video/2277910
2277790,2021,15 марта 68 мин Эфир от 15.03.2021 (12:40). По горячим следам,15 марта,https://smotrim.ru/video/2277790
2277127,2021,13 марта 32 мин В войне вакцин побежденными оказываются люди,13 марта,https://smotrim.ru/video/2277127
2277150,2021,12 марта 67 мин Эфир от 12.03.2021 (18:40) Специальный выпуск: как не попасться на уловки маркетолог,12 марта,https://smotrim.ru/video/2277150
2277000,2021,12 марта 67 мин Эфир от 12.03.2021 (12:40). По горячим следам,12 марта,https://smotrim.ru/video/2277000
2276722,2021,"11 марта 68 мин У Байдена нет шансов остановить ""Северный поток-2""",11 марта,https://smotrim.ru/video/2276722
2276572,2021,11 марта 68 мин Эфир от 11.03.2021 (12:40). По горячим следам,11 марта,https://smotrim.ru/video/2276572
2276323,2021,"10 марта 68 мин В Конгрессе США требуют санкций против ""Северного потока-2""",10 марта,https://smotrim.ru/video/2276323
2276179,2021,10 марта 67 мин Эфир от 10.03.2021 (12:40). По горячим следам,10 марта,https://smotrim.ru/video/2276179
2275927,2021,"9 марта 67 мин ""Северный поток-2"" как угроза США",9 марта,https://smotrim.ru/video/2275927
2275791,2021,9 марта 67 мин Эфир от 09.03.2021 (12:40). По горячим следам,9 марта,https://smotrim.ru/video/2275791
2274885,2021,5 марта 67 мин Эфир от 05.03.2021 (12:40). По горячим следам,5 марта,https://smotrim.ru/video/2274885
2274629,2021,"4 марта 67 мин США vs ""Северный поток-2"": остановить любой ценой",4 марта,https://smotrim.ru/video/2274629
2274447,2021,4 марта 68 мин Эфир от 04.03.2021 (12:40). По горячим следам,4 марта,https://smotrim.ru/video/2274447
2274196,2021,3 марта 67 мин Эфир от 03.03.2021 (18:40) Новые санкции Байдена не затрагивают жизненно важные сферы,3 марта,https://smotrim.ru/video/2274196
2274064,2021,3 марта 68 мин Эфир от 03.03.2021 (12:40). По горячим следам,3 марта,https://smotrim.ru/video/2274064
2273806,2021,2 марта 67 мин Эфир от 02.03.2021 (18:40) Евросоюз и США синхронно ввели санкции против РФ за Наваль,2 марта,https://smotrim.ru/video/2273806
2273676,2021,2 марта 68 мин Эфир от 02.03.2021 (12:40). По горячим следам,2 марта,https://smotrim.ru/video/2273676
2273419,2021,"1 марта 72 мин На Украине запущена вакцинация ""сырой"" вакциной из Индии",1 марта,https://smotrim.ru/video/2273419
2273286,2021,1 марта 68 мин Эфир от 01.03.2021 (12:40). По горячим следам,1 марта,https://smotrim.ru/video/2273286
2272667,2021,26 февраля 67 мин Эфир от 26.02.2021 (18:40). Мрачный юбилей Варшавского договора,26 февраля,https://smotrim.ru/video/2272667
2272514,2021,26 февраля 67 мин Эфир от 26.02.2021 (12:40). По горячим следам,26 февраля,https://smotrim.ru/video/2272514
2272253,2021,25 февраля 67 мин Эфир от 25.02.2021 (18:40). Власти Украины утратили логику и здравый смысл,25 февраля,https://smotrim.ru/video/2272253
2272124,2021,25 февраля 68 мин Эфир от 25.02.2021 (12:40). По горячим следам,25 февраля,https://smotrim.ru/video/2272124
2271877,2021,"24 февраля 67 мин Эфир от 24.02.2021 (18:40) США прогнули на выход из ""Северного потока-2"" 18 европе",24 февраля,https://smotrim.ru/video/2271877
2271733,2021,24 февраля 68 мин Эфир от 24.02.2021 (12:40). По горячим следам,24 февраля,https://smotrim.ru/video/2271733
2270706,2021,19 февраля 67 мин Эфир от 19.02.2021 (18:40). Эксклюзивное заявление Санкина из СИЗО и другие актуал,19 февраля,https://smotrim.ru/video/2270706
2270580,2021,19 февраля 67 мин Эфир от 19.02.2021 (12:40). По горячим следам,19 февраля,https://smotrim.ru/video/2270580
2270304,2021,18 февраля 67 мин Эфир от 18.02.2021 (18:40). ЕС собирается ввести новые санкции против России,18 февраля,https://smotrim.ru/video/2270304
2270187,2021,18 февраля 67 мин Эфир от 18.02.2021 (12:40). По горячим следам,18 февраля,https://smotrim.ru/video/2270187
2269936,2021,17 февраля 60 мин Эфир от 17.02.2021 (18:40). Европа требует от РФ наплевать на решение российского ,17 февраля,https://smotrim.ru/video/2269936
2269813,2021,17 февраля 68 мин Эфир от 17.02.2021 (12:40). По горячим следам,17 февраля,https://smotrim.ru/video/2269813
2269564,2021,"16 февраля 67 мин Эфир от 16.02.2021 (18:40). Строить или не строить ""Северный поток-2""",16 февраля,https://smotrim.ru/video/2269564
2269384,2021,16 февраля 67 мин Эфир от 16.02.2021 (12:40). По горячим следам,16 февраля,https://smotrim.ru/video/2269384
2269100,2021,15 февраля 68 мин Эфир от 15.02.2021 (18:40) Сергей Лавров: никаких отношений между Россией и ЕС поч,15 февраля,https://smotrim.ru/video/2269100
2268965,2021,15 февраля 68 мин Эфир от 15.02.2021 (12:40). По горячим следам,15 февраля,https://smotrim.ru/video/2268965
2268331,2021,12 февраля 67 мин Эфир от 12.02.2021 (18:40). Методичку Шарпа обкатывают на России,12 февраля,https://smotrim.ru/video/2268331
2268163,2021,12 февраля 66 мин Эфир от 12.02.2021 (12:40). По горячим следам,12 февраля,https://smotrim.ru/video/2268163
2267914,2021,"11 февраля 67 мин Эфир от 11.02.2021 (18:40). Украина официально запретила ""Спутник V""",11 февраля,https://smotrim.ru/video/2267914
2267787,2021,11 февраля 68 мин Эфир от 11.02.2021 (12:40). По горячим следам,11 февраля,https://smotrim.ru/video/2267787
2267522,2021,10 февраля 79 мин Эфир от 10.02.2021 (18:40) Европарламент готовит санкции против России под давлени,10 февраля,https://smotrim.ru/video/2267522
2267358,2021,10 февраля 68 мин Эфир от 10.02.2021 (12:40). По горячим следам,10 февраля,https://smotrim.ru/video/2267358
2267114,2021,9 февраля 67 мин Эфир от 09.02.2021 (18:40) Команда Навального призналась в приверженности Шарпу,9 февраля,https://smotrim.ru/video/2267114
2266968,2021,9 февраля 68 мин Эфир от 09.02.2021 (12:40). По горячим следам,9 февраля,https://smotrim.ru/video/2266968
2266708,2021,8 февраля 67 мин Эфир от 08.02.2021 (18:40). Запад хочет сделать тему Навального главной в диалоге с,8 февраля,https://smotrim.ru/video/2266708
2266566,2021,8 февраля 68 мин Эфир от 08.02.2021 (12:40). По горячим следам,8 февраля,https://smotrim.ru/video/2266566
2266013,2021,"5 февраля 68 мин Эфир от 05.02.2021 (18:40) Сторонники Навального разработали ""суперплан"" по его осв",5 февраля,https://smotrim.ru/video/2266013
2265862,2021,5 февраля 67 мин Эфир от 05.02.2021 (12:40). По горячим следам,5 февраля,https://smotrim.ru/video/2265862
2265587,2021,4 февраля 68 мин Эфир от 04.02.2021 (18:40) Первый визит Борреля в Россию в должности главы дипломат,4 февраля,https://smotrim.ru/video/2265587
2265435,2021,4 февраля 68 мин Эфир от 04.02.2021 (12:40). По горячим следам,4 февраля,https://smotrim.ru/video/2265435
2265163,2021,3 февраля 79 мин Эфир от 03.02.2021 (18:40). Германия готовит санкции по Навальному,3 февраля,https://smotrim.ru/video/2265163
2265037,2021,3 февраля 67 мин Эфир от 03.02.2021 (12:40). По горячим следам,3 февраля,https://smotrim.ru/video/2265037
2264796,2021,2 февраля 67 мин Эфир от 02.02.2021 (18:40). Дело Навального в Мосгорсуде,2 февраля,https://smotrim.ru/video/2264796
2264674,2021,2 февраля 68 мин Эфир от 02.02.2021 (12:40). По горячим следам,2 февраля,https://smotrim.ru/video/2264674
2264444,2021,1 февраля 67 мин Эфир от 01.02.2021 (18:40) Навальный договаривается с США по антироссийским санкция,1 февраля,https://smotrim.ru/video/2264444
2264322,2021,1 февраля 67 мин Эфир от 01.02.2021 (12:40). По горячим следам,1 февраля,https://smotrim.ru/video/2264322
2263791,2021,"29 января 68 мин Эфир от 29.01.2021 (18:40) Сенсация: чем оказался ""сказочный дворец"" Путина",29 января,https://smotrim.ru/video/2263791
2263641,2021,29 января 67 мин Эфир от 29.01.2021 (12:40). По горячим следам,29 января,https://smotrim.ru/video/2263641
2263365,2021,"28 января 66 мин Эфир от 28.01.2021 (18:40). Порошенко требует запретить закупку вакцины ""Спутник V""",28 января,https://smotrim.ru/video/2263365
2263216,2021,28 января 67 мин Эфир от 28.01.2021 (12:40). По горячим следам,28 января,https://smotrim.ru/video/2263216
2262952,2021,27 января 68 мин Эфир от 27.01.2021 (18:40) Путин: Россия готова к честному диалогу с Европой,27 января,https://smotrim.ru/video/2262952
2262829,2021,27 января 68 мин Эфир от 27.01.2021 (12:40). По горячим следам,27 января,https://smotrim.ru/video/2262829
2262582,2021,26 января 68 мин Эфир от 26.01.2021 (18:40) Прошли первые аресты нападавших на сотрудников полиции в,26 января,https://smotrim.ru/video/2262582
2262455,2021,26 января 68 мин Эфир от 26.01.2021 (12:40). По горячим следам,26 января,https://smotrim.ru/video/2262455
2262232,2021,25 января 67 мин Эфир от 25.01.2021 (18:40) Послу США вручили ноту протеста из-за поддержки незаконн,25 января,https://smotrim.ru/video/2262232
2262101,2021,25 января 68 мин Эфир от 25.01.2021 (12:40). По горячим следам,25 января,https://smotrim.ru/video/2262101
2261536,2021,22 января 67 мин Эфир от 22.01.2021 (18:40) Дело об убийстве педофила в Уфе: 200 тысяч подписей в за,22 января,https://smotrim.ru/video/2261536
2261378,2021,22 января 67 мин Эфир от 22.01.2021 (12:40). По горячим следам,22 января,https://smotrim.ru/video/2261378
2261104,2021,21 января 67 мин Эфир от 21.01.2021 (18:40) Больше всех уходу Трампа радуется Мадуро,21 января,https://smotrim.ru/video/2261104
2260727,2021,20 января 67 мин Эфир от 20.01.2021 (18:40) В США вступил в должность 46-ой президент страны Джо Бай,20 января,https://smotrim.ru/video/2260727
2260595,2021,20 января 67 мин Эфир от 20.01.2021 (12:40). По горячим следам,20 января,https://smotrim.ru/video/2260595
2260362,2021,"19 января 68 мин Эфир от 19.01.2021 (18:40) ""Северный поток-2"": стройка приостановлена по политическ",19 января,https://smotrim.ru/video/2260362
2260189,2021,19 января 68 мин Эфир от 19.01.2021 (12:40). По горячим следам,19 января,https://smotrim.ru/video/2260189
2259942,2021,18 января 67 мин Эфир от 18.01.2021 (18:40) На Домбае сошла снежная лавина: есть жертвы,18 января,https://smotrim.ru/video/2259942
2259911,2021,18 января 2 мин Смертоносная вакцинация в США (Эфир от 18.01.2021),18 января,https://smotrim.ru/video/2259911
2259899,2021,"18 января 67 мин Провал пропаганды против ""Спутник V"" (Эфир от 18.01.2021)",18 января,https://smotrim.ru/video/2259899
2259230,2021,15 января 67 мин Эфир от 15.01.2021 (18:40). Финансовые пирамиды мигрировали в интернет,15 января,https://smotrim.ru/video/2259230
2259019,2021,15 января 68 мин Эфир от 15.01.2021 (12:40). По горячим следам,15 января,https://smotrim.ru/video/2259019
2258782,2021,14 января 67 мин Эфир от 14.01.2021 (18:40) Вероятность сесть в тюрьму для Трампа велика,14 января,https://smotrim.ru/video/2258782
2258637,2021,14 января 68 мин Эфир от 14.01.2021 (12:40). По горячим следам,14 января,https://smotrim.ru/video/2258637
2258404,2021,13 января 67 мин Эфир от 13.01.2021 (18:40) Трампа хотят досрочно отстранить от власти за терроризм,13 января,https://smotrim.ru/video/2258404
2258284,2021,13 января 68 мин Эфир от 13.01.2021 (12:40). По горячим следам,13 января,https://smotrim.ru/video/2258284
2258059,2021,12 января 67 мин Эфир от 12.01.2021 (18:40) Байден заявил о необходимости провести перестройку в США,12 января,https://smotrim.ru/video/2258059
2257933,2021,12 января 68 мин Эфир от 12.01.2021 (12:40). По горячим следам,12 января,https://smotrim.ru/video/2257933
2257691,2021,11 января 67 мин Эфир от 11.01.2021 (18:40) Америка намерена прикончить Трампа импичментом,11 января,https://smotrim.ru/video/2257691
2257550,2021,11 января 68 мин Эфир от 11.01.2021 (12:40). По горячим следам,11 января,https://smotrim.ru/video/2257550
2539395,2022,29 декабря 124 мин Церемония приема кораблей в состав Военно-морского флота РФ. Эфир от 29.12.2022 (,29 декабря,https://smotrim.ru/video/2539395
2539109,2022,29 декабря 131 мин ВС РФ наносят удары по объектам критической инфраструктуры Украины. Эфир от 29.12,29 декабря,https://smotrim.ru/video/2539109
2538677,2022,28 декабря 136 мин Проверка боеготовности белорусских войск. Эфир от 28.12.2022 (17:30),28 декабря,https://smotrim.ru/video/2538677
2538308,2022,28 декабря 131 мин РФ принципиально не будет поставлять нефть по назначенным Западом ценам. Эфир от ,28 декабря,https://smotrim.ru/video/2538308
2537855,2022,27 декабря 130 мин Путин позвонил девочке из Запорожской области. Эфир от 27.12.2022 (17:30),27 декабря,https://smotrim.ru/video/2537855
2537605,2022,"27 декабря 130 мин Лавров оценил угрозу нанести ""обезглавливающий удар"" по Кремлю. Эфир от 27.12.202",27 декабря,https://smotrim.ru/video/2537605
2537170,2022,26 декабря 130 мин ФСБ предотвратила проникновение в Брянскую область диверсантов из Украины. Эфир о,26 декабря,https://smotrim.ru/video/2537170
2536881,2022,26 декабря 130 мин Российские средства ПВО сбили беспилотник ВСУ. Эфир от 26.12.2022 (11:30),26 декабря,https://smotrim.ru/video/2536881
2536073,2022,23 декабря 131 мин Байден о потенциальной готовности к встрече с Путиным. Эфир от 23.12.2022 (17:30),23 декабря,https://smotrim.ru/video/2536073
2535996,2022,23 декабря 130 мин ВПК Украины близок к обнулению. Эфир от 23.12.2022 (11:30),23 декабря,https://smotrim.ru/video/2535996
2535289,2022,22 декабря 131 мин Обстановка в зоне проведения СВО стабилизирована. Эфир от 22.12.2022 (17:30),22 декабря,https://smotrim.ru/video/2535289
2535151,2022,22 декабря 130 мин Зеленский добрался-таки до Вашингтона. Эфир от 22.12.2022 (11:30),22 декабря,https://smotrim.ru/video/2535151
2534731,2022,21 декабря 131 мин Россия не могла не начать спецоперацию. Эфир от 21.12.2022 (17:30),21 декабря,https://smotrim.ru/video/2534731
2534536,2022,21 декабря 131 мин Зеленский срочно летит в Вашингтон. Эфир от 21.12.2022 (11:30),21 декабря,https://smotrim.ru/video/2534536
2533927,2022,"20 декабря 131 мин В зону СВО прибыла колонна новейших танков Т-90М ""Прорыв"". Эфир от 20.12.2022 (17",20 декабря,https://smotrim.ru/video/2533927
2533632,2022,20 декабря 131 мин Неформальное общение президентов России и Белоруссии. Эфир от 20.12.2022 (11:30),20 декабря,https://smotrim.ru/video/2533632
2533127,2022,19 декабря 131 мин Путин прилетел в Минск на переговоры с Лукашенко. Эфир от 19.12.2022 (17:30),19 декабря,https://smotrim.ru/video/2533127
2532822,2022,19 декабря 131 мин Президент США не планирует посещать Киев из-за угроз безопасности. Эфир от 19.12.,19 декабря,https://smotrim.ru/video/2532822
2531931,2022,"16 декабря 131 мин Отец американской дипломатии о том, как избежать эскалации, чреватой глобальной к",16 декабря,https://smotrim.ru/video/2531931
2531723,2022,16 декабря 131 мин Главком ВСУ предрек наступление российских войск на Киев. Эфир от 16.12.2022 (11:,16 декабря,https://smotrim.ru/video/2531723
2531000,2022,15 декабря 131 мин Мирные жители Донецка под массированным обстрелом ВСУ. Эфир от 15.12.2022 (11:30),15 декабря,https://smotrim.ru/video/2531000
2530613,2022,14 декабря 131 мин Радужный праздник в Штатах и однополое катание в Канаде. Эфир от 14.12.2022 (17:3,14 декабря,https://smotrim.ru/video/2530613
2530374,2022,14 декабря 131 мин Американские СМИ сообщили о планах передать Киеву ЗРК Patriot. Эфир от 14.12.2022,14 декабря,https://smotrim.ru/video/2530374
2529821,2022,13 декабря 131 мин Джонсон потребовал предоставить Киеву ракеты ATACMS. Эфир от 13.12.2022 (17:30),13 декабря,https://smotrim.ru/video/2529821
2529488,2022,13 декабря 132 мин Администрация США усилит контроль за поставками оружия на Украину. Эфир от 13.12.,13 декабря,https://smotrim.ru/video/2529488
2529112,2022,12 декабря 131 мин В ЕС сохраняются разногласия по новым санкциям в отношении России. Эфир от 12.12.,12 декабря,https://smotrim.ru/video/2529112
2528727,2022,12 декабря 130 мин США разрешили Украине наносить удары по России. Эфир от 12.12.2022 (11:30),12 декабря,https://smotrim.ru/video/2528727
2527878,2022,9 декабря 134 мин Администрации Байдена приходится оправдываться из-за обмена Виктора Бута на Бриттн,9 декабря,https://smotrim.ru/video/2527878
2527600,2022,9 декабря 134 мин Блестящая победа СВР и МИД РФ. Эфир от 09.12.2022 (11:30),9 декабря,https://smotrim.ru/video/2527600
2527150,2022,8 декабря 134 мин Виктор Бут возвращается на родину из американской тюрьмы. Эфир от 08.12.2022 (17:3,8 декабря,https://smotrim.ru/video/2527150
2526819,2022,"8 декабря 134 мин ""Теневое правительство"" запугивает американцев российской ""ядерной угрозой"". Эфир ",8 декабря,https://smotrim.ru/video/2526819
2526465,2022,7 декабря 134 мин Новые угрозы Киева. Эфир от 07.12.2022 (17:30),7 декабря,https://smotrim.ru/video/2526465
2526321,2022,7 декабря 132 мин Сорванный путч: кого и почему хотели похитить заговорщики в ФРГ. Эфир от 07.12.202,7 декабря,https://smotrim.ru/video/2526321
2525677,2022,6 декабря 134 мин Блинкен сообщил о целях Вашингтона по Украине. Эфир от 06.12.2022 (17:30),6 декабря,https://smotrim.ru/video/2525677
2525316,2022,6 декабря 134 мин ВСУ продолжают атаковать российские авиабазы. Эфир от 06.12.2022 (11:30),6 декабря,https://smotrim.ru/video/2525316
2524950,2022,"5 декабря 134 мин Путин лично проехал по Крымскому мосту, восстановленному после теракта. Эфир от 05",5 декабря,https://smotrim.ru/video/2524950
2524666,2022,5 декабря 134 мин Книги о Путине стали настольными для Шольца. Эфир от 05.12.2022 (11:30),5 декабря,https://smotrim.ru/video/2524666
2523778,2022,2 декабря 135 мин Шольц дозвонился до Путина. Эфир от 02.12.2022 (17:30),2 декабря,https://smotrim.ru/video/2523778
2523527,2022,2 декабря 136 мин Глава Белого дома о готовности к переговорам с Путиным. Эфир от 02.12.2022 (11:30),2 декабря,https://smotrim.ru/video/2523527
2522994,2022,"1 декабря 136 мин Суровикина назвали ""министром энергетики"" Украины. Эфир от 01.12.2022 (17:30)",1 декабря,https://smotrim.ru/video/2522994
2522769,2022,"1 декабря 134 мин Противостоять ""генералу"" Деду Морозу. Эфир от 01.12.2022 (11:30)",1 декабря,https://smotrim.ru/video/2522769
2522274,2022,30 ноября 136 мин Столтенберг не ждет Украину в Североатлантическом альянсе. Эфир от 30.11.2022 (17:,30 ноября,https://smotrim.ru/video/2522274
2522080,2022,30 ноября 136 мин Скандал из-за заявления главы ЕК о потерях Украины с начала СВО. Эфир от 30.11.202,30 ноября,https://smotrim.ru/video/2522080
2521541,2022,29 ноября 136 мин Понтифик как несостоявшийся миротворец. Эфир от 29.11.2022 (17:30),29 ноября,https://smotrim.ru/video/2521541
2521285,2022,29 ноября 136 мин Столица Украины наполнена звуками работающих генераторов. Эфир от 29.11.2022 (11:3,29 ноября,https://smotrim.ru/video/2521285
2520832,2022,28 ноября 136 мин Артемовск в скором времени будет полностью взят в кольцо. Эфир от 28.11.2022 (17:3,28 ноября,https://smotrim.ru/video/2520832
2520535,2022,28 ноября 136 мин Наступление российских войск набирает обороты. Эфир от 28.11.2022 (11:30),28 ноября,https://smotrim.ru/video/2520535
2519651,2022,25 ноября 135 мин Путин поблагодарил женщин за сыновей – защитников Отечества. Эфир от 25.11.2022 (1,25 ноября,https://smotrim.ru/video/2519651
2519397,2022,25 ноября 134 мин Украина возвращается в 19-й век. Эфир от 25.11.2022 (11:30),25 ноября,https://smotrim.ru/video/2519397
2518949,2022,"24 ноября 134 мин Предотвращена диверсия на ""Южном потоке"". Эфир от 24.11.2022 (17:30)",24 ноября,https://smotrim.ru/video/2518949
2518704,2022,24 ноября 134 мин Нокдаун для генштаба ВСУ. Эфир от 24.11.2022 (11:30),24 ноября,https://smotrim.ru/video/2518704
2518712,2022,24 ноября 3 мин США продолжат оказывать помощь Украине,24 ноября,https://smotrim.ru/video/2518712
2518288,2022,23 ноября 134 мин Удары по критической инфраструктуре. Эфир от 23.11.2022 (17:30),23 ноября,https://smotrim.ru/video/2518288
2518116,2022,"23 ноября 134 мин ""Радужные"" скандалы на ЧМ в Катаре и стоны о пустеющих арсеналах. Эфир от 23.11.20",23 ноября,https://smotrim.ru/video/2518116
2517481,2022,"22 ноября 134 мин Церемония спуска на воду атомного ледокола ""Якутия"". Эфир от 22.11.2022 (17:30)",22 ноября,https://smotrim.ru/video/2517481
2517183,2022,22 ноября 134 мин Запад опасается вступления Белоруссии в конфликт на Украине. Эфир от 22.11.2022 (1,22 ноября,https://smotrim.ru/video/2517183
2516724,2022,21 ноября 134 мин Генсек НАТО увязал мир на Украине с поставками оружия киевским властям. Эфир от 21,21 ноября,https://smotrim.ru/video/2516724
2516406,2022,21 ноября 132 мин Глава Пентагона под впечатлением от российских вооружений. Эфир от 21.11.2022 (11:,21 ноября,https://smotrim.ru/video/2516406
2515623,2022,"18 ноября 136 мин Успешные испытания ""Сармата"" и ""Ярса"". Эфир от 18.11.2022 (17:30)",18 ноября,https://smotrim.ru/video/2515623
2515410,2022,18 ноября 135 мин Оценен ущерб инфраструктуре Украины. Эфир от 18.11.2022 (11:30),18 ноября,https://smotrim.ru/video/2515410
2515007,2022,17 ноября 135 мин Полная политическая несостоятельность президента Украины. Эфир от 17.11.2022 (17:3,17 ноября,https://smotrim.ru/video/2515007
2514670,2022,17 ноября 134 мин Запад переложил на Россию ответственность за ракетный инцидент в Польше. Эфир от 1,17 ноября,https://smotrim.ru/video/2514670
2514293,2022,"16 ноября 135 мин Инцидент в Польше, Си отчитал Трюдо, российские бицепсы. Эфир от 16.11.2022 (17:30",16 ноября,https://smotrim.ru/video/2514293
2514027,2022,16 ноября 135 мин Украина попала в НАТО: реакция западных лидеров. Эфир от 16.11.2022 (11:30),16 ноября,https://smotrim.ru/video/2514027
2513464,2022,"15 ноября 136 мин ГА ООН приняла резолюцию, не имеющую юридической силы. Эфир от 15.11.2022 (17:30)",15 ноября,https://smotrim.ru/video/2513464
2513153,2022,"15 ноября 135 мин На Бали стартовал саммит ""большой двадцатки"". Эфир от 15.11.2022 (11:30)",15 ноября,https://smotrim.ru/video/2513153
2512738,2022,"14 ноября 135 мин Как западные СМИ ""уложили в госпиталь"" главу МИД РФ. Эфир от 14.11.2022 (17:30)",14 ноября,https://smotrim.ru/video/2512738
2512400,2022,14 ноября 135 мин Россию представляет глава МИД Сергей Лавров. Эфир от 14.11.2022 (11:30),14 ноября,https://smotrim.ru/video/2512400
2511580,2022,11 ноября 136 мин Переброска российских подразделений на левый берег Днепра. Эфир от 11.11.2022 (17:,11 ноября,https://smotrim.ru/video/2511580
2511249,2022,11 ноября 134 мин Над Павловкой поднят российский триколор и флаг ДНР. Эфир от 11.11.2022 (11:30),11 ноября,https://smotrim.ru/video/2511249
2510897,2022,10 ноября 136 мин В США увидели возможность для мирного урегулирования конфликта на Украине. Эфир от,10 ноября,https://smotrim.ru/video/2510897
2510636,2022,10 ноября 135 мин США не хотят быть напрямую вовлечены в конфликт на Украине. Эфир от 10.11.2022 (11,10 ноября,https://smotrim.ru/video/2510636
2510172,2022,"9 ноября 136 мин Америка в очередях и ""Оскар"" для Зеленского. Эфир от 09.11.2022 (17:30)",9 ноября,https://smotrim.ru/video/2510172
2510040,2022,"9 ноября 135 мин Трамписты в предвкушении реванша, невзирая на вбросы и сбои. Эфир от 09.11.2022 (11",9 ноября,https://smotrim.ru/video/2510040
2509547,2022,8 ноября 135 мин Переговоры о мире и истерика Зеленского. Эфир от 08.11.2022 (17:30),8 ноября,https://smotrim.ru/video/2509547
2509318,2022,8 ноября 136 мин Запад устал и вспомнил о дипломатии. Эфир от 08.11.2022 (11:30),8 ноября,https://smotrim.ru/video/2509318
2508735,2022,7 ноября 136 мин Глава государства планирует обратиться к россиянам. Эфир от 07.11.2022 (17:30),7 ноября,https://smotrim.ru/video/2508735
2508433,2022,7 ноября 136 мин На Западе призывают Киев к диалогу с Москвой. Эфир от 07.11.2022 (11:30),7 ноября,https://smotrim.ru/video/2508433
2507374,2022,3 ноября 136 мин Ждем Шольца в Кремле. Эфир от 03.11.2022 (17:30),3 ноября,https://smotrim.ru/video/2507374
2507146,2022,"3 ноября 136 мин Инсайд о Шольце от Эрдогана и британские ""драконы"". Эфир от 03.11.2022 (11:30)",3 ноября,https://smotrim.ru/video/2507146
2506657,2022,2 ноября 136 мин Зерновая сделка и общее оборонное пространство. Эфир от 02.11.2022 (17:30),2 ноября,https://smotrim.ru/video/2506657
2506517,2022,2 ноября 136 мин Тьма на Украине и небывалое явление в Германии. Эфир от 02.11.2022 (11:30),2 ноября,https://smotrim.ru/video/2506517
2505887,2022,1 ноября 136 мин Срочники на фронт направляться не будут. Эфир от 01.11.2022 (17:30),1 ноября,https://smotrim.ru/video/2505887
2505819,2022,1 ноября 136 мин Подготовка и вручение повесток прекращаются. Эфир от 01.11.2022 (11:30),1 ноября,https://smotrim.ru/video/2505819
2505164,2022,31 октября 136 мин Едва ли не самый мощный удар по критической инфраструктуре Украины. Эфир от 31.10,31 октября,https://smotrim.ru/video/2505164
2504855,2022,31 октября 136 мин Воздушная тревога на всей территории Украины. Эфир от 31.10.2022 (11:30),31 октября,https://smotrim.ru/video/2504855
2503774,2022,28 октября 136 мин Завершение частичной мобилизации. Эфир от 28.10.2022 (17:30),28 октября,https://smotrim.ru/video/2503774
2503574,2022,"28 октября 135 мин Выступление Путина, получившее широкий резонанс. Эфир от 28.10.2022 (11:30)",28 октября,https://smotrim.ru/video/2503574
2503091,2022,27 октября 135 мин Выступление Путина на Валдайском форуме. Эфир от 27.10.2022 (17:30),27 октября,https://smotrim.ru/video/2503091
2502895,2022,27 октября 135 мин Учения российских стратегических сил сдерживания. Эфир от 27.10.2022 (11:30),27 октября,https://smotrim.ru/video/2502895
2502447,2022,26 октября 136 мин НАТО демонстрирует силу. Эфир от 26.10.2022 (17:30),26 октября,https://smotrim.ru/video/2502447
2502302,2022,"26 октября 136 мин Конфуз с письмом Байдену о Путине и ""тайные тропы"" для президента США. Эфир от 26",26 октября,https://smotrim.ru/video/2502302
2501694,2022,25 октября 136 мин НАТО перебрасывает дополнительные силы в Румынию. Эфир от 25.10.2022 (17:30),25 октября,https://smotrim.ru/video/2501694
2501448,2022,"25 октября 135 мин Москва созывает СБ ООН для обсуждения ситуации с украинской ""грязной бомбой"". Эфи",25 октября,https://smotrim.ru/video/2501448
2500891,2022,"24 октября 135 мин Зеленский хочет выставить РФ ""ядерным террористом"". Эфир от 24.10.2022 (17:30)",24 октября,https://smotrim.ru/video/2500891
2500628,2022,24 октября 131 мин Зеленский требует от НАТО ядерного удара по Кремлю. Эфир от 24.10.2022 (11:30),24 октября,https://smotrim.ru/video/2500628
2499651,2022,"21 октября 136 мин Шойгу и Остин обсудили международную безопасность, включая ситуацию на Украине. Э",21 октября,https://smotrim.ru/video/2499651
2499432,2022,21 октября 136 мин ВСУ намеренно нанесли ракетные удары по журналистам в Херсоне. Эфир от 21.10.2022,21 октября,https://smotrim.ru/video/2499432
2498942,2022,"20 октября 136 мин ""Рекорд"" Трасс на посту премьер-министра Великобритании. Эфир от 20.10.2022 (17:3",20 октября,https://smotrim.ru/video/2498942
2498695,2022,20 октября 136 мин Воздушная тревога в Киеве и ряде областей Украины. Эфир от 20.10.2022 (11:30),20 октября,https://smotrim.ru/video/2498695
2498260,2022,19 октября 135 мин Военное положение и максимальная готовность. Эфир от 19.10.2022 (17:30),19 октября,https://smotrim.ru/video/2498260
2498033,2022,19 октября 135 мин Херсон сдавать никто не собирается. Эфир от 19.10.2022 (11:30),19 октября,https://smotrim.ru/video/2498033
2497510,2022,"18 октября 136 мин Вслед за букетом ""Гераней"" на Украину отправили целую охапку ""Калибров"". Эфир от ",18 октября,https://smotrim.ru/video/2497510
2497212,2022,18 октября 135 мин Воздушная тревога звучит на всех подконтрольных Киеву территориях. Эфир от 18.10.,18 октября,https://smotrim.ru/video/2497212
2496756,2022,17 октября 136 мин Дроны-камикадзе над Киевом пытались сбить из стрелкового оружия. Эфир от 17.10.20,17 октября,https://smotrim.ru/video/2496756
2496540,2022,17 октября 135 мин По всей Украине вновь объявлена воздушная тревога. Эфир от 17.10.2022 (11:30),17 октября,https://smotrim.ru/video/2496540
2495625,2022,14 октября 135 мин В армию уже призваны 222 тысячи россиян. Эфир от 14.10.2022 (17:30),14 октября,https://smotrim.ru/video/2495625
2495412,2022,"14 октября 136 мин Глава Пентагона заверяет, что НАТО не представляет угрозы для РФ. Эфир от 14.10.2",14 октября,https://smotrim.ru/video/2495412
2494894,2022,13 октября 135 мин Западная элита вновь грозит России. Эфир от 13.10.2022 (17:30),13 октября,https://smotrim.ru/video/2494894
2494676,2022,13 октября 136 мин У президента РФ насыщенная повестка двусторонних и многосторонних встреч. Эфир от,13 октября,https://smotrim.ru/video/2494676
2494286,2022,12 октября 135 мин Байден сменил риторику по ядерному армагеддону. Эфир от 12.10.2022 (17:30),12 октября,https://smotrim.ru/video/2494286
2494074,2022,12 октября 136 мин Украина официально стала для России государством-террористом. Эфир от 12.10.2022 ,12 октября,https://smotrim.ru/video/2494074
2493439,2022,11 октября 135 мин Гигантское облако дыма неподалеку от Киева. Эфир от 11.10.2022 (17:30),11 октября,https://smotrim.ru/video/2493439
2493357,2022,11 октября 135 мин В областных центрах Украины вновь ревет воздушная тревога. Эфир от 11.10.2022 (11,11 октября,https://smotrim.ru/video/2493357
2492794,2022,10 октября 135 мин Полный провал украинской ПВО. Эфир от 10.10.2022 (17:30),10 октября,https://smotrim.ru/video/2492794
2492561,2022,10 октября 135 мин ВКС РФ нанесли целую серию ракетных ударов по Украине. Эфир от 10.10.2022 (11:30),10 октября,https://smotrim.ru/video/2492561
2491677,2022,7 октября 136 мин Разведка США в поисках признаков подготовки ядерного удара по Украине. Эфир от 07.,7 октября,https://smotrim.ru/video/2491677
2491316,2022,"7 октября 136 мин Байден об угрозе ""ядерного Армагеддона"". Эфир от 07.10.2022 (11:30)",7 октября,https://smotrim.ru/video/2491316
2490926,2022,6 октября 136 мин На купянском направлении фронта российская армия отбила все атаки ВСУ. Эфир от 06.,6 октября,https://smotrim.ru/video/2490926
2490571,2022,"6 октября 135 мин Российские ""Герани"" поразили объекты ВСУ. Эфир от 06.10.2022 (11:30)",6 октября,https://smotrim.ru/video/2490571
2490290,2022,"5 октября 133 мин Триумф ""мопедов"" и сделка Москвы с Эр-Риядом. Эфир от 05.10.2022 (17:30)",5 октября,https://smotrim.ru/video/2490290
2490071,2022,5 октября 135 мин Неожиданность от основателя Tesla и новые санкции. Эфир от 05.10.2022 (11:30),5 октября,https://smotrim.ru/video/2490071
2489377,2022,4 октября 136 мин ВКС РФ уничтожили штаб воздушного командования ВСУ под Днепропетровском. Эфир от 0,4 октября,https://smotrim.ru/video/2489377
2488993,2022,4 октября 134 мин ВКС РФ нанесли ракетные удары по критической инфраструктуре в Харькове. Эфир от 04,4 октября,https://smotrim.ru/video/2488993
2488564,2022,"3 октября 136 мин Ратификация договоров о присоединении к РФ ДНР, ЛНР, Запорожской и Херсонской обла",3 октября,https://smotrim.ru/video/2488564
2488245,2022,3 октября 136 мин Союзные войска наступают на позиции противника. Эфир от 03.10.2022 (11:30),3 октября,https://smotrim.ru/video/2488245
2487361,2022,"30 сентября 134 мин Пентагон готовится к войне, Зеленский против переговоров. Эфир от 30.09.2022 (17",30 сентября,https://smotrim.ru/video/2487361
2487290,2022,"30 сентября 136 мин Реакция Запада на новые территории РФ и ""глубинные"" версии подрыва СП. Эфир от 3",30 сентября,https://smotrim.ru/video/2487290
2486671,2022,29 сентября 120 мин США готовятся к ядерной войне и набирают наемников. Эфир от 29.08.2022 (17:30),29 сентября,https://smotrim.ru/video/2486671
2486549,2022,29 сентября 136 мин США и Британия засветились в месте взрывов на газопроводе. Эфир от 29.09.2022 (1,29 сентября,https://smotrim.ru/video/2486549
2485972,2022,28 сентября 136 мин Кому выгодна диверсия на газопроводах. Эфир от 28.09.2022 (17:30),28 сентября,https://smotrim.ru/video/2485972
2485769,2022,28 сентября 136 мин Запад обвинил Россию в диверсиях на газопроводе. Эфир от 28.09.2022 (11:30),28 сентября,https://smotrim.ru/video/2485769
2485271,2022,27 сентября 135 мин Запад отрицает итоги референдумов и грозит санкциями. Эфир от 27.09.2022 (17:30),27 сентября,https://smotrim.ru/video/2485271
2485044,2022,27 сентября 135 мин Диверсия на газопроводах и протесты в Германии. Эфир от 27.09.2022 (11:30),27 сентября,https://smotrim.ru/video/2485044
2484489,2022,26 сентября 136 мин В Третьей мировой победителей не будет. Эфир от 26.09.2022 (17:30),26 сентября,https://smotrim.ru/video/2484489
2484208,2022,26 сентября 135 мин Трагедия в Ижевске и перспектива ядерного конфликта. Эфир от 26.09.2022 (11:30),26 сентября,https://smotrim.ru/video/2484208
2483332,2022,23 сентября 129 мин Запад готовится к армагеддону. Эфир от 23.09.2022 (17:30),23 сентября,https://smotrim.ru/video/2483332
2483109,2022,23 сентября 129 мин ЕС в ответ на референдумы попытается выдавить из себя новые санкции. Эфир от 23.,23 сентября,https://smotrim.ru/video/2483109
2482500,2022,22 сентября 131 мин Возвращение пленных и новые жертвы в Донецке. Эфир от 22.09.2022 (17:30),22 сентября,https://smotrim.ru/video/2482500
2482397,2022,22 сентября 131 мин Циничное двуличие Запада и обмен пленными. Эфир от 22.09.2022 (11:30),22 сентября,https://smotrim.ru/video/2482397
2481818,2022,21 сентября 129 мин В Вашингтоне не скрывают намерения развалить Россию. Эфир от 21.09.2022 (17:30),21 сентября,https://smotrim.ru/video/2481818
2481626,2022,"21 сентября 130 мин Киев бросает на передовую все резервы, но союзные войска готовы. Эфир от 21.09.2",21 сентября,https://smotrim.ru/video/2481626
2481265,2022,20 сентября 129 мин Запад ждет ядерной войны после референдумов в Донбассе. Эфир от 20.09.2022 (17:3,20 сентября,https://smotrim.ru/video/2481265
2481080,2022,"20 сентября 131 мин Чем теперь пугают западные СМИ и ""бравада"" Зеленского. Эфир от 20.09.2022 (11:30",20 сентября,https://smotrim.ru/video/2481080
2480518,2022,19 сентября 130 мин Референдум просят провести немедленно. Эфир от 19.09.2022 (17:30),19 сентября,https://smotrim.ru/video/2480518
2480298,2022,19 сентября 130 мин НАТО не скрывает планы по расчленению России. Эфир от 19.09.2022 (11:30),19 сентября,https://smotrim.ru/video/2480298
2479332,2022,"16 сентября 139 мин Киевский режим перешел все ""красные линии"". Эфир от 16.09.2022 (17:30)",16 сентября,https://smotrim.ru/video/2479332
2478901,2022,16 сентября 130 мин Участие Путина в заседании совета глав государств-членов ШОС. Эфир от 16.09.2022,16 сентября,https://smotrim.ru/video/2478901
2478460,2022,"15 сентября 130 мин Событие, к которому приковано внимание всех мировых СМИ. Эфир от 15.09.2022 (17:",15 сентября,https://smotrim.ru/video/2478460
2478211,2022,15 сентября 130 мин ВКС РФ выпустили ракеты по критической инфраструктуре в районе Кривого Рога. Эфи,15 сентября,https://smotrim.ru/video/2478211
2477869,2022,14 сентября 132 мин Урсула фон дер Ляйен дала совет недовольным. Эфир от 14.09.2022 (17:30),14 сентября,https://smotrim.ru/video/2477869
2477594,2022,14 сентября 131 мин Что особо бесит Штаты и требования Британии к Украине. Эфир от 14.09.2022 (11:30,14 сентября,https://smotrim.ru/video/2477594
2477058,2022,13 сентября 131 мин Прямое столкновение России и НАТО на Украине уже реальность. Эфир от 13.09.2022,13 сентября,https://smotrim.ru/video/2477058
2476729,2022,13 сентября 131 мин Зеленский фактически пригласил США на свою войну с Россией. Эфир от 13.09.2022 (,13 сентября,https://smotrim.ru/video/2476729
2476318,2022,"12 сентября 131 мин На Западе утверждают, что Россия пытается усугубить энергокризис в Европе. Эфир ",12 сентября,https://smotrim.ru/video/2476318
2475981,2022,12 сентября 128 мин Точечные удары по критической инфраструктуре Украины. Эфир от 12.09.2022 (11:30),12 сентября,https://smotrim.ru/video/2475981
2475117,2022,9 сентября 130 мин На харьковское направление стягиваются свежие резервы. Эфир от 09.09.2022 (17:30),9 сентября,https://smotrim.ru/video/2475117
2474820,2022,9 сентября 130 мин ВСУ в очередной раз попытались высадить десант в районе Энергодара. Эфир от 09.09,9 сентября,https://smotrim.ru/video/2474820
2474433,2022,"8 сентября 130 мин На авиабазе Рамштайн в Германии решают, как победить Россию. Эфир от 08.09.2022 (",8 сентября,https://smotrim.ru/video/2474433
2474087,2022,8 сентября 129 мин Все западные СМИ цитируют выступление Путина на ВЭФ. Эфир от 08.09.2022 (11:30),8 сентября,https://smotrim.ru/video/2474087
2473783,2022,7 сентября 131 мин Новая любовь Зеленского и европейские мазохисты. Эфир от 07.09.2022 (17:30),7 сентября,https://smotrim.ru/video/2473783
2473587,2022,7 сентября 127 мин Заявления Путина на ВЭФ-2022 и протесты в Германии. Эфир от 07.09.2022 (11:30),7 сентября,https://smotrim.ru/video/2473587
2473013,2022,"6 сентября 130 мин Финальная фаза стратегических учений ""Восток-2022"" в Приморье. Эфир от 06.09.2022",6 сентября,https://smotrim.ru/video/2473013
2472699,2022,"6 сентября 131 мин Путин понаблюдает за финальной частью учений ""Восток-2022"". Эфир от 06.09.2022 (1",6 сентября,https://smotrim.ru/video/2472699
2472295,2022,5 сентября 130 мин В Британии стало известно имя нового премьер-министра. Эфир от 05.09.2022 (17:30),5 сентября,https://smotrim.ru/video/2472295
2472058,2022,5 сентября 131 мин Террорист-смертник взорвал себя у ворот посольства РФ. Эфир от 05.09.2022 (11:30),5 сентября,https://smotrim.ru/video/2472058
2471180,2022,2 сентября 130 мин Потери ВСУ могут исчисляться сотнями тысяч убитых. Эфир от 02.09.2022 (17:30),2 сентября,https://smotrim.ru/video/2471180
2470868,2022,2 сентября 130 мин Шольц и Макрон заговорили о важности переговоров с Путиным. Эфир от 02.09.2022 (1,2 сентября,https://smotrim.ru/video/2470868
2470426,2022,1 сентября 131 мин Международные эксперты начали мониторинг работы ЗАЭС. Эфир от 01.09.2022 (17:30),1 сентября,https://smotrim.ru/video/2470426
2470128,2022,1 сентября 128 мин Российские войска уничтожают украинский десант в районе Энергодара. Эфир от 01.09,1 сентября,https://smotrim.ru/video/2470128
2469860,2022,"31 августа 130 мин Миссия МАГАТЭ, откровения Трампа и зеленый переход. Эфир от 31.08.2022 (17:30)",31 августа,https://smotrim.ru/video/2469860
2469719,2022,"31 августа 130 мин Компромат на Макрона складывали в ""специальную папочку"". Эфир от 31.08.2022 (11:3",31 августа,https://smotrim.ru/video/2469719
2469057,2022,30 августа 131 мин Существенный урон живой силе противника. Эфир от 30.08.2022 (17:30),30 августа,https://smotrim.ru/video/2469057
2468731,2022,"30 августа 130 мин Наступление, обернувшееся кровавой мясорубкой. Эфир от 30.08.2022 (11:30)",30 августа,https://smotrim.ru/video/2468731
2468323,2022,29 августа 131 мин Уничтожение живой силы и бронетехники ВСУ. Эфир от 29.08.2022 (17:30),29 августа,https://smotrim.ru/video/2468323
2468020,2022,29 августа 129 мин Освобожден поселок Кодема в ДНР. Эфир от 29.08.2022 (11:30),29 августа,https://smotrim.ru/video/2468020
2467245,2022,"26 августа 130 мин Подарок ко дню ""незалежности"" Украины. Эфир от 26.08.2022 (17:30)",26 августа,https://smotrim.ru/video/2467245
2467002,2022,"26 августа 130 мин В США фактически признали, что американские военные участвуют в боевых действиях ",26 августа,https://smotrim.ru/video/2467002
2466520,2022,25 августа 132 мин Увеличение численности ВС РФ. Эфир от 25.08.2022 (17:30),25 августа,https://smotrim.ru/video/2466520
2466229,2022,"25 августа 130 мин Массированные ракетные удары в день ""незалежности"". Эфир от 25.08.2022 (11:30)",25 августа,https://smotrim.ru/video/2466229
2465976,2022,24 августа 130 мин Странная дата украинского президента. Эфир от 24.08.2022 (17:30),24 августа,https://smotrim.ru/video/2465976
2465793,2022,"24 августа 131 мин Киевский шабаш и именная звезда президента Польши в ""независимой"" Украине. Эфир о",24 августа,https://smotrim.ru/video/2465793
2465171,2022,"23 августа 131 мин На Западе уверены, что Россия ответит Украине за убийство Дугиной. Эфир от 23.08.",23 августа,https://smotrim.ru/video/2465171
2464994,2022,23 августа 130 мин США сеют панику среди американских граждан на Украине. Эфир от 23.08.2022 (11:30),23 августа,https://smotrim.ru/video/2464994
2464484,2022,22 августа 131 мин Раскрыто дело о заказном убийстве Дарьи Дугиной. Эфир от 22.08.2022 (17:30),22 августа,https://smotrim.ru/video/2464484
2464191,2022,22 августа 130 мин Британцев морально готовят к военному конфликту с Россией. Эфир от 22.08.2022 (11,22 августа,https://smotrim.ru/video/2464191
2463464,2022,19 августа 130 мин Американцы снова поднимают ставки. Эфир от 19.08.2022 (17:30),19 августа,https://smotrim.ru/video/2463464
2463292,2022,19 августа 130 мин Завеса туманности над переговорами Эрдогана и Гутерриша с Зеленским. Эфир от 19.0,19 августа,https://smotrim.ru/video/2463292
2462760,2022,18 августа 130 мин ВСУ собираются атаковать Запорожскую АЭС . Эфир от 18.08.2022 (17:30),18 августа,https://smotrim.ru/video/2462760
2462625,2022,18 августа 130 мин Эрдоган и Гутерриш летят на переговоры к Зеленскому. Эфир от 18.08.2022 (11:30),18 августа,https://smotrim.ru/video/2462625
2462176,2022,17 августа 130 мин Начало конца гегемонии США. Эфир от 17.08.2022 (17:30),17 августа,https://smotrim.ru/video/2462176
2461996,2022,17 августа 129 мин Задержание террористической ячейки в Крыму и раскол в команде Зеленского. Эфир от,17 августа,https://smotrim.ru/video/2461996
2461366,2022,16 августа 131 мин Путин оценил деструктивную политику Запада во главе с США. Эфир от 16.08.2022 (17,16 августа,https://smotrim.ru/video/2461366
2461126,2022,16 августа 129 мин Обращение Путина к участникам Х Московской конференции по международной безопасно,16 августа,https://smotrim.ru/video/2461126
2460598,2022,15 августа 130 мин Уничтожение сразу двух бригад ВСУ. Эфир от 15.08.2022 (17:30),15 августа,https://smotrim.ru/video/2460598
2460320,2022,15 августа 129 мин Союзные силы серьезно продвинулись на Соледарском направлении. Эфир от 15.08.2022,15 августа,https://smotrim.ru/video/2460320
2459562,2022,12 августа 130 мин Союзные силы не оставили ВСУ шансов под Соледаром. Эфир от 12.08.2022 (17:30),12 августа,https://smotrim.ru/video/2459562
2459260,2022,12 августа 131 мин Ситуация вокруг Запорожской АЭС. Эфир от 12.08.2022 (11:30),12 августа,https://smotrim.ru/video/2459260
2458900,2022,11 августа 131 мин Союзные силы штурмуют украинскую линию обороны. Эфир от 11.08.2022 (17:30),11 августа,https://smotrim.ru/video/2458900
2458694,2022,11 августа 131 мин До 70% личного состава бригады ВСУ уничтожено в районе Песок. Эфир от 11.08.2022 ,11 августа,https://smotrim.ru/video/2458694
2458315,2022,10 августа 130 мин Иностранные наемники перестали приезжать на Украину. Эфир от 10.08.2022 (17:30),10 августа,https://smotrim.ru/video/2458315
2458119,2022,"10 августа 128 мин Мародерство ВСУшников, мечты русофоба Болтона и турпотери Европы. Эфир от 10.08.2",10 августа,https://smotrim.ru/video/2458119
2457473,2022,9 августа 133 мин Уничтожение КП ВВС Украины в Винницкой области. Эфир от 09.08.2022 (17:30),9 августа,https://smotrim.ru/video/2457473
2457277,2022,9 августа 129 мин Союзные силы продолжают наступление на позиции ВСУ на Артемовском направлении. Эфи,9 августа,https://smotrim.ru/video/2457277
2456782,2022,8 августа 130 мин Бои на подступах к Артемовску. Эфир от 08.08.2022 (17:30),8 августа,https://smotrim.ru/video/2456782
2456583,2022,8 августа 130 мин Началось сражение за ключевой город на юге Украины. Эфир от 08.08.2022 (11:30),8 августа,https://smotrim.ru/video/2456583
2455798,2022,5 августа 130 мин Переговоры Путина и Эрдогана продолжаются уже два часа. Эфир от 05.08.2022 (17:30),5 августа,https://smotrim.ru/video/2455798
2455593,2022,5 августа 130 мин Переговоры президентов России и Турции. Эфир от 05.08.2022 (11:30),5 августа,https://smotrim.ru/video/2455593
2455111,2022,4 августа 131 мин Российская армия перешла в наступление под Харьковом. Эфир от 04.08.2022 (17:30),4 августа,https://smotrim.ru/video/2455111
2454924,2022,4 августа 130 мин Половина Песок под контролем дончан. Эфир от 04.08.2022 (11:30),4 августа,https://smotrim.ru/video/2454924
2454579,2022,"3 августа 132 мин 19 часов и 20 минут. Пелоси улетела, а что осталось? Эфир от 03.08.2022 (17:30)",3 августа,https://smotrim.ru/video/2454579
2454444,2022,"3 августа 129 мин Турбина-""потеряшка"", интервью Шредера и жалобы ВСУшников. Эфир от 03.08.2022 (11:3",3 августа,https://smotrim.ru/video/2454444
2453779,2022,2 августа 130 мин Надвигающаяся развязка вокруг визита Пелоси на Тайвань. Эфир от 02.08.2022 (17:30),2 августа,https://smotrim.ru/video/2453779
2453539,2022,2 августа 130 мин Военные ДНР закрепились в Песках. Эфир от 02.08.2022 (11:30),2 августа,https://smotrim.ru/video/2453539
2453133,2022,1 августа 132 мин Военные ВСУ массово дезертируют на Харьковском и Запорожском направлениях. Эфир от,1 августа,https://smotrim.ru/video/2453133
2452943,2022,1 августа 131 мин Сохранить за Россией статус морской державы. Эфир от 01.08.2022 (11:30),1 августа,https://smotrim.ru/video/2452943
2452081,2022,29 июля 131 мин Зеленский казнил своих сдавшихся в плен боевиков. Эфир от 29.07.2022 (17:30),29 июля,https://smotrim.ru/video/2452081
2451802,2022,29 июля 130 мин Удар РСЗО HIMARS по украинским военнопленным в колонии в ДНР. Эфир от 29.07.2022 (11,29 июля,https://smotrim.ru/video/2451802
2451527,2022,"28 июля 131 мин Российские авиация, ракетные войска и артиллерия нанесли новые удары по позициям ВСУ",28 июля,https://smotrim.ru/video/2451527
2451167,2022,28 июля 131 мин Российская армия наступает в районе Песок и Авдеевки. Эфир от 28.07.2022 (11:30),28 июля,https://smotrim.ru/video/2451167
2450944,2022,27 июля 131 мин На Украине новая методичка. Эфир от 27.07.2022 (17:30),27 июля,https://smotrim.ru/video/2450944
2450643,2022,"27 июля 130 мин Украина, Африка, газ, МКС: у Запада все больше поводов для грусти. Эфир от 27.07.202",27 июля,https://smotrim.ru/video/2450643
2450135,2022,26 июля 131 мин Евросоюз полностью исчерпал возможности по введению санкций против РФ. Эфир от 26.07,26 июля,https://smotrim.ru/video/2450135
2449862,2022,"26 июля 131 мин В Вашингтоне так и не поняли, что однополярному пришел конец. Эфир от 26.07.2022 (11",26 июля,https://smotrim.ru/video/2449862
2449522,2022,25 июля 130 мин Высокоточный удар по украинским боевикам. Эфир от 25.07.2022 (17:30),25 июля,https://smotrim.ru/video/2449522
2449282,2022,25 июля 131 мин Корабль ВМС Украины и склад ракет уничтожены в порту Одессы. Эфир от 25.07.2022 (11:,25 июля,https://smotrim.ru/video/2449282
2448412,2022,22 июля 131 мин Глава Минобороны РФ обсудил с турецким коллегой ситуацию на Украине и в Сирии. Эфир ,22 июля,https://smotrim.ru/video/2448412
2448170,2022,22 июля 129 мин В зоне активных боевых действий в ДНР больше не осталось боеспособных частей ВСУ. Эф,22 июля,https://smotrim.ru/video/2448170
2447762,2022,21 июля 130 мин Российские военные удостоены звания Героя России. Эфир от 21.07.2022 (17:30),21 июля,https://smotrim.ru/video/2447762
2447487,2022,"21 июля 130 мин ВКС РФ ""откалибровали"" склад ракетно-артиллерийского вооружения ВСУ в Соледаре. Эфир",21 июля,https://smotrim.ru/video/2447487
2447195,2022,20 июля 130 мин Новые задачи спецоперации и привет Вашингтону. Эфир от 20.07.2022 (17:30),20 июля,https://smotrim.ru/video/2447195
2446327,2022,19 июля 131 мин Визит президента РФ в Иран. Эфир от 19.07.2022 (17:30),19 июля,https://smotrim.ru/video/2446327
2446037,2022,19 июля 130 мин Союзные силы продолжают наступление на Северск. Эфир от 19.07.2022 (11:30),19 июля,https://smotrim.ru/video/2446037
2445632,2022,"18 июля 130 мин Шойгу проинспектировал группировку ""Восток"". Эфир от 18.07.2022 (17:30)",18 июля,https://smotrim.ru/video/2445632
2445475,2022,18 июля 130 мин Россия стягивает подкрепление и вооружения к линии фронта в Донбассе. Эфир от 18.07.,18 июля,https://smotrim.ru/video/2445475
2444578,2022,15 июля 131 мин Союзные силы вышли на окраины Соледара. Эфир от 15.07.2022 (17:30),15 июля,https://smotrim.ru/video/2444578
2444367,2022,15 июля 130 мин Армия России вытесняет противника из Каменки. Эфир от 15.07.2022 (11:30),15 июля,https://smotrim.ru/video/2444367
2443864,2022,14 июля 130 мин Армия России активизировала наступательные действия на всех направлениях. Эфир от 14,14 июля,https://smotrim.ru/video/2443864
2443677,2022,14 июля 130 мин Союзные силы зашли в Северск. Эфир от 14.07.2022 (11:30),14 июля,https://smotrim.ru/video/2443677
2443001,2022,"13 июля 130 мин Правда о HIMARS, киевская амнистия головорезов и кадры-провокации. Эфир от 13.07.202",13 июля,https://smotrim.ru/video/2443001
2442522,2022,"12 июля 57 мин Минобороны РФ рекомендует ""диким гусям"" вернуться на родину",12 июля,https://smotrim.ru/video/2442522
2442462,2022,12 июля 130 мин Уничтожение живой силы и техники ВСУ. Эфир от 12.07.2022 (17:30),12 июля,https://smotrim.ru/video/2442462
2442159,2022,12 июля 131 мин Продвижение союзных войск на севере Харьковской области. Эфир от 12.07.2022 (11:30),12 июля,https://smotrim.ru/video/2442159
2442252,2022,11 июля 131 мин Уничтожение хранилища с боеприпасами для гаубиц М777 и РСЗО HIMARS. Эфир от 11.07.20,11 июля,https://smotrim.ru/video/2442252
2441455,2022,11 июля 130 мин Украинские боевики отступают к Славянску. Эфир от 11.07.2022 (11:30),11 июля,https://smotrim.ru/video/2441455
2440545,2022,"8 июля 135 мин В НАТО решили подсказать Украине, как начать третью мировую войну. Эфир от 08.07.2022",8 июля,https://smotrim.ru/video/2440545
2440333,2022,8 июля 135 мин Бригада ВСУ на Cоледарском направлении лишилась 60% личного состава. Эфир от 08.07.20,8 июля,https://smotrim.ru/video/2440333
2439866,2022,7 июля 137 мин Коалиция западных лидеров-противников России начала распадаться. Эфир от 07.07.2022 (,7 июля,https://smotrim.ru/video/2439866
2439551,2022,7 июля 135 мин Российские войска наносят удары по позициям противника в районе Славянска. Эфир от 07,7 июля,https://smotrim.ru/video/2439551
2439138,2022,6 июля 120 мин Конец игры Бориса Джонсона. Эфир от 06.07.2022 (17:30),6 июля,https://smotrim.ru/video/2439138
2438949,2022,6 июля 133 мин Демарш Блинкена перед G20 и надувная надежда Пентагона. Эфир от 06.07.2022 (11:30),6 июля,https://smotrim.ru/video/2438949
2438282,2022,5 июля 136 мин Российские военные оттесняют ВСУ от Донецка. Эфир от 05.07.2022 (17:30),5 июля,https://smotrim.ru/video/2438282
2437976,2022,5 июля 135 мин Союзные силы ведут бои на подступах к Северску. Эфир от 05.07.2022 (11:30),5 июля,https://smotrim.ru/video/2437976
2437547,2022,4 июля 136 мин Украинские неонацисты выбиты из Лисичанска. Эфир от 04.07.2022 (17:30),4 июля,https://smotrim.ru/video/2437547
2437195,2022,4 июля 137 мин ЛНР полностью освобождена от вооруженных формирований киевского режима. Эфир от 04.07,4 июля,https://smotrim.ru/video/2437195
2436383,2022,1 июля 130 мин Бесполезность НАТО начали понимать даже в Вашингтоне. Эфир от 01.07.2022 (17:30),1 июля,https://smotrim.ru/video/2436383
2436184,2022,1 июля 130 мин ВСУ нанесли удар по Ровенькам из американской РСЗО . Эфир от 01.07.2022 (11:30),1 июля,https://smotrim.ru/video/2436184
2435727,2022,30 июня 131 мин Лавров о состоянии отношений Россия-Евросоюз. Эфир от 30.06.2022 (17:30),30 июня,https://smotrim.ru/video/2435727
2435445,2022,30 июня 127 мин Активизация наступления на севере Харьковской области. Эфир от 30.06.2022 (11:30),30 июня,https://smotrim.ru/video/2435445
2434992,2022,29 июня 131 мин Больше России на саммите НАТО. Эфир от 29.06.2022 (17:30),29 июня,https://smotrim.ru/video/2434992
2434771,2022,"29 июня 130 мин Заявления саммита НАТО, торгующийся Эрдоган и страшные потери ВСУ. Эфир от 29.06.202",29 июня,https://smotrim.ru/video/2434771
2434132,2022,28 июня 130 мин Трехдневный саммит НАТО в Мадриде. Эфир от 28.06.2022 (17:30),28 июня,https://smotrim.ru/video/2434132
2433927,2022,28 июня 130 мин Армия России сжимает кольцо вокруг Лисичанска. Эфир от 28.06.222 (11:30),28 июня,https://smotrim.ru/video/2433927
2433372,2022,27 июня 130 мин Столтенберг назвал Россию наиболее серьезной прямой угрозой альянсу. Эфир от 27.06.2,27 июня,https://smotrim.ru/video/2433372
2433251,2022,27 июня 130 мин Северодонецк под полным контролем союзных сил. Эфир от 27.06.2022 (11:30),27 июня,https://smotrim.ru/video/2433251
2432195,2022,24 июня 131 мин Союзные силы перемалывают позиции противника в ЛНР. Эфир от 24.06.2022 (17:30),24 июня,https://smotrim.ru/video/2432195
2431913,2022,24 июня 131 мин Украинские боевики в ближайшее время оставят Северодонецк и Лисичанск. Эфир от 24.06,24 июня,https://smotrim.ru/video/2431913
2431586,2022,23 июня 131 мин Рухнула линия обороны ВСУ к югу от Лисичанска. Эфир от 23.06.2022 (17:30),23 июня,https://smotrim.ru/video/2431586
2431170,2022,23 июня 130 мин Украинские военные потеряли контроль над Лоскутовкой и Рай-Александровкой. Эфир от 2,23 июня,https://smotrim.ru/video/2431170
2430862,2022,22 июня 131 мин Цели США в конфликте на Украине. Эфир от 22.06.2022 (17:30),22 июня,https://smotrim.ru/video/2430862
2430574,2022,22 июня 130 мин Российские войска освобождают новые населенные пункты в ЛНР. Эфир от 22.06.2022 (11:,22 июня,https://smotrim.ru/video/2430574
2430082,2022,21 июня 131 мин Российские военные только за сутки уничтожили 15 гаубиц М-777. Эфир от 21.06.2022 (1,21 июня,https://smotrim.ru/video/2430082
2429793,2022,21 июня 131 мин Тяжелейшая ситуация для ВСУ в Северодонецке. Эфир от 21.06.2022 (11:30),21 июня,https://smotrim.ru/video/2429793
2429228,2022,20 июня 131 мин Фактическая блокада Калининграда. Эфир от 20.06.2022 (17:30),20 июня,https://smotrim.ru/video/2429228
2428939,2022,20 июня 129 мин Союзные силы развивают наступление на Лисичанско-Северодонецком направлении. Эфир от,20 июня,https://smotrim.ru/video/2428939
2428147,2022,17 июня 136 мин Программная речь главы государства. Эфир от 17.06.2022 (17:30),17 июня,https://smotrim.ru/video/2428147
2427812,2022,17 июня 136 мин Поражение объектов ВСУ в Николаеве. Эфир от 17.06.2022 (11:30),17 июня,https://smotrim.ru/video/2427812
2427478,2022,"16 июня 135 мин Визит в Киев президента Франции, канцлера ФРГ и премьера Италии. Эфир от 16.06.2022 ",16 июня,https://smotrim.ru/video/2427478
2427245,2022,"16 июня 136 мин Украинское командование прозевало еще один ""котел"" для своих боевиков. Эфир от 16.06",16 июня,https://smotrim.ru/video/2427245
2426813,2022,15 июня 136 мин Срыв эвакуации и новые поставки оружия для Киева. Эфир от 15.06.2022 (17:30),15 июня,https://smotrim.ru/video/2426813
2426585,2022,"15 июня 134 мин Разговор Путина и Си, обещание генсека НАТО и интервью Рябкова. Эфир от 15.06.2022 (",15 июня,https://smotrim.ru/video/2426585
2426146,2022,"14 июня 136 мин У боевиков на ""Азоте"" два варианта: плен или попытка прорыва. Эфир от 14.06.2022 (17",14 июня,https://smotrim.ru/video/2426146
2425933,2022,14 июня 134 мин Обстрелы Донецка и котел для ВСУ. Эфир от 14.06.2022 (11:30),14 июня,https://smotrim.ru/video/2425933
2424625,2022,"10 июня 136 мин Украина утомилась, а Европа экономит. Эфир от 10.06.2022 (17:30)",10 июня,https://smotrim.ru/video/2424625
2424463,2022,"10 июня 135 мин Слова Путина о Петре I, ход спецоперации и реакция иноСМИ. Эфир от 10.06.2022 (11:30",10 июня,https://smotrim.ru/video/2424463
2423956,2022,9 июня 135 мин Приговор наемникам: кто на очереди. Эфир от 09.06.2022 (17:30),9 июня,https://smotrim.ru/video/2423956
2423709,2022,"9 июня 134 мин Бои за Славянск, обида Киева и саммит Америк. Эфир от 09.06.2022 (11:30)",9 июня,https://smotrim.ru/video/2423709
2423239,2022,8 июня 136 мин Наемники на Украине и удары по Донецку. Эфир от 08.06.2022 (17:30),8 июня,https://smotrim.ru/video/2423239
2423114,2022,"8 июня 136 мин Пауза Берлина, откровения Меркель и суд над наемниками. Эфир от 08.06.2022 (11:30)",8 июня,https://smotrim.ru/video/2423114
2422606,2022,7 июня 138 мин О них вытерли ноги: участь предателей. Эфир от 07.06.2022 (17:30),7 июня,https://smotrim.ru/video/2422606
2422434,2022,7 июня 136 мин Двуликий Зеленский и тайна от Басурина. Эфир от 07.06.2022 (11:30),7 июня,https://smotrim.ru/video/2422434
2421915,2022,6 июня 137 мин Кромешный ад в Донецке и предупреждение Путина. Эфир от 06.06.2022 (17:30),6 июня,https://smotrim.ru/video/2421915
2421702,2022,"6 июня 136 мин Европейцы прозревают, кого пригрели на груди. Эфир от 06.06.2022 (11:30)",6 июня,https://smotrim.ru/video/2421702
2420933,2022,3 июня 136 мин Неудавшаяся кинокомедия Зеленского и неожиданная функция НАТО. Эфир от 03.06.2022 (17,3 июня,https://smotrim.ru/video/2420933
2420648,2022,3 июня 135 мин Нелепые реляции и манипуляции с нефтью. Эфир от 03.06.2022 (11:30),3 июня,https://smotrim.ru/video/2420648
2420217,2022,"2 июня 135 мин Враги, жертвы и однополярный мир. Эфир от 02.06.2022 (17:30)",2 июня,https://smotrim.ru/video/2420217
2420058,2022,"2 июня 135 мин В чем ложь об ""оборонительном"" оружии для Киева. Эфир от 02.06.2022 (11:30)",2 июня,https://smotrim.ru/video/2420058
2419558,2022,1 июня 136 мин У Германии взыграл дух милитаризма. Эфир от 01.06.2022 (17:30),1 июня,https://smotrim.ru/video/2419558
2419345,2022,1 июня 136 мин Плохие новости для Зеленского. Эфир от 01.06.2022 (11:30),1 июня,https://smotrim.ru/video/2419345
2418806,2022,31 мая 136 мин Возрождение милитаризма в Германии. Эфир от 31.05.2022 (17:30),31 мая,https://smotrim.ru/video/2418806
2418624,2022,31 мая 135 мин Северодонецк перешел под контроль союзных сил. Эфир от 31.05.2022 (11:30),31 мая,https://smotrim.ru/video/2418624
2418125,2022,30 мая 135 мин ВСУ пытаются замедлить продвижение российских войск. Эфир от 30.05.2022 (17:30),30 мая,https://smotrim.ru/video/2418125
2417949,2022,30 мая 136 мин Северодонецк фактически брошен ВСУ. Эфир от 30.05.2022 (11:30),30 мая,https://smotrim.ru/video/2417949
2417077,2022,27 мая 135 мин Ракетный удар по объекту ВСУ под Днепропетровском . Эфир от 27.05.2022 (17:30),27 мая,https://smotrim.ru/video/2417077
2416848,2022,27 мая 136 мин Красный Лиман полностью освобожден. Эфир от 27.05.2022 (11:30),27 мая,https://smotrim.ru/video/2416848
2416460,2022,26 мая 135 мин Серьезные потери подразделений киевского режима в Красном Лимане. Эфир от 26.05.2022 ,26 мая,https://smotrim.ru/video/2416460
2416187,2022,26 мая 135 мин Освобожден почти весь Красный Лиман. Эфир от 26.05.2022 (11:30),26 мая,https://smotrim.ru/video/2416187
2415808,2022,25 мая 135 мин Путин приехал в московский госпиталь к раненым военнослужащим. Эфир от 25.05.2022 (17,25 мая,https://smotrim.ru/video/2415808
2415625,2022,25 мая 135 мин Неутешительный прогноз для киевской военщины. Эфир от 25.05.2022 (11:30),25 мая,https://smotrim.ru/video/2415625
2415200,2022,24 мая 135 мин Светлодарск в Донбассе перешел под контроль России. Эфир от 24.05.2022 (17:30),24 мая,https://smotrim.ru/video/2415200
2415037,2022,24 мая 135 мин Российская армия ведет наступление по всем фронтам. Эфир от 24.05.2022 (11:30),24 мая,https://smotrim.ru/video/2415037
2414665,2022,23 мая 135 мин Стратегически важный прорыв. Эфир от 23.05.2022 (17:30),23 мая,https://smotrim.ru/video/2414665
2414411,2022,23 мая 135 мин Мариуполь возвращается к мирной жизни. Эфир от 23.05.2022 (11:30),23 мая,https://smotrim.ru/video/2414411
2413716,2022,20 мая 137 мин Полное освобождение ЛНР – дело нескольких дней. Эфир от 20.05.2022 (17:30),20 мая,https://smotrim.ru/video/2413716
2413448,2022,"20 мая 137 мин Уничтожение украинских ракет ""Точка-У"" . Эфир от 20.05.2022 (11:30)",20 мая,https://smotrim.ru/video/2413448
2413101,2022,19 мая 137 мин Самая массовая сдача в плен с начала СВО. Эфир от 19.05.2022 (17:30),19 мая,https://smotrim.ru/video/2413101
2412955,2022,19 мая 136 мин В Мариуполе уже сдались 1730 украинских боевиков. Эфир от 19.05.2022 (11:30),19 мая,https://smotrim.ru/video/2412955
2412516,2022,"18 мая 138 мин Первые кадры нахождения боевиков с ""Азовстали"" на больничных койках. Эфир от 18.05.20",18 мая,https://smotrim.ru/video/2412516
2412376,2022,"18 мая 137 мин Боевики с ""Азовстали"" продолжают сдаваться в плен. Эфир от 18.05.2022 (11:30)",18 мая,https://smotrim.ru/video/2412376
2412013,2022,17 мая 137 мин Кадры пленения украинских боевиков. Эфир от 17.05.2022 (17:30),17 мая,https://smotrim.ru/video/2412013
2411833,2022,"17 мая 138 мин Сдача в плен украинских военных и ""азовцев"" в Мариуполе. Эфир от 17.05.2022 (11:30)",17 мая,https://smotrim.ru/video/2411833
2411506,2022,"16 мая 138 мин Раненых украинских военных вывезли с ""Азовстали"". Эфир от 16.05.2022 (17:30)",16 мая,https://smotrim.ru/video/2411506
2411368,2022,"16 мая 136 мин Боевики на ""Азовстали"" начали сдаваться в плен. Эфир от 16.05.2022 (11:30)",16 мая,https://smotrim.ru/video/2411368
2410648,2022,13 мая 136 мин Армия России выбила противника из села Долгенькое под Изюмом. Эфир от 13.05.2022 (17:,13 мая,https://smotrim.ru/video/2410648
2410373,2022,13 мая 135 мин Российские войска приступили к штурму Северодонецка. Эфир от 13.05.2022 (11:30),13 мая,https://smotrim.ru/video/2410373
2410155,2022,12 мая 135 мин Ракетные удары по военной инфраструктуре Украины. Эфир от 12.05.2022 (17:30),12 мая,https://smotrim.ru/video/2410155
2409992,2022,12 мая 135 мин Британия и США желают тотального поражения РФ на Украине. Эфир от 12.05.2022 (11:30),12 мая,https://smotrim.ru/video/2409992
2409635,2022,11 мая 136 мин Уничтожение личного состава и военной техники. Эфир от 11.05.2022 (17:30),11 мая,https://smotrim.ru/video/2409635
2409528,2022,11 мая 136 мин Попасная полностью освобождена. Эфир от 11.05.2022 (11:30),11 мая,https://smotrim.ru/video/2409528
2408344,2022,6 мая 136 мин Уничтожение военных объектов противника. Эфир от 06.05.2022 (17:30),6 мая,https://smotrim.ru/video/2408344
2408229,2022,6 мая 136 мин Ракетные удары по ключевым объектам военной инфраструктуры Украины. Эфир от 06.05.2022,6 мая,https://smotrim.ru/video/2408229
2407890,2022,5 мая 135 мин Уничтожение авиации ВСУ. Эфир от 05.05.2022 (17:30),5 мая,https://smotrim.ru/video/2407890
2407794,2022,5 мая 136 мин Высокоточный удар по Амурскому мосту через реку Днепр. Эфир от 05.05.2022 (11:30),5 мая,https://smotrim.ru/video/2407794
2407478,2022,4 мая 136 мин Уничтожение составов с заокеанскими боеприпасами. Эфир от 04.05.2022 (17:30),4 мая,https://smotrim.ru/video/2407478
2407305,2022,4 мая 135 мин Уничтожение путей доставки западного оружия на Украину. Эфир от 04.05.2022 (11:30),4 мая,https://smotrim.ru/video/2407305
2406212,2022,29 апреля 130 мин ВСУ попали в окружение под Изюмом. Эфир от 29.04.2022 (17:30),29 апреля,https://smotrim.ru/video/2406212
2405969,2022,29 апреля 131 мин Уничтожение тяговых электроподстанций на Украине. Эфир от 29.04.2022 (11:30),29 апреля,https://smotrim.ru/video/2405969
2405786,2022,28 апреля 131 мин ВСУ продолжают сеять смерть среди мирных жителей Донецка. Эфир от 28.04.2022 (17:3,28 апреля,https://smotrim.ru/video/2405786
2405500,2022,28 апреля 131 мин Чудом удалось избежать жертв. Эфир от 28.04.2022 (11:30),28 апреля,https://smotrim.ru/video/2405500
2405276,2022,27 апреля 130 мин Молниеносный ответ России на вмешательство в ситуацию на Украине. Эфир от 27.04.20,27 апреля,https://smotrim.ru/video/2405276
2405001,2022,"27 апреля 131 мин Либо за рубли, либо без газа. Эфир от 27.04.2022 (11:30)",27 апреля,https://smotrim.ru/video/2405001
2404809,2022,26 апреля 130 мин Ракетные удары по инфраструктуре ВСУ в Одесской области. Эфир от 26.04.2022 (17:30,26 апреля,https://smotrim.ru/video/2404809
2404659,2022,26 апреля 131 мин Уничтожение военной инфраструктуры противника. Эфир от 26.04.2022 (11:30),26 апреля,https://smotrim.ru/video/2404659
2404326,2022,25 апреля 130 мин Западу не удастся расколоть Россию изнутри. Эфир от 25.04.2022 (17:30),25 апреля,https://smotrim.ru/video/2404326
2404230,2022,"25 апреля 131 мин Железнодорожное ""разрезание"" Украины. Эфир от 25.04.2022 (11:30)",25 апреля,https://smotrim.ru/video/2404230
2403657,2022,22 апреля 135 мин Уничтожение батальона ВСУ. Эфир от 22.04.2022 (17:30),22 апреля,https://smotrim.ru/video/2403657
2403479,2022,22 апреля 136 мин Полный контроль над Донбассом и Южной Украиной. Эфир от 22.04.2022 (11:30),22 апреля,https://smotrim.ru/video/2403479
2403225,2022,21 апреля 135 мин Не рисковать жизнями российских военных. Эфир от 21.04.2022 (17:30),21 апреля,https://smotrim.ru/video/2403225
2402999,2022,21 апреля 134 мин Шойгу доложил Путину об освобождении Мариуполя. Эфир от 21.04.2022 (11:30),21 апреля,https://smotrim.ru/video/2402999
2402817,2022,20 апреля 136 мин Путин о флаге и гимне в российских школах. Эфир от 20.04.2022 (17:30),20 апреля,https://smotrim.ru/video/2402817
2402618,2022,"20 апреля 135 мин Союзные силы РФ и ДНР приступили к зачистке от боевиков завода ""Азовсталь"". Эфир о",20 апреля,https://smotrim.ru/video/2402618
2402405,2022,19 апреля 135 мин Шойгу о противодействии США спецоперации РФ. Эфир от 19.04.2022 (17:30),19 апреля,https://smotrim.ru/video/2402405
2402289,2022,19 апреля 140 мин Российская наступательная операция в Донбассе. Эфир от 19.04.2022 (11:30),19 апреля,https://smotrim.ru/video/2402289
2402053,2022,"18 апреля 136 мин Перехват крупнокалиберных снарядов, выпущенных РСЗО ВСУ. Эфир от 18.04.2022 (17:30",18 апреля,https://smotrim.ru/video/2402053
2401960,2022,18 апреля 141 мин Высокоточное поражение целей ВСУ. Эфир от 18.04.2022 (11:30),18 апреля,https://smotrim.ru/video/2401960
2401360,2022,15 апреля 136 мин ВС РФ сбили атаковавший Брянскую область вертолет Ми-8. Эфир от 15.04.2022 (17:30),15 апреля,https://smotrim.ru/video/2401360
2401197,2022,"15 апреля 135 мин Ракетный удар по заводу ""Визар"" на окраине Киева. Эфир от 15.04.2022 (11:30)",15 апреля,https://smotrim.ru/video/2401197
2401003,2022,14 апреля 136 мин Совещание по ситуации в нефтегазовой отрасли страны. Эфир от 14.04.2022 (17:30),14 апреля,https://smotrim.ru/video/2401003
2400878,2022,14 апреля 135 мин Удар по Киеву не исключен в случае дальнейших провокаций. Эфир от 14.04.2022 (11:3,14 апреля,https://smotrim.ru/video/2400878
2400732,2022,13 апреля 135 мин Как сдаются в плен украинские боевики. Эфир от 13.04.2022 (17:30),13 апреля,https://smotrim.ru/video/2400732
2400596,2022,13 апреля 134 мин В Мариуполе сложили оружие более 1 тысячи боевиков ВСУ. Эфир от 13.04.2022 (11:30),13 апреля,https://smotrim.ru/video/2400596
2400400,2022,12 апреля 136 мин До полной демилитаризации и денацификации. Эфир от 12.04.2022 (17:30),12 апреля,https://smotrim.ru/video/2400400
2400230,2022,12 апреля 145 мин Путин о специальной военной операции на Украине. Эфир от 12.04.2022 (11:30),12 апреля,https://smotrim.ru/video/2400230
2400028,2022,"11 апреля 138 мин Встреча Путина и Нехаммера продлилась 1,5 часа. Эфир от 11.04.2022 (17:30)",11 апреля,https://smotrim.ru/video/2400028
2399845,2022,11 апреля 135 мин Уничтожение украинского ракетного дивизиона С-300. Эфир от 11.04.2022 (11:30),11 апреля,https://smotrim.ru/video/2399845
2399286,2022,8 апреля 136 мин Новая провокация киевского режима. Эфир от 08.04.2022 (17:30),8 апреля,https://smotrim.ru/video/2399286
2399139,2022,8 апреля 136 мин Уничтожение наземных объектов ВСУ. Эфир от 08.04.2022 (11:30),8 апреля,https://smotrim.ru/video/2399139
2398975,2022,7 апреля 135 мин В промзоне Мариуполя еще остаются порядка 3 тысяч неонацистов. Эфир от 07.04.2022 (,7 апреля,https://smotrim.ru/video/2398975
2398879,2022,"7 апреля 137 мин Залповый пуск ракет ""Калибр"" по наземным целям на Украине. Эфир от 07.04.2022 (11:3",7 апреля,https://smotrim.ru/video/2398879
2398666,2022,6 апреля 144 мин Запад напичкивает Украину оружием. Эфир от 06.04.2022 (17:30),6 апреля,https://smotrim.ru/video/2398666
2398517,2022,6 апреля 136 мин Удар высокоточными ракетами по военным объектам Украины. Эфир от 06.04.2022,6 апреля,https://smotrim.ru/video/2398517
2398386,2022,5 апреля 138 мин Глава Генштаба ВС США оценил вероятность конфликта между державами. Эфир от 05.04.2,5 апреля,https://smotrim.ru/video/2398386
2398303,2022,5 апреля 137 мин Поражение объектов военной инфраструктуры ВСУ. Эфир от 05.04.2022 (11:30),5 апреля,https://smotrim.ru/video/2398303
2398049,2022,4 апреля 136 мин Инсценировка ради новых антироссийских санкций. Эфир от 04.04.2022 (17:30),4 апреля,https://smotrim.ru/video/2398049
2397952,2022,4 апреля 136 мин Мировое сообщество должно знать правду. Эфир от 04.04.2022 (11:30),4 апреля,https://smotrim.ru/video/2397952
2397323,2022,"1 апреля 136 мин По мнению Пекина, НАТО должна была быть упразднена после распада СССР. Эфир от 01.0",1 апреля,https://smotrim.ru/video/2397323
2397208,2022,1 апреля 136 мин Нацбаты продолжают мстить мирным жителям Донецка за поражение в Мариуполе. Эфир от ,1 апреля,https://smotrim.ru/video/2397208
2397003,2022,31 марта 131 мин Новая схема оплаты за газ с недружественными странами. Эфир от 31.03.2022,31 марта,https://smotrim.ru/video/2397003
2396952,2022,31 марта 130 мин Бессовестная информационная война Запада против РФ. Эфир от 31.03.2022 (11:30),31 марта,https://smotrim.ru/video/2396952
2396581,2022,30 марта 131 мин Принципы возможного мирного соглашения. Эфир от 30.03.2022,30 марта,https://smotrim.ru/video/2396581
2396520,2022,30 марта 131 мин ВСУ обстреляли Донецк и Луганск. Эфир от 30.03.2022 (11:30),30 марта,https://smotrim.ru/video/2396520
2396276,2022,29 марта 131 мин Компромиссная позиция Киева. Эфир от 29.03.2022 (17:30),29 марта,https://smotrim.ru/video/2396276
2396219,2022,29 марта 131 мин В Стамбуле проходят очные переговоры делегаций РФ и Украины. Эфир от 29.03.2022 (11,29 марта,https://smotrim.ru/video/2396219
2396030,2022,28 марта 131 мин Неофашисты заблокированы в Мариуполе. Эфир от 28.03.2022 (17:30),28 марта,https://smotrim.ru/video/2396030
2395919,2022,28 марта 131 мин Славутич под полным контролем военных РФ. Эфир от 28.03.2022 (11:30),28 марта,https://smotrim.ru/video/2395919
2395274,2022,25 марта 131 мин За российской культурой правда. Эфир от 25.03.2022 (17:30),25 марта,https://smotrim.ru/video/2395274
2395167,2022,25 марта 131 мин Обеспечить безопасный выход иностранных судов из украинских портов. Эфир от 25.03.2,25 марта,https://smotrim.ru/video/2395167
2394897,2022,24 марта 131 мин Шойгу о ходе спецоперации на Украине. Эфир от 24.03.2022 (17:30),24 марта,https://smotrim.ru/video/2394897
2394846,2022,24 марта 132 мин В Белом доме нагнетают истерию вокруг Украины. Эфир от 24.03.2022,24 марта,https://smotrim.ru/video/2394846
2394574,2022,23 марта 130 мин За российский газ Европе придется платить в рублях. Эфир от 23.03.2022 (17:30),23 марта,https://smotrim.ru/video/2394574
2394528,2022,23 марта 132 мин Мощь российского оружия. Эфир от 23.03.2022,23 марта,https://smotrim.ru/video/2394528
2394240,2022,"22 марта 131 мин Российская ракета, которую почти невозможно остановить. Эфир от 22.03.2022 (17:30)",22 марта,https://smotrim.ru/video/2394240
2394202,2022,22 марта 130 мин Критическая ситуация в отношениях РФ-США. Эфир от 22.03.2022,22 марта,https://smotrim.ru/video/2394202
2393960,2022,21 марта 131 мин Высказывания Байдена не остались без ответа. Эфир от 21.03.2022 (17:30),21 марта,https://smotrim.ru/video/2393960
2393847,2022,21 марта 127 мин Успех российских десантников. Эфир от 21.03.2022,21 марта,https://smotrim.ru/video/2393847
2393468,2022,"19 марта 194 мин Россия показала ""Кинжал"", Украина тормозит переговоры. Эфир от 19.03.2022",19 марта,https://smotrim.ru/video/2393468
2393308,2022,18 марта 130 мин Главная тема – спецоперация на Украине. Эфир от 18.03.2022 (17:30),18 марта,https://smotrim.ru/video/2393308
2393153,2022,18 марта 130 мин Четыре женщины погибли при обстреле Донецка. Эфир от 18.03.2022,18 марта,https://smotrim.ru/video/2393153
2392965,2022,17 марта 131 мин Крым ждет крупный российский бизнес. Эфир от 17.03.2022 (17:30),17 марта,https://smotrim.ru/video/2392965
2392859,2022,17 марта 131 мин ВСУ третий раз за третьи сутки подвергли ракетному обстрелу Донецк. Эфир от 17.03.2,17 марта,https://smotrim.ru/video/2392859
2392555,2022,16 марта 125 мин Успех военной спецоперации на Украине. Эфир от 16.03.2022 (17:30),16 марта,https://smotrim.ru/video/2392555
2392450,2022,"16 марта 132 мин Украина вновь применила баллистическую ракету ""Точка-У"" для удара по Донбассу. Эфир",16 марта,https://smotrim.ru/video/2392450
2392247,2022,15 марта 130 мин Мэр Киева призвал мужское население к защите столицы. Эфир от 15.03.2022,15 марта,https://smotrim.ru/video/2392247
2392243,2022,15 марта 135 мин Херсонская область Украины полностью демилитаризована. Эфир от 15.03.2022 (11:30),15 марта,https://smotrim.ru/video/2392243
2391936,2022,14 марта 136 мин Удар ВСУ по мирным жителям Донецка. Эфир от 14.03.2022 (17:30),14 марта,https://smotrim.ru/video/2391936
2391819,2022,14 марта 24 мин Уничтожение Яворовского военного полигона,14 марта,https://smotrim.ru/video/2391819
2391873,2022,14 марта 131 мин Российско-украинские переговоры в видеоформате. Эфир от 14.03.2022 (11:30),14 марта,https://smotrim.ru/video/2391873
2391511,2022,12 марта 198 мин Секретные лаборатории США на Украине. Эфир от 12.03.2022,12 марта,https://smotrim.ru/video/2391511
2391257,2022,"11 марта 131 мин Запад, похоже, окончательно сбросил свое добродушное обличие и показал оскал нацизм",11 марта,https://smotrim.ru/video/2391257
2391165,2022,11 марта 131 мин Добровольцы с Ближнего Востока хотят воевать за Донбасс. Эфир от 11.03.2022,11 марта,https://smotrim.ru/video/2391165
2390907,2022,10 марта 131 мин Россия готовит антисанкционные меры. Эфир от 10.03.2022 (17:30),10 марта,https://smotrim.ru/video/2390907
2390781,2022,10 марта 132 мин Лавров встречается с Кулебой на территории Турции. Эфир от 10.03.2022,10 марта,https://smotrim.ru/video/2390781
2390553,2022,9 марта 131 мин Граждан США призвали срочно покинуть РФ. Эфир от 09.03.2022 (17:30),9 марта,https://smotrim.ru/video/2390553
2390498,2022,9 марта 131 мин Власти в Киеве планировали нападение на Донбасс в марте. Эфир от 09.03.2022,9 марта,https://smotrim.ru/video/2390498
2390054,2022,7 марта 131 мин Опорные пункты нацбатов в школах и срыв эвакуации. Эфир от 07.03.2022 (14:30),7 марта,https://smotrim.ru/video/2390054
2390007,2022,7 марта 131 мин Гуманитарные коридоры и пленники Мариуполя. Эфир от 07.03.2022 (11:30),7 марта,https://smotrim.ru/video/2390007
2389885,2022,6 марта 71 мин Одиннадцатый день и речь Байдена. Эфир от 06.03.2022 (16:40),6 марта,https://smotrim.ru/video/2389885
2389840,2022,6 марта 60 мин Зеленский договариваться не хочет. Эфир от 06.03.2022 (14:40),6 марта,https://smotrim.ru/video/2389840
2389819,2022,6 марта 130 мин О чем забыл Байден и обстановка в Мариуполе. Эфир от 06.03.2022,6 марта,https://smotrim.ru/video/2389819
2389665,2022,5 марта 68 мин Путин о спецоперации на Украине. Эфир от 05.03.2022 (16:40),5 марта,https://smotrim.ru/video/2389665
2389666,2022,5 марта 68 мин Преступления украинской военщины. Эфир от 05.03.2022 (14:40),5 марта,https://smotrim.ru/video/2389666
2389592,2022,5 марта 131 мин Россия и Украина согласовали гуманитарные коридоры для мирных жителей. Эфир от 05.03,5 марта,https://smotrim.ru/video/2389592
2389471,2022,4 марта 131 мин Шольц созвонился с Путиным. Эфир от 04.03.2022 (17:30),4 марта,https://smotrim.ru/video/2389471
2389365,2022,4 марта 130 мин Военные РФ предотвратили техногенную катастрофу планетарного масштаба. Эфир от 04.03,4 марта,https://smotrim.ru/video/2389365
2389121,2022,3 марта 132 мин Снова за столом переговоров. Эфир от 03.03.2022 (17:30),3 марта,https://smotrim.ru/video/2389121
2389026,2022,3 марта 130 мин Российско-украинские переговоры под вопросом. Эфир от 03.03.2022,3 марта,https://smotrim.ru/video/2389026
2388798,2022,2 марта 131 мин ВСУ выбиты из почти 40 населенных пунктов Донбасса. Эфир от 02.03.2022 (17:30),2 марта,https://smotrim.ru/video/2388798
2388733,2022,2 марта 131 мин Херсон под контролем российской армии. Эфир от 02.03.2022,2 марта,https://smotrim.ru/video/2388733
2388499,2022,1 марта 132 мин До полной демилитаризации и денацификации Украины. Эфир от 01.03.2022 (17:30),1 марта,https://smotrim.ru/video/2388499
2388411,2022,1 марта 132 мин ВКС РФ уничтожили шесть колонн бронетехники ВСУ. Эфир от 01.03.2022,1 марта,https://smotrim.ru/video/2388411
2388225,2022,28 февраля 132 мин Представители России и Украины за столом переговоров. Эфир от 28.02.2022 (17:30),28 февраля,https://smotrim.ru/video/2388225
2388007,2022,28 февраля 136 мин В ожидании российско-украинских переговоров. Эфир от 28.02.2022,28 февраля,https://smotrim.ru/video/2388007
2387690,2022,26 февраля 131 мин Ракетный удар по военной инфраструктуре Украины. Специальный выпуск. Эфир от 26.0,26 февраля,https://smotrim.ru/video/2387690
2387561,2022,25 февраля 129 мин Киев блокирован с западной стороны. Эфир от 25.02.2022 (17:30),25 февраля,https://smotrim.ru/video/2387561
2387521,2022,25 февраля 128 мин ВСУ атаковали российский военный аэродром. Эфир от 25.02.2022,25 февраля,https://smotrim.ru/video/2387521
2387219,2022,24 февраля 137 мин Путин призвал украинских военных не исполнять преступных приказов. Эфир от 24.02.,24 февраля,https://smotrim.ru/video/2387219
2387090,2022,24 февраля 68 мин Защита Донбасса от нацистского режима на Украине. Эфир от 24.02.2022,24 февраля,https://smotrim.ru/video/2387090
2386662,2022,22 февраля 68 мин Госдума и Совфед единогласно поддержали признание независимости Донбасса. Эфир от ,22 февраля,https://smotrim.ru/video/2386662
2386530,2022,22 февраля 68 мин Заслуженные поздравления жителям Донбасса. Эфир от 22.02.2022,22 февраля,https://smotrim.ru/video/2386530
2386394,2022,21 февраля 93 мин Решение будет принято сегодня. Эфир от 21.02.2022 (18:40),21 февраля,https://smotrim.ru/video/2386394
2386215,2022,21 февраля 68 мин Глава ДНР Денис Пушилин назвал критической ситуацию в Донбассе. Эфир от 21.02.2022,21 февраля,https://smotrim.ru/video/2386215
2385650,2022,18 февраля 62 мин В Донбассе объявлена эвакуация местных жителей. Эфир от 18.02.2022 (18:40),18 февраля,https://smotrim.ru/video/2385650
2385438,2022,18 февраля 56 мин Эвакуация жителей прифронтовых населенных пунктов Донбасса. Эфир от 18.02.2022,18 февраля,https://smotrim.ru/video/2385438
2385147,2022,"17 февраля 68 мин Байден обновил прогноз ""вторжения"" России на Украину. Эфир от 17.02.2022 (18:40)",17 февраля,https://smotrim.ru/video/2385147
2384965,2022,17 февраля 63 мин Не менее девяти населенных пунктов Донбасса под массированным обстрелом. Эфир от 1,17 февраля,https://smotrim.ru/video/2384965
2384785,2022,"16 февраля 67 мин Киев все же подвергся ""нападению"". Эфир от 16.02.2022 (18:40)",16 февраля,https://smotrim.ru/video/2384785
2384659,2022,"16 февраля 67 мин Российские войска вероломно проспали ""вторжение"" на Украину. Эфир от 16.02.2022",16 февраля,https://smotrim.ru/video/2384659
2384393,2022,"15 февраля 67 мин Девять часов до ""вторжения"". Эфир от 15.02.2022 (18:40)",15 февраля,https://smotrim.ru/video/2384393
2384248,2022,"15 февраля 72 мин ""Война"" с Украиной временно отменяется. Эфир от 15.02.2022",15 февраля,https://smotrim.ru/video/2384248
2384108,2022,14 февраля 67 мин Уже более 40 стран призвали своих граждан срочно покинуть Украину. Эфир от 14.02.2,14 февраля,https://smotrim.ru/video/2384108
2384004,2022,"14 февраля 67 мин Гадания по дате ""вторжения"" России на Украину. Эфир от 14.02.2022",14 февраля,https://smotrim.ru/video/2384004
2383189,2022,11 февраля 67 мин Киев не пригласили на онлайн-саммит по Украине. Эфир от 11.02.2022 (18:40),11 февраля,https://smotrim.ru/video/2383189
2383038,2022,11 февраля 67 мин Байден усиливает напряженность вокруг Украины. Эфир от 11.02.2022,11 февраля,https://smotrim.ru/video/2383038
2382796,2022,"10 февраля 68 мин Для тех, кто не понял. Эфир от 10.02.2022 (18:40)",10 февраля,https://smotrim.ru/video/2382796
2382653,2022,10 февраля 67 мин Лаврову пришлось доносить смысл своих слов главе британского МИД. Эфир от 10.02.20,10 февраля,https://smotrim.ru/video/2382653
2382436,2022,"9 февраля 68 мин В Пентагоне отвели 90 дней на ""захват"" Украины. Эфир от 09.02.2022 (18:40)",9 февраля,https://smotrim.ru/video/2382436
2382155,2022,8 февраля 67 мин Выполнение минских соглашений как приоритет. Эфир от 08.02.2022 (18:40),8 февраля,https://smotrim.ru/video/2382155
2381862,2022,"7 февраля 67 мин Переговоры, за которыми следят в Европе и США. Эфир от 07.02.2022 (18:40)",7 февраля,https://smotrim.ru/video/2381862
2381022,2022,"4 февраля 68 мин Запад связал ""российскую агрессию"" даже с Олимпиадой. Эфир от 04.02.2022 (18:40)",4 февраля,https://smotrim.ru/video/2381022
2380899,2022,4 февраля 68 мин Личная встреча Путина с Си Цзиньпинем. Эфир от 04.02.2022,4 февраля,https://smotrim.ru/video/2380899
2380675,2022,3 февраля 67 мин США перебрасывают в Европу элитные войска. Эфир от 03.02.2022 (18:40),3 февраля,https://smotrim.ru/video/2380675
2380550,2022,3 февраля 67 мин Белорусские военные захватили украинский дрон-разведчик. Эфир от 03.02.2022,3 февраля,https://smotrim.ru/video/2380550
2380350,2022,2 февраля 67 мин США перебрасывают в Европу более 3 тысяч военных. Эфир от 02.02.2022 (18:40),2 февраля,https://smotrim.ru/video/2380350
2380241,2022,2 февраля 68 мин В Белом доме пытаются унизить Россию. Эфир от 02.02.2022,2 февраля,https://smotrim.ru/video/2380241
2380025,2022,1 февраля 67 мин В ожидании важного заявления Владимира Путина. Эфир от 01.02.2022 (18:40),1 февраля,https://smotrim.ru/video/2380025
2379920,2022,1 февраля 68 мин ВСУ готовятся к наступательным действиям в Донбассе. Эфир от 01.02.2022,1 февраля,https://smotrim.ru/video/2379920
2379756,2022,31 января 67 мин Запад объявляет о готовности ввести санкции против РФ. Эфир от 31.01.2022 (18:40),31 января,https://smotrim.ru/video/2379756
2379668,2022,31 января 68 мин Британская пресса соревнуется во вбросе фейков. Эфир от 31.01.2022,31 января,https://smotrim.ru/video/2379668
2379146,2022,28 января 67 мин Запад не учел основные озабоченности РФ по безопасности. Эфир от 28.01.2022 (18:40),28 января,https://smotrim.ru/video/2379146
2379021,2022,"28 января 68 мин В Госдепе США не стесняются в выражениях в отношении ""Северного потока-2"". Эфир от ",28 января,https://smotrim.ru/video/2379021
2378760,2022,27 января 68 мин США ответили РФ по гарантиям безопасности. Эфир от 27.01.2022 (18:40),27 января,https://smotrim.ru/video/2378760
2378648,2022,27 января 68 мин Решать будет президент России Владимир Путин. Эфир от 27.01.2022,27 января,https://smotrim.ru/video/2378648
2378437,2022,26 января 67 мин Россия не оставит без защиты жителей Донбасса. Эфир от 26.01.2022 (18:40),26 января,https://smotrim.ru/video/2378437
2378292,2022,26 января 67 мин Предупреждение главы МИД РФ. Эфир от 26.01.2022,26 января,https://smotrim.ru/video/2378292
2378088,2022,25 января 67 мин Запад будто бы подталкивает Киев к боевым действиям в Донбассе. Эфир от 25.01.2022 ,25 января,https://smotrim.ru/video/2378088
2377949,2022,25 января 68 мин США значительно усилят воинский контингент в Европе. Эфир от 25.01.2022,25 января,https://smotrim.ru/video/2377949
2377712,2022,24 января 68 мин Донбасс перед угрозой вторжения ВСУ. Эфир от 24.01.2022 (18:40),24 января,https://smotrim.ru/video/2377712
2377604,2022,24 января 68 мин Зачем США фейки о готовящемся вторжении РФ на Украину. Эфир от 24.01.2022,24 января,https://smotrim.ru/video/2377604
2377125,2022,"21 января 67 мин ""Переформатировать"" настрой Вашингтона. Эфир от 21.01.2022 (18:40)",21 января,https://smotrim.ru/video/2377125
2376971,2022,"21 января 67 мин ВСУ перебросили в Донбасс РЗСО ""Смерч"" и ""Ураган"". Эфир от 21.01.2022",21 января,https://smotrim.ru/video/2376971
2376751,2022,20 января 68 мин США пытаются свести требования Москвы к ситуации вокруг Украины. Эфир от 20.01.2022,20 января,https://smotrim.ru/video/2376751
2376631,2022,20 января 68 мин Байден пригрозил России катастрофой. Эфир от 20.01.2022,20 января,https://smotrim.ru/video/2376631
2376394,2022,19 января 67 мин США отказались письменно ответить на требования Москвы в области безопасности. Эфир,19 января,https://smotrim.ru/video/2376394
2376271,2022,19 января 68 мин Белый дом и СNN фонтанируют фейковой информацией. Эфир от 19.01.2022,19 января,https://smotrim.ru/video/2376271
2376105,2022,18 января 67 мин США хотят видеть Украину на переговорах по безопасности. Эфир от 18.01.2022 (18:40),18 января,https://smotrim.ru/video/2376105
2375981,2022,18 января 68 мин Шойгу пригласили в Лондон для переговоров. Эфир от 18.01.2022,18 января,https://smotrim.ru/video/2375981
2375703,2022,"17 января 68 мин Триумфальное возвращение ""Пороха"". Эфир от 17.01.2022 (18:40)",17 января,https://smotrim.ru/video/2375703
2375595,2022,17 января 67 мин В Вашингтоне подготовили 18 сценариев ответа России. Эфир от 17.01.2022,17 января,https://smotrim.ru/video/2375595
2375017,2022,14 января 68 мин Зеленский хочет встретиться с Путиным и Байденом. Эфир от 14.01.2022 (18:40),14 января,https://smotrim.ru/video/2375017
2374900,2022,14 января 67 мин Москва больше не намерена терпеть происки Запада. Эфир от 14.01.2022,14 января,https://smotrim.ru/video/2374900
2374642,2022,13 января 67 мин Запад провалил переговоры с РФ о гарантиях безопасности. Эфир от 13.01.2022 (18:40),13 января,https://smotrim.ru/video/2374642
2374522,2022,13 января 67 мин Россия излагает в ОБСЕ свои требования по гарантиям безопасности. Эфир от 13.01.202,13 января,https://smotrim.ru/video/2374522
2374339,2022,12 января 67 мин Не повторить ситуацию в США. Эфир от 12.01.2022 (18:40),12 января,https://smotrim.ru/video/2374339
2374224,2022,12 января 68 мин Россиян ждет новая волна коронавирусной инфекции. Эфир от 12.01.2022,12 января,https://smotrim.ru/video/2374224
2373916,2022,11 января 68 мин Приграничные районы России в фокусе Совбеза. Эфир от 11.01.2022 (18:40),11 января,https://smotrim.ru/video/2373916
2373824,2022,11 января 68 мин Песков о российско-американских переговорах в Женеве. Эфир от 11.01.2022,11 января,https://smotrim.ru/video/2373824
2373631,2022,10 января 68 мин 2022 год зашел с козырей. Эфир от 10.01.2022 (18:40),10 января,https://smotrim.ru/video/2373631
2373577,2022,10 января 68 мин Определить вектор отношений. Эфир от 10.01.2022,10 января,https://smotrim.ru/video/2373577
2738130,2023,29 декабря 131 мин Самый массированный удар по объектам и инфраструктуре ВСУ. Эфир от 29.12.2023 (11,29 декабря,https://smotrim.ru/video/2738130
2737780,2023,28 декабря 131 мин Шокирующие данные о потерях в рядах ВСУ. Эфир от 28.12.2023 (17:30),28 декабря,https://smotrim.ru/video/2737780
2737536,2023,28 декабря 130 мин План Запада по ведению быстрой войны против России полностью провален. Эфир от 28,28 декабря,https://smotrim.ru/video/2737536
2737168,2023,27 декабря 131 мин Украина: мобилизация и конфронтация. Эфир от 27.12.2023 (17:30),27 декабря,https://smotrim.ru/video/2737168
2736946,2023,27 декабря 131 мин Банковая на пороге поражения. Эфир от 27.12.2023 (11:30),27 декабря,https://smotrim.ru/video/2736946
2736408,2023,26 декабря 131 мин Продвижение по службе комбата Трошина войдет в историю. Эфир от 26.12.2023 (17:30,26 декабря,https://smotrim.ru/video/2736408
2736167,2023,26 декабря 131 мин Марьинка полностью под контролем Армии России. Эфир от 26.12.2023 (11:30),26 декабря,https://smotrim.ru/video/2736167
2735781,2023,25 декабря 131 мин Три новых боевых корабля вошли в состав ВМФ РФ. Эфир от 25.12.2023 (17:30),25 декабря,https://smotrim.ru/video/2735781
2735521,2023,25 декабря 131 мин Армия России перехватила инициативу на большей части фронта. Эфир от 25.12.2023 (,25 декабря,https://smotrim.ru/video/2735521
2734620,2023,22 декабря 130 мин США готовятся использовать замороженные активы РФ для помощи Украине. Эфир от 22.,22 декабря,https://smotrim.ru/video/2734620
2734424,2023,22 декабря 131 мин Киев хочет мобилизовать уехавших на Запад украинцев. Эфир от 22.12.2023 (11:30),22 декабря,https://smotrim.ru/video/2734424
2733958,2023,"21 декабря 130 мин Путин прервал заседание, чтобы пообщаться с девочкой Ксенией из Петербурга. Эфир ",21 декабря,https://smotrim.ru/video/2733958
2733717,2023,"21 декабря 131 мин В бой идут одни ""старики"". Эфир от 21.12.2023 (11:30)",21 декабря,https://smotrim.ru/video/2733717
2733257,2023,"20 декабря 131 мин Главная вашингтонская газета ""слила"" Украину. Эфир от 20.12.2023 (17:30)",20 декабря,https://smotrim.ru/video/2733257
2732971,2023,20 декабря 131 мин Армия России теснит противника на артемовском направлении. Эфир от 20.12.2023 (11,20 декабря,https://smotrim.ru/video/2732971
2732562,2023,19 декабря 131 мин Путин объяснил провал контрнаступления ВСУ мужеством и героизмом воинов РФ. Эфир ,19 декабря,https://smotrim.ru/video/2732562
2732266,2023,19 декабря 134 мин В рядах боевиков ВСУ царят мрачные настроение. Эфир от 19.12.2023 (11:30),19 декабря,https://smotrim.ru/video/2732266
2731874,2023,18 декабря 131 мин Путин сдал документы для участия в президентских выборах. Эфир от 18.12.2023 (17:,18 декабря,https://smotrim.ru/video/2731874
2731611,2023,18 декабря 130 мин Военные РФ не прекращают атаки на позиции ВСУ. Эфир от 18.12.2023 (11:30),18 декабря,https://smotrim.ru/video/2731611
2730911,2023,15 декабря 125 мин Венгрия наложила вето на помощь Украине со стороны ЕС. Эфир от 15.12.2023 (17:30),15 декабря,https://smotrim.ru/video/2730911
2730662,2023,15 декабря 126 мин ВКС РФ ударили по инфраструктуре ВСУ в Одесской области. Эфир от 15.12.2023 (11:3,15 декабря,https://smotrim.ru/video/2730662
2730319,2023,14 декабря 125 мин Воздушная тревога по всей Украине. Эфир от 14.12.2023 (17:30),14 декабря,https://smotrim.ru/video/2730319
2730230,2023,14 декабря 48 мин Президент РФ подвел итоги 2023 года. Эфир от 14.12.2023 (16:12),14 декабря,https://smotrim.ru/video/2730230
2729747,2023,13 декабря 126 мин Байден процитировал российское телевидение. Эфир от 13.12.2023 (17:30),13 декабря,https://smotrim.ru/video/2729747
2729513,2023,13 декабря 125 мин Финляндия готовится к ядерной войне. Эфир от 13.12.2023 (11:30),13 декабря,https://smotrim.ru/video/2729513
2729094,2023,12 декабря 125 мин Помощь США Украине не сможет изменить ход СВО. Эфир от 12.12.2023 (17:30),12 декабря,https://smotrim.ru/video/2729094
2728840,2023,12 декабря 125 мин Антирейтинг Байдена бьет новый рекорд. Эфир от 12.12.2023 (11:30),12 декабря,https://smotrim.ru/video/2728840
2728409,2023,11 декабря 125 мин Церемония поднятия флагов на АПЛ в Северодвинске. Эфир от 11.12.2023 (17:30),11 декабря,https://smotrim.ru/video/2728409
2728209,2023,"11 декабря 126 мин ""60 минут"" получили премию ТЭФИ. Эфир от 11.12.2023 (11:30)",11 декабря,https://smotrim.ru/video/2728209
2727415,2023,8 декабря 130 мин Путин будет баллотироваться на выборах в 2024 году. Эфир от 08.12.2023 (17:30),8 декабря,https://smotrim.ru/video/2727415
2727120,2023,8 декабря 131 мин Российские военные уничтожили третий танк Challenger 2. Эфир от 08.12.2023 (11:30),8 декабря,https://smotrim.ru/video/2727120
2726716,2023,7 декабря 130 мин Госдеп США объявил о новом пакете военной помощи Украине. Эфир от 07.12.2023 (17:3,7 декабря,https://smotrim.ru/video/2726716
2726472,2023,7 декабря 130 мин Сенат США заблокировал проект о помощи Украине. Эфир от 07.12.2023 (11:30),7 декабря,https://smotrim.ru/video/2726472
2726037,2023,6 декабря 130 мин Триумф ближневосточного турне Путина. Эфир от 06.12.203 (17:30),6 декабря,https://smotrim.ru/video/2726037
2725764,2023,6 декабря 130 мин Зеленского больше не хотят слушать. Эфир от 06.12.2023 (11:30),6 декабря,https://smotrim.ru/video/2725764
2725348,2023,5 декабря 131 мин Как генерал Милли вдохновлял бойцов ВСУ на убийство русских. Эфир от 05.12.2023 (1,5 декабря,https://smotrim.ru/video/2725348
2725088,2023,5 декабря 131 мин Тайные детали подготовки контрнаступа ВСУ. Эфир от 05.12.2023 (11:30),5 декабря,https://smotrim.ru/video/2725088
2724602,2023,4 декабря 131 мин Зеленский приказал возводить оборонительные сооружения по всей Украине. Эфир от 04,4 декабря,https://smotrim.ru/video/2724602
2724335,2023,4 декабря 130 мин Западу следует готовится к плохим новостям. Эфир от 04.12.2023 (11:30),4 декабря,https://smotrim.ru/video/2724335
2723503,2023,1 декабря 125 мин Над Марьинкой развеваются Знамя Победы и флаг России. Эфир от 01.12.2023 (17:30),1 декабря,https://smotrim.ru/video/2723503
2723207,2023,"1 декабря 126 мин БПЛА ""Ланцет"" уничтожил украинский Су-25. Эфир от 01.12.2023 (11:30)",1 декабря,https://smotrim.ru/video/2723207
2722873,2023,30 ноября 126 мин Зеленский о сложностях возвращения Донбасса Украине. Эфир от 30.11.2023 (17:30),30 ноября,https://smotrim.ru/video/2722873
2722611,2023,30 ноября 126 мин Российские военные выбили противника из пригорода Артемовска. Эфир от 30.11.2023 (,30 ноября,https://smotrim.ru/video/2722611
2722223,2023,29 ноября 126 мин Мясорубка на левобережье и ледяное сочувствие Запада. Эфир от 29.11.2023 (17:30),29 ноября,https://smotrim.ru/video/2722223
2721955,2023,29 ноября 125 мин Угроза военного переворота на Украине и отравление в ГУР. Эфир от 29.11.2023 (11:3,29 ноября,https://smotrim.ru/video/2721955
2721448,2023,"28 ноября 126 мин Глава Чехии признал, что Запад не сдержал обещаний по поддержке Киева. Эфир от 28.",28 ноября,https://smotrim.ru/video/2721448
2721235,2023,"28 ноября 126 мин ""Шторм века"" ударил и по Украине. Эфир от 28.11.2023 (11:30)",28 ноября,https://smotrim.ru/video/2721235
2720855,2023,27 ноября 126 мин Сильнейший ураган обрушился на юг России. Эфир от 27.11.2023 (17:30),27 ноября,https://smotrim.ru/video/2720855
2720614,2023,"27 ноября 126 мин Главком ВСУ не знает, как воевать в 2024 году. Эфир от 27.11.2023 (11:30)",27 ноября,https://smotrim.ru/video/2720614
2719799,2023,24 ноября 126 мин Военные РФ планомерно выбивают противника с его позиций. Эфир от 24.11.2023 (17:30,24 ноября,https://smotrim.ru/video/2719799
2719507,2023,24 ноября 124 мин Российские военные ударили по аэродромам ВСУ. Эфир от 24.11.2023 (11:30),24 ноября,https://smotrim.ru/video/2719507
2719068,2023,23 ноября 126 мин Наступление ВСУ на Запорожском направлении выдохлось. Эфир от 23.11.2023 (17:30),23 ноября,https://smotrim.ru/video/2719068
2718793,2023,"23 ноября 126 мин Скончался раненый в зоне СВО военкор ""России 24"". Эфир от 23.11.2023 (11:30)",23 ноября,https://smotrim.ru/video/2718793
2718391,2023,"22 ноября 125 мин Путин обратился к тем, кого потрясает агрессия России на Украине. Эфир от 22.11.20",22 ноября,https://smotrim.ru/video/2718391
2718161,2023,22 ноября 126 мин Ошибки Запада и большая беда Зеленского. Эфир от 22.11.2023 (11:30),22 ноября,https://smotrim.ru/video/2718161
2717660,2023,21 ноября 125 мин Глава Минобороны РФ назвал потери ВСУ с начала ноября. Эфир от 21.11.2023 (17:30),21 ноября,https://smotrim.ru/video/2717660
2717414,2023,"21 ноября 126 мин Десятая годовщина ""революции достоинства"" на Украине. Эфир от 21.11.2023 (11:30)",21 ноября,https://smotrim.ru/video/2717414
2716954,2023,20 ноября 125 мин Оптимизм киевского режима угасает с приходом очередной зимы . Эфир от 20.11.2023 (,20 ноября,https://smotrim.ru/video/2716954
2716710,2023,20 ноября 125 мин ВС РФ впервые применили в зоне СВО кассетные бомбы РБК-500. Эфир от 20.11.2023 (11,20 ноября,https://smotrim.ru/video/2716710
2715845,2023,"17 ноября 126 мин Зеленский утверждает, что Россия якобы пытается организовать новый ""Майдан"". Эфир ",17 ноября,https://smotrim.ru/video/2715845
2715600,2023,17 ноября 126 мин Жертвами насильственной мобилизации становятся женщины. Эфир от 17.11.2023 (11:30),17 ноября,https://smotrim.ru/video/2715600
2715194,2023,16 ноября 126 мин Советник Байдена лишился сна из-за мыслей об Украине. Эфир от 16.11.2023 (17:30),16 ноября,https://smotrim.ru/video/2715194
2714944,2023,16 ноября 126 мин Российские войска продвинулись вперед сразу на нескольких направлениях. Эфир от 16,16 ноября,https://smotrim.ru/video/2714944
2714514,2023,"15 ноября 126 мин Байден ищет ""позитивный путь"" к Си. Эфир от 15.11.2023 (17:30)",15 ноября,https://smotrim.ru/video/2714514
2714273,2023,"15 ноября 126 мин Водяные ""мясные штурмы"" ВСУ. Эфир от 15.11.2023 (11:30)",15 ноября,https://smotrim.ru/video/2714273
2713838,2023,14 ноября 126 мин Зеленский и Залужный заявили о сложной ситуации в зоне боевых действий. Эфир от 14,14 ноября,https://smotrim.ru/video/2713838
2713613,2023,14 ноября 126 мин Страхи киевского режима усиливаются. Эфир от 14.11.2023 (11:30),14 ноября,https://smotrim.ru/video/2713613
2713188,2023,13 ноября 126 мин Конфликт на Украине перестает быть выгодным для США и Европы. Эфир от 13.11.2023 (,13 ноября,https://smotrim.ru/video/2713188
2712935,2023,13 ноября 125 мин Главкома ВСУ предложили выдвинуть кандидатом в президенты Украины. Эфир от 13.11.2,13 ноября,https://smotrim.ru/video/2712935
2712060,2023,10 ноября 121 мин Конфликт на Украине может закончиться внезапно. Эфир от 10.11.2023 (17:30),10 ноября,https://smotrim.ru/video/2712060
2711774,2023,10 ноября 126 мин Путин посетил штаб Южного военного округа. Эфир от 10.11.2023 (11:30),10 ноября,https://smotrim.ru/video/2711774
2711400,2023,9 ноября 116 мин У НАТО недостаточно производственных мощностей для помощи Украине. Эфир от 09.11.20,9 ноября,https://smotrim.ru/video/2711400
2711222,2023,9 ноября 126 мин Байден все еще верит в возможности Украины вернуть потерянные территории. Эфир от 0,9 ноября,https://smotrim.ru/video/2711222
2710748,2023,8 ноября 126 мин Американские СМИ назвали основных политических соперников Зеленского. Эфир от 08.11,8 ноября,https://smotrim.ru/video/2710748
2710464,2023,8 ноября 119 мин Минобороны опубликовало кадры штурма опорного пункта ВСУ. Эфир от 08.11.2023 (11:30,8 ноября,https://smotrim.ru/video/2710464
2710064,2023,7 ноября 125 мин Зеленский счел неуместным проведение президентских выборов на Украине. Эфир от 07.1,7 ноября,https://smotrim.ru/video/2710064
2709867,2023,7 ноября 122 мин Главком ВСУ Залужный лишился надежного плеча. Эфир от 07.11.2023 (11:30),7 ноября,https://smotrim.ru/video/2709867
2708718,2023,"3 ноября 126 мин Путин: мы защищаем свои ценности, свою культуру, свой язык. Эфир от 03.11.2023 (17:",3 ноября,https://smotrim.ru/video/2708718
2708487,2023,3 ноября 119 мин Армия обороны Израиля взяла в кольцо Газу. Эфир от 03.11.2023 (11:30),3 ноября,https://smotrim.ru/video/2708487
2708120,2023,2 ноября 124 мин В ХАМАС заявили о намерении уничтожить Израиль. Эфир от 02.11.2023 (17:30),2 ноября,https://smotrim.ru/video/2708120
2707884,2023,2 ноября 125 мин Взрывоопасная ситуация вокруг палестино-израильского конфликта. Эфир от 02.11.2023 ,2 ноября,https://smotrim.ru/video/2707884
2707481,2023,"1 ноября 126 мин ""Ангелы Газа"": палестинские дети продолжают гибнуть. Эфир от 01.11.2023 (17:30)",1 ноября,https://smotrim.ru/video/2707481
2707214,2023,1 ноября 126 мин Удар по лагерю беженцев. Эфир от 01.11.2023 (11:30),1 ноября,https://smotrim.ru/video/2707214
2706794,2023,31 октября 126 мин На Западе признали провал контрнаступления ВСУ. Эфир от 31.10.2023 (17:30),31 октября,https://smotrim.ru/video/2706794
2706594,2023,31 октября 126 мин Совещание с членами Совета Безопасности РФ по следам событий в Дагестане. Эфир от,31 октября,https://smotrim.ru/video/2706594
2706158,2023,30 октября 126 мин Путин проведет большое совещание по следам беспорядков в аэропорту Махачкалы. Эфи,30 октября,https://smotrim.ru/video/2706158
2705930,2023,30 октября 126 мин ЦАХАЛ расширяет наземное присутствие в секторе Газа. Эфир от 30.10.2023 (11:30),30 октября,https://smotrim.ru/video/2705930
2705088,2023,27 октября 126 мин ХАМАС пытаются сделать более сговорчивым. Эфир от 27.10.2023 (17:30),27 октября,https://smotrim.ru/video/2705088
2704897,2023,27 октября 126 мин Демонстрация решительности и ожидание вторжения. Эфир от 27.10.2023 (11:30),27 октября,https://smotrim.ru/video/2704897
2704447,2023,26 октября 126 мин ЦАХАЛ провел учения на мини-копии сектора Газа. Эфир от 26.10.2023 (17:30),26 октября,https://smotrim.ru/video/2704447
2704231,2023,26 октября 125 мин Конфликт на Ближнем Востоке набирает кровавые обороты. Эфир от 26.10.2023 (11:30),26 октября,https://smotrim.ru/video/2704231
2703742,2023,"25 октября 126 мин Жертвами ударов Израиля по Газе стали 2,3 тысячи детей, ранены свыше 5,3 тысячи. ",25 октября,https://smotrim.ru/video/2703742
2703597,2023,25 октября 125 мин Шойгу в зоне СВО проверил готовность бойцов к ведению действий в зимний период. Э,25 октября,https://smotrim.ru/video/2703597
2703101,2023,"24 октября 126 мин США опасаются, что ""Хезболла"" может атаковать Израиль с севера. Эфир от 24.10.202",24 октября,https://smotrim.ru/video/2703101
2702866,2023,24 октября 125 мин Большая война на Ближнем Востоке все ближе. Эфир от 24.10.2023 (11:30),24 октября,https://smotrim.ru/video/2702866
2702452,2023,23 октября 126 мин Катастрофическая ситуация в секторе Газа. Эфир от 23.10.2023 (17:30),23 октября,https://smotrim.ru/video/2702452
2702272,2023,23 октября 126 мин ВВС Израиля атаковали лагерь беженцев на севере сектора Газа. Эфир от 23.10.2023 ,23 октября,https://smotrim.ru/video/2702272
2702382,2023,20 октября 121 мин Байден назвал США незаменимой нацией. Эфир от 20.10.2023 (17:30),20 октября,https://smotrim.ru/video/2702382
2701212,2023,20 октября 116 мин Путин посетил штаб армии в Ростове-на-Дону. Эфир от 20.10.2023 (11:30),20 октября,https://smotrim.ru/video/2701212
2700824,2023,19 октября 126 мин Байден запросит у конгресса 60 миллиардов для Украины и 40 миллиардов для Израиля,19 октября,https://smotrim.ru/video/2700824
2700580,2023,19 октября 125 мин Наземная операция в секторе Газа неизбежна. Эфир от 19.10.2023 (11:30),19 октября,https://smotrim.ru/video/2700580
2700249,2023,"18 октября 125 мин Агония киевского режима и ""Кинжал"": важные слова президента. Эфир от 18.10.2023 (",18 октября,https://smotrim.ru/video/2700249
2700031,2023,18 октября 125 мин Владимир Путин в Пекине и опасения Запада. Эфир от 18.10.2023,18 октября,https://smotrim.ru/video/2700031
2699573,2023,17 октября 126 мин Встреча Путина с Си Цзиньпином. Эфир от 17.10.2023 (17:30),17 октября,https://smotrim.ru/video/2699573
2699326,2023,"17 октября 126 мин Запасы, воды, электричества и горючего в секторе Газа стремительно иссякают, сооб",17 октября,https://smotrim.ru/video/2699326
2698951,2023,16 октября 126 мин Путин провел совещание по оперативным вопросам. Эфир от 16.10.2023 (17:30),16 октября,https://smotrim.ru/video/2698951
2698556,2023,"16 октября 118 мин Форум экономического сотрудничества ""Один пояс – один путь"". Эфир от 16.10.2023 (",16 октября,https://smotrim.ru/video/2698556
2697905,2023,13 октября 131 мин Сценарии и география новой войны. Эфир от 13.10.2023 (17:30),13 октября,https://smotrim.ru/video/2697905
2697663,2023,13 октября 130 мин Мир затаился в ожидании наземной операции в Газе. Эфир от 13.10.2023 (11:30),13 октября,https://smotrim.ru/video/2697663
2697293,2023,12 октября 131 мин Ближний Восток в огне. Эфир от 12.10.2023 (17:30),12 октября,https://smotrim.ru/video/2697293
2697048,2023,12 октября 131 мин Нетаньяху назвал каждого из ХАМАС мертвецом. Эфир от 12.10.2023 (11:30),12 октября,https://smotrim.ru/video/2697048
2696616,2023,"11 октября 131 мин Палестина, энергетика и здравый смысл: заявления Путина. Эфир от 11.10.2023 (17:3",11 октября,https://smotrim.ru/video/2696616
2696485,2023,11 октября 130 мин Сколько стран могут втянуться в ближневосточный конфликт. Эфир от 11.10.2023 (11:,11 октября,https://smotrim.ru/video/2696485
2696040,2023,10 октября 131 мин Ближний Восток: кровопролитию не видно конца. Эфир от 10.10.2023 (17:30),10 октября,https://smotrim.ru/video/2696040
2695811,2023,10 октября 130 мин Американские политики хотят втянуть Иран в войну. Эфир от 10.10.2023 (11:30),10 октября,https://smotrim.ru/video/2695811
2695373,2023,9 октября 131 мин ЦАХАЛ получил свободу действий. Эфир от 09.10.2023 (17:30),9 октября,https://smotrim.ru/video/2695373
2695071,2023,9 октября 131 мин Беспрецедентное событие в мировой истории. Эфир от 09.10.2023 (11:30),9 октября,https://smotrim.ru/video/2695071
2694246,2023,6 октября 131 мин Заявления Путина произвели большое впечатление на ведущие мировые СМИ. Эфир от 06.,6 октября,https://smotrim.ru/video/2694246
2693940,2023,6 октября 130 мин Эффект разорвавшейся ядерной бомбы. Эфир от 06.10.2023 (11:30),6 октября,https://smotrim.ru/video/2693940
2693304,2023,5 октября 131 мин ВСУ и Западу за Россией не угнаться. Эфир от 05.10.2023 (11:30),5 октября,https://smotrim.ru/video/2693304
2692906,2023,4 октября 131 мин Крупнейшая потеря командного состава ВСУ. Эфир от 04.10.2023 (17:30),4 октября,https://smotrim.ru/video/2692906
2692682,2023,4 октября 131 мин Удар ФАБ-1500 и клоповый психоз. Эфир от 04.10.2023 (11:30),4 октября,https://smotrim.ru/video/2692682
2692294,2023,3 октября 131 мин Новая гонка вооружений началась. Эфир от 03.10.2023 (17:30),3 октября,https://smotrim.ru/video/2692294
2691955,2023,"3 октября 131 мин ""В бой идут одни старики"" по-украински. Эфир от 03.10.2023 (11:30)",3 октября,https://smotrim.ru/video/2691955
2691590,2023,2 октября 131 мин Зеленский – позор еврейского народа. Эфир от 02.10.2023 (17:30),2 октября,https://smotrim.ru/video/2691590
2691421,2023,2 октября 131 мин Неисполнимые требования для Киева. Эфир от 02.10.2023 (11:30),2 октября,https://smotrim.ru/video/2691421
2690318,2023,"29 сентября 126 мин Путин встретился с бойцами, удостоенными госнаград за боевой подвиг. Эфир от 29.",29 сентября,https://smotrim.ru/video/2690318
2690053,2023,29 сентября 126 мин Обеспечение одинаковых социальных гарантий для всех участников СВО. Эфир от 29.0,29 сентября,https://smotrim.ru/video/2690053
2689686,2023,28 сентября 125 мин Кадыров доложил главковерху о высоком боевом духе чеченских бойцов. Эфир от 28.0,28 сентября,https://smotrim.ru/video/2689686
2689313,2023,28 сентября 126 мин Поражение места хранения техники ВСУ в Херсоне. Эфир от 28.09.2023 (11:30),28 сентября,https://smotrim.ru/video/2689313
2689024,2023,27 сентября 126 мин Овации нацисту. Эфир от 27.09.2023 (17:30),27 сентября,https://smotrim.ru/video/2689024
2688739,2023,27 сентября 126 мин У Зеленского заканчивается пушечное мясо. Эфир от 27.09.2023 (11:30),27 сентября,https://smotrim.ru/video/2688739
2688295,2023,26 сентября 126 мин Остановка работы паромного КПП на границе Украины с Румынией. Эфир от 26.09.2023,26 сентября,https://smotrim.ru/video/2688295
2688073,2023,26 сентября 126 мин Удары по аэродрому ВСУ в Кривом Роге. Эфир от 26.09.2023 (11:30),26 сентября,https://smotrim.ru/video/2688073
2687676,2023,25 сентября 132 мин Что ждет на передовой американские танки Abrams. Эфир от 25.09.2023 (17:30),25 сентября,https://smotrim.ru/video/2687676
2687441,2023,"25 сентября 126 мин Зеленский приветствовал боевика СС из дивизии ""Галичина"". Эфир от 25.09.2023 (11",25 сентября,https://smotrim.ru/video/2687441
2686543,2023,22 сентября 121 мин Байден все же объявил о новом пакете военной помощи Украине. Эфир от 22.09.2023 ,22 сентября,https://smotrim.ru/video/2686543
2686343,2023,22 сентября 125 мин Президент Украины демонстрирует терпение и шаркает ножкой. Эфир от 22.09.2023 (1,22 сентября,https://smotrim.ru/video/2686343
2685894,2023,21 сентября 126 мин Очередной визит с протянутой рукой. Эфир от 21.09.2023 (17:30),21 сентября,https://smotrim.ru/video/2685894
2685703,2023,21 сентября 126 мин ВКС РФ поразили цели в шести городах Украины. Эфир от 21.09.2023 (11:30),21 сентября,https://smotrim.ru/video/2685703
2685326,2023,20 сентября 126 мин Ссора Киева и Варшавы приобретает невероятные масштабы. Эфир от 20.09.2023 (17:3,20 сентября,https://smotrim.ru/video/2685326
2685087,2023,20 сентября 125 мин Стендап Зеленского в ООН. Эфир от 20.09.2023 (11:30),20 сентября,https://smotrim.ru/video/2685087
2684651,2023,19 сентября 126 мин Обострение ситуации в Нагорном Карабахе. Эфир от 19.09.2023 (17:30),19 сентября,https://smotrim.ru/video/2684651
2684412,2023,19 сентября 126 мин Методическая работа ВКС России. Эфир от 19.09.2023 (11:30),19 сентября,https://smotrim.ru/video/2684412
2684040,2023,18 сентября 126 мин Зеленский решил продолжать войну до последнего украинца. Эфир от 18.09.2023 (17:,18 сентября,https://smotrim.ru/video/2684040
2683735,2023,18 сентября 126 мин Контрнаступ ВСУ не поможет Киеву достичь своих целей. Эфир от 18.09.2023 (11:30),18 сентября,https://smotrim.ru/video/2683735
2682938,2023,15 сентября 126 мин Россия не создает угроз никому в мире. Эфир от 15.09.2023 (17:30),15 сентября,https://smotrim.ru/video/2682938
2682639,2023,15 сентября 125 мин ВС РФ ударили по аэродрому ВСУ в Староконстантинове. Эфир от 15.09.2023 (11:30),15 сентября,https://smotrim.ru/video/2682639
2682240,2023,"14 сентября 126 мин Конец миропорядка, сложившегося после холодной войны. Эфир от 14.09.2023 (17:30)",14 сентября,https://smotrim.ru/video/2682240
2682002,2023,14 сентября 125 мин Американцы перестали скрывать свое участие в войне против России. Эфир от 14.09.,14 сентября,https://smotrim.ru/video/2682002
2681620,2023,"13 сентября 126 мин Визит, который напрягает и раздражает Запад. Эфир от 13.09.2023 (17:30)",13 сентября,https://smotrim.ru/video/2681620
2681375,2023,13 сентября 126 мин Встреча Путина и Ким Чен Ына. Эфир от 13.09.2023 (11:30),13 сентября,https://smotrim.ru/video/2681375
2680917,2023,12 сентября 126 мин Ким Чен Ын прибыл в Россию для встречи с Путиным. Эфир от 12.09.2023 (17:30),12 сентября,https://smotrim.ru/video/2680917
2680664,2023,12 сентября 126 мин О чем умалчивают украинские и западные СМИ. Эфир от 12.09.2023 (11:30),12 сентября,https://smotrim.ru/video/2680664
2680238,2023,11 сентября 126 мин США впервые показали центр управления наступлением ВСУ. Эфир от 11.09.2023 (17:3,11 сентября,https://smotrim.ru/video/2680238
2680000,2023,11 сентября 125 мин Холодный сезон может выдаться жарким для ВСУ. Эфир от 11.09.2023 (11:30),11 сентября,https://smotrim.ru/video/2680000
2679127,2023,8 сентября 130 мин В Запорожье подбит второй танк Challenger 2. Эфир от 08.09.2023 (17:30),8 сентября,https://smotrim.ru/video/2679127
2678825,2023,8 сентября 131 мин ВСУ уже этой осенью получат снаряды с обедненным ураном. Эфир от 08.09.2023 (11:3,8 сентября,https://smotrim.ru/video/2678825
2678423,2023,7 сентября 131 мин Первые снаряды с обедненным ураном для ВСУ. Эфир от 07.09.2023 (17:30),7 сентября,https://smotrim.ru/video/2678423
2678049,2023,7 сентября 131 мин Энтони Блинкен прибыл с официальным визитом в Киев. Эфир от 07.09.2023 (11:30),7 сентября,https://smotrim.ru/video/2678049
2677740,2023,6 сентября 131 мин Украина жаждет перевода стрелок. Эфир от 06.09.2023 (17:30),6 сентября,https://smotrim.ru/video/2677740
2677604,2023,"6 сентября 130 мин Киев обнаружил активную фазу ""третьей мировой"". Эфир от 06.09.2023 (11:30)",6 сентября,https://smotrim.ru/video/2677604
2676998,2023,5 сентября 131 мин Равные права всем без исключения участникам СВО. Эфир от 05.09.2023 (17:30),5 сентября,https://smotrim.ru/video/2676998
2676681,2023,"5 сентября 130 мин Переговоры, за которыми следил весь мир. Эфир от 05.09.2023 (11:30)",5 сентября,https://smotrim.ru/video/2676681
2676349,2023,4 сентября 131 мин Президент России оценил ход контрнаступления ВСУ. Эфир от 04.09.23 (17:30),4 сентября,https://smotrim.ru/video/2676349
2675973,2023,4 сентября 130 мин Переговоры президентов России и Турции. Эфир от 04.09.2023 (11:30),4 сентября,https://smotrim.ru/video/2675973
2675271,2023,1 сентября 127 мин Усиление ядерного щита России. Эфир от 01.09.2023 (17:30),1 сентября,https://smotrim.ru/video/2675271
2674971,2023,1 сентября 126 мин Ликвидация командного состава противника. Эфир от 01.09.2023 (11:30),1 сентября,https://smotrim.ru/video/2674971
2674560,2023,31 августа 126 мин Военные РФ продолжают продвигаться вперед на купянском направлении. Эфир от 31.08,31 августа,https://smotrim.ru/video/2674560
2674365,2023,31 августа 125 мин Америка вновь разместит свое ядерное оружие в Великобритании. Эфир от 31.08.2023 ,31 августа,https://smotrim.ru/video/2674365
2673931,2023,"30 августа 125 мин Новые удары по целям в Киеве, Житомире и Черкасам. Эфир от 30.08.2023 (17:30)",30 августа,https://smotrim.ru/video/2673931
2673739,2023,30 августа 125 мин Российские ВКС ответили террористам. Эфир от 30.08.2023 (11:30),30 августа,https://smotrim.ru/video/2673739
2673268,2023,29 августа 126 мин Долгосрочные поставки оружия Украине под вопросом. Эфир от 29.08.2023 (17:30),29 августа,https://smotrim.ru/video/2673268
2673009,2023,29 августа 126 мин Тяжелые бои под Работино на Запорожском фронте. Эфир от 29.08.2023 (11:30),29 августа,https://smotrim.ru/video/2673009
2672613,2023,28 августа 126 мин Секретное совещание главкома Залужного с натовскими генералами. Эфир от 28.08.202,28 августа,https://smotrim.ru/video/2672613
2672366,2023,28 августа 125 мин Очередной высокоточный удар по объекту ВСУ. Эфир от 28.08.2023 (11:30),28 августа,https://smotrim.ru/video/2672366
2671563,2023,"25 августа 126 мин ВСУ на пороге прорыва российской линии обороны, утверждает Залужный. Эфир от 25.0",25 августа,https://smotrim.ru/video/2671563
2671324,2023,25 августа 126 мин Новые антироссийские санкции ко дню независимости Украины. Эфир от 25.08.2023 (11,25 августа,https://smotrim.ru/video/2671324
2670958,2023,"24 августа 126 мин Президент встретился в Кремле с экипажем танка ""Алеша"". Эфир от 24.08.2023 (17:30",24 августа,https://smotrim.ru/video/2670958
2670734,2023,24 августа 126 мин санкции против РФ способствовали росту поддержки многополярного мира. Эфир от 24.,24 августа,https://smotrim.ru/video/2670734
2670395,2023,23 августа 126 мин Новое устройство мира. Эфир от 23.08.2023 (17:30),23 августа,https://smotrim.ru/video/2670395
2670188,2023,"23 августа 126 мин Саммит БРИКС, трудности ВСУ, американские горки Трампа. Эфир от 23.08.2023 (11:30",23 августа,https://smotrim.ru/video/2670188
2669664,2023,22 августа 125 мин Кадры уничтожения быстроходного катера ВСУ. Эфир от 22.08.2023 (17:30),22 августа,https://smotrim.ru/video/2669664
2669438,2023,22 августа 126 мин От Украины уже не ждут успехов на поле боя. Эфир от 22.08.2023 (11:30),22 августа,https://smotrim.ru/video/2669438
2669042,2023,21 августа 125 мин Эвакуация раненого с поля боя. Эфир от 21.08.2023 (17:30),21 августа,https://smotrim.ru/video/2669042
2668809,2023,21 августа 126 мин Зеленский выпросил у Нидерландов истребители F-16. Эфир от 21.08.2023 (11:30),21 августа,https://smotrim.ru/video/2668809
2668080,2023,18 августа 131 мин Российские военные своих не бросают. Эфир от 18.08.2023 (17:30),18 августа,https://smotrim.ru/video/2668080
2667814,2023,"18 августа 131 мин ""Зеленый свет"" на поставки истребителей Украине. Эфир от 18.08.2023 (11:30)",18 августа,https://smotrim.ru/video/2667814
2667338,2023,17 августа 131 мин Поражение железнодорожного состава с боеприпасами в Днепропетровской области. Эфи,17 августа,https://smotrim.ru/video/2667338
2667117,2023,17 августа 131 мин В НАТО не обсуждают уступки РФ со стороны Украины. Эфир от 17.08.2023 (11:30),17 августа,https://smotrim.ru/video/2667117
2666817,2023,16 августа 131 мин Сенсационные предложения США и НАТО. Эфир от 16.08.2023 (17:30),16 августа,https://smotrim.ru/video/2666817
2666575,2023,16 августа 140 мин Членство в НАТО в обмен на территории. Эфир от 16.08.2023 (11:30),16 августа,https://smotrim.ru/video/2666575
2666003,2023,15 августа 8 мин Нарышкин о расплодившихся извращениях в Европе,15 августа,https://smotrim.ru/video/2666003
2666043,2023,15 августа 131 мин Армия России развенчала миф о превосходстве западных военных стандартов. Эфир от ,15 августа,https://smotrim.ru/video/2666043
2665757,2023,15 августа 130 мин Мощный взрыв прогремел на автозаправке в Дагестане. Эфир от 15.08.2023 (11:30),15 августа,https://smotrim.ru/video/2665757
2665313,2023,14 августа 124 мин Cело Клещеевка полностью перешло под контроль ВС РФ. Эфир от 14.08.2023 (17:30),14 августа,https://smotrim.ru/video/2665313
2665122,2023,14 августа 130 мин Комбинированные удары по объектам ВСУ в Одессе. Эфир от 14.08.2023 (11:30),14 августа,https://smotrim.ru/video/2665122
2664293,2023,"11 августа 131 мин Лучше мертвый украинец, чем американец. Эфир от 11.08.2023 (17:30)",11 августа,https://smotrim.ru/video/2664293
2664083,2023,11 августа 130 мин ВКС России наносят удары по тылам и опорным пунктам ВСУ. Эфир от 11.08.2023 (11:3,11 августа,https://smotrim.ru/video/2664083
2663733,2023,10 августа 130 мин Армия России начала активное продвижение на купянском направлении. Эфир 10.08.202,10 августа,https://smotrim.ru/video/2663733
2663468,2023,10 августа 136 мин Удары по складам с горючим и местам скопления техники ВСУ. Эфир от 10.08.2023 (11,10 августа,https://smotrim.ru/video/2663468
2663072,2023,9 августа 131 мин Отмена Украины и милитаризация Польши. Эфир 09.08.2023 (17:30),9 августа,https://smotrim.ru/video/2663072
2662892,2023,9 августа 131 мин Неверие в успех ВСУ. Эфир от 09.08.2023 (11:30),9 августа,https://smotrim.ru/video/2662892
2662384,2023,8 августа 131 мин Штурмовые отряды Армии России заняли более выгодные позиции в Харьковской области.,8 августа,https://smotrim.ru/video/2662384
2662101,2023,8 августа 131 мин В начале осени ВСУ получат из США 31 Abrams. Эфир от 08.08.2023 (11:30),8 августа,https://smotrim.ru/video/2662101
2661702,2023,7 августа 131 мин Российские войска продвинулись еще на 11 километров на купянском направлении. Эфир,7 августа,https://smotrim.ru/video/2661702
2661401,2023,"7 августа 130 мин Звезды Героев России для экипажа танка ""Алеша"". Эфир от 07.08.2023 (11:30)",7 августа,https://smotrim.ru/video/2661401
2660622,2023,4 августа 131 мин Промежуточные итоги так называемого контрнаступа ВСУ. Эфир от 04.08.2023 (17:30),4 августа,https://smotrim.ru/video/2660622
2660356,2023,4 августа 123 мин Главе Минобороны показали трофейную западную технику. Эфир от 04.08.2023 (11:30),4 августа,https://smotrim.ru/video/2660356
2659768,2023,3 августа 128 мин Почему ВСУ провалили контрнаступление. Эфир от 03.08.2023 (17:30),3 августа,https://smotrim.ru/video/2659768
2659479,2023,3 августа 131 мин Армия России провела штурм на купянском направлении. Эфир от 03.08.2023 (11:30),3 августа,https://smotrim.ru/video/2659479
2659102,2023,2 августа 130 мин За 60 дней контрнаступа ВСУ могут похвастать только потерями. Эфир от 02.08.2023 (,2 августа,https://smotrim.ru/video/2659102
2658929,2023,2 августа 122 мин Мир Зеленскому ничего не должен. Эфир от 02.08.2023 (11:30),2 августа,https://smotrim.ru/video/2658929
2658299,2023,1 августа 131 мин Киевский режим готовился к масштабной мобилизации с 2018 года. Эфир от 01.08.2023 ,1 августа,https://smotrim.ru/video/2658299
2657945,2023,1 августа 131 мин Дроны-камикадзе атаковали объекты в Харькове. Эфир от 01.08.2023 (11:30),1 августа,https://smotrim.ru/video/2657945
2657601,2023,31 июля 131 мин Только в июле ВСУ потеряли порядка 21 тысячи солдат. Эфир от 31.07.2023 (17:30),31 июля,https://smotrim.ru/video/2657601
2657275,2023,31 июля 131 мин Армия России продолжила наносить удары по инфраструктуре ВСУ. Эфир от 31.07.2023 (11,31 июля,https://smotrim.ru/video/2657275
2656526,2023,28 июля 127 мин Военные РФ продолжают освобождать территории ЛНР. Эфир от 28.07.2023 (17:30),28 июля,https://smotrim.ru/video/2656526
2656240,2023,28 июля 131 мин Начало второй фазы украинского наступления обернулось провалом. Эфир от 28.07.2023 (,28 июля,https://smotrim.ru/video/2656240
2655852,2023,27 июля 131 мин ВСУ активизировали контрнаступление. Эфир от 27.07.2023 (17:30),27 июля,https://smotrim.ru/video/2655852
2655620,2023,27 июля 130 мин Армия России нанесла мощнейший удар по объектам ВСУ. Эфир от 27.07.2023 (11:30),27 июля,https://smotrim.ru/video/2655620
2655154,2023,26 июля 130 мин Визит Шойгу в Пхеньян и испытания для Байдена. Эфир от 26.07.2023 (17:30),26 июля,https://smotrim.ru/video/2655154
2654929,2023,26 июля 131 мин Ход спецоперации и саммит Россия – Африка. Эфир от 26.07.2023 (11:30),26 июля,https://smotrim.ru/video/2654929
2654254,2023,"25 июля 131 мин Глава Минобороны Украины признал, что контрнаступление отстает от графика. Эфир от 2",25 июля,https://smotrim.ru/video/2654254
2653956,2023,25 июля 131 мин Армия России нанесла очередной удар по военной инфраструктуре ВСУ. Эфир от 25.07.202,25 июля,https://smotrim.ru/video/2653956
2653583,2023,"24 июля 131 мин Россия ежемесячно производит больше боеприпасов, чем за весь 2022 год. Эфир от 24.07",24 июля,https://smotrim.ru/video/2653583
2653303,2023,24 июля 130 мин Удары по портам на Дунае позволят обеспечить полную блокаду Украины. Эфир от 24.07.2,24 июля,https://smotrim.ru/video/2653303
2652540,2023,21 июля 130 мин Западу следует задуматься о последствиях раздувания конфликта на Украине. Эфир от 21,21 июля,https://smotrim.ru/video/2652540
2652282,2023,21 июля 132 мин Удары возмездия по военным объектам и портовой инфраструктуре Украины. Эфир от 21.07,21 июля,https://smotrim.ru/video/2652282
2651899,2023,"20 июля 131 мин Девочка, погибшая в результате атаки БПЛА ВСУ, умирала на глазах у мамы. Эфир от 20.",20 июля,https://smotrim.ru/video/2651899
2651644,2023,20 июля 130 мин Армия России наносит точечные удары по портам в Одесской и Николаевской областях. Эф,20 июля,https://smotrim.ru/video/2651644
2651260,2023,19 июля 131 мин Украина не оправдывает ожиданий Запада. Эфир от 19.07.2023 (17:30),19 июля,https://smotrim.ru/video/2651260
2651060,2023,19 июля 130 мин Комбинированный удар по Украине и взаимоотношения США и ЕС. Эфир от 19.07.2023 (11:3,19 июля,https://smotrim.ru/video/2651060
2650583,2023,"18 июля 131 мин Минобороны РФ показало кадры с моментом пуска крылатых ракет ""Калибр"". Эфир от 18.07",18 июля,https://smotrim.ru/video/2650583
2650187,2023,18 июля 130 мин ВКС РФ нанесли удары по портам Одессы и Николаева. Эфир от 18.07.2023 (11:30),18 июля,https://smotrim.ru/video/2650187
2649910,2023,17 июля 131 мин В Киеве не скрывают причастность ВМС и СБУ к теракту на Крымском мосту. Эфир от 17.0,17 июля,https://smotrim.ru/video/2649910
2649675,2023,17 июля 131 мин Новая террористическая атака ВСУ на Крымский мост. Эфир от 17.07.2023 (11:30),17 июля,https://smotrim.ru/video/2649675
2648995,2023,14 июля 131 мин Почему Белый дом – белый? Эфир от 14.07.2023 (17:30),14 июля,https://smotrim.ru/video/2648995
2648785,2023,14 июля 131 мин Западная помощь не спасла Украину. Эфир от 14.07.2023 (11:30),14 июля,https://smotrim.ru/video/2648785
2648393,2023,13 июля 131 мин О Зеленского вытерли ноги. Эфир от 13.07.2023 (17:30),13 июля,https://smotrim.ru/video/2648393
2648062,2023,13 июля 131 мин Запад решил продлить агонию киевского режима. Эфир от 13.07.2023 (11:30),13 июля,https://smotrim.ru/video/2648062
2647767,2023,"12 июля 131 мин Саммит НАТО, о Киеве без Киева, трофейная техника. Эфир от 12.07.2023 (17:30)",12 июля,https://smotrim.ru/video/2647767
2647487,2023,12 июля 131 мин Саммит НАТО: ожидания и реальность. Эфир от 12.07.2023 (11:30),12 июля,https://smotrim.ru/video/2647487
2647145,2023,"11 июля 131 мин Саммит НАТО: Зеленский бесится, Эрдоган хитрит. Эфир от 11.07.2023 (17:30)",11 июля,https://smotrim.ru/video/2647145
2646878,2023,11 июля 131 мин В Вильнюсе начинается саммит НАТО. Эфир от 11.07.2023 (11:30),11 июля,https://smotrim.ru/video/2646878
2646515,2023,"10 июля 131 мин ""Мясные штурмы"" ВСУ и поставки кассетных бомб. Эфир от 10.07.2023 (17:30)",10 июля,https://smotrim.ru/video/2646515
2646125,2023,10 июля 130 мин Трудности ВСУ на фронте и раскол в НАТО. Эфир от 10.07.2023 (11:30),10 июля,https://smotrim.ru/video/2646125
2645458,2023,"7 июля 131 мин Кто в Европе не готов рисковать собой ради ""перемоги"". Эфир от 07.07.2023 (17:30)",7 июля,https://smotrim.ru/video/2645458
2645239,2023,7 июля 130 мин Передача Киеву кассетных бомб и разногласия в НАТО. Эфир от 07.07.2023 (11:30),7 июля,https://smotrim.ru/video/2645239
2644850,2023,6 июля 131 мин ВСУ не хватает бронетехники и средств разведки. Эфир от 06.07.2023 (17:30),6 июля,https://smotrim.ru/video/2644850
2644582,2023,"6 июля 130 мин Запад пообещал ""не разочаровать"" Украину на саммите. Эфир от 06.07.2023 (11:30)",6 июля,https://smotrim.ru/video/2644582
2644093,2023,5 июля 131 мин Обстановка под Артемовском и кокаин в Белом доме. Эфир от 05.07.2023 (17:30),5 июля,https://smotrim.ru/video/2644093
2643857,2023,"5 июля 100 мин Удар по больнице, угрозы ЗАЭС, рост ВВП. Эфир от 05.07.2023 (11:30)",5 июля,https://smotrim.ru/video/2643857
2643505,2023,4 июля 131 мин Атаки беспилотников и евротур Байдена. Эфир от 04.07.2023 (17:30),4 июля,https://smotrim.ru/video/2643505
2643302,2023,"4 июля 130 мин Судьба Саакашвили и ""Патриоты"" в Польше. Эфир от 04.07.2023 (11:30)",4 июля,https://smotrim.ru/video/2643302
2642741,2023,3 июля 131 мин Минные поля мешают контрнаступлению ВСУ. Эфир от 03.07.2023 (17:30),3 июля,https://smotrim.ru/video/2642741
2642652,2023,3 июля 130 мин Зеленскому важно приехать в Вильнюс не с пустыми руками. Эфир от 03.07.2023 (11:30),3 июля,https://smotrim.ru/video/2642652
2641731,2023,30 июня 131 мин Польша просит США разместить на ее территории ядерное оружие. Эфир от 30.06.2023 (17,30 июня,https://smotrim.ru/video/2641731
2641367,2023,"30 июня 126 мин ""Герани"" атаковали военные объекты ВСУ. Эфир от 30.06.2023 (11:30)",30 июня,https://smotrim.ru/video/2641367
2641051,2023,29 июня 131 мин В Краматорске ликвидированы два генерала и около 50 офицеров ВСУ. Эфир от 29.06.2023,29 июня,https://smotrim.ru/video/2641051
2640758,2023,"29 июня 130 мин Ликование, аплодисменты и просьбы о совместном фото. Эфир от 29.06.2023 (11:30)",29 июня,https://smotrim.ru/video/2640758
2640393,2023,"28 июня 131 мин Провальное контрнаступление, анализ мятежа, Польша волнуется. Эфир от 28.06.2023 (17",28 июня,https://smotrim.ru/video/2640393
2640110,2023,28 июня 131 мин Запад не слишком доволен украинским контрнаступлением. Эфир от 28.06.2023 (11:30),28 июня,https://smotrim.ru/video/2640110
2639683,2023,"27 июня 131 мин Путин обратился к военным, обеспечивавшим порядок и законность во время мятежа. Эфир",27 июня,https://smotrim.ru/video/2639683
2639475,2023,"27 июня 130 мин Мятеж Пригожина был бы подавлен в любом случае, но цена могла быть другой. Эфир от 2",27 июня,https://smotrim.ru/video/2639475
2639027,2023,26 июня 131 мин В США ожидали кровопролития в ходе провалившейся попытки военного мятежа в РФ. Эфир ,26 июня,https://smotrim.ru/video/2639027
2638752,2023,26 июня 131 мин Россияне единым фронтом выступили на стороне президента Путина. Эфир от 26.06.2023 (,26 июня,https://smotrim.ru/video/2638752
2637991,2023,23 июня 130 мин Запад обвинили в отсутствии успехов контрнаступления ВСУ. Эфир от 23.06.2023 (17:30),23 июня,https://smotrim.ru/video/2637991
2637742,2023,23 июня 131 мин Российские ракеты долетели до запада Украины. Эфир от 23.06.2023 (11:30),23 июня,https://smotrim.ru/video/2637742
2637262,2023,22 июня 131 мин Путин обсудил ситуацию в зоне СВО с постоянными членами Совбеза РФ. Эфир от 22.06.20,22 июня,https://smotrim.ru/video/2637262
2636929,2023,22 июня 127 мин ВСУ нанесли удары по мостам между Херсонской областью и Крымом. Эфир от 22.06.2023 (,22 июня,https://smotrim.ru/video/2636929
2636576,2023,"21 июня 131 мин Западные танки горят ""за милую душу"". Эфир от 21.06.2023 (17:30)",21 июня,https://smotrim.ru/video/2636576
2636336,2023,21 июня 131 мин ВСУ не достигли ни одной из заявленных целей. Эфир от 21.06.2023 (11:30),21 июня,https://smotrim.ru/video/2636336
2635801,2023,20 июня 126 мин Шойгу рассказал о последствиях применения западного оружия вне зоны СВО. Эфир от 20.,20 июня,https://smotrim.ru/video/2635801
2635538,2023,20 июня 131 мин Российские военные уничтожили места расположения ВСУ на Запорожье. Эфир от 20.06.202,20 июня,https://smotrim.ru/video/2635538
2635028,2023,19 июня 131 мин На запорожском направлении фронта ВСУ выбиты из поселка Пятихатки. Эфир от 19.06.202,19 июня,https://smotrim.ru/video/2635028
2634729,2023,19 июня 128 мин ВСУ атакуют на ореховском направлении Запорожья. Эфир от 19.06.2023 (11:30),19 июня,https://smotrim.ru/video/2634729
2633887,2023,16 июня 121 мин Выступление Путина на Международном экономическом форуме. Эфир от 16.06.2023 (17:30),16 июня,https://smotrim.ru/video/2633887
2633550,2023,16 июня 127 мин Остин отказался признать уничтожение большого числа западной техники в зоне СВО. Эфи,16 июня,https://smotrim.ru/video/2633550
2633186,2023,15 июня 127 мин Генсек НАТО объявил о начале обучения украинских летчиков на F-16. Эфир от 15.06.202,15 июня,https://smotrim.ru/video/2633186
2632935,2023,15 июня 127 мин ВКС РФ нанесли минувшей ночью удар по промышленному предприятию в Кривом Роге. Эфир ,15 июня,https://smotrim.ru/video/2632935
2632532,2023,"14 июня 130 мин Украинский конфликт скоро закончится, уверен президент Белоруссии. Эфир от 14.06.202",14 июня,https://smotrim.ru/video/2632532
2632221,2023,14 июня 130 мин Лукашенко сообщил о размещении ТЯО в РБ в самые ближайшие дни. Эфир от 14.06.2023 (1,14 июня,https://smotrim.ru/video/2632221
2631782,2023,13 июня 150 мин Беспрецедентная встреча президента с военкорами. Эфир от 13.06.2023 (17:30),13 июня,https://smotrim.ru/video/2631782
2631517,2023,13 июня 128 мин Последствия попыток ВСУ перейти в наступление на ореховском направлении. Эфир от 13.,13 июня,https://smotrim.ru/video/2631517
2630248,2023,"9 июня 126 мин Немецкие танки ""Леопард"" горят в Запорожье. Эфир от 09.06.2023 (17:30)",9 июня,https://smotrim.ru/video/2630248
2629972,2023,9 июня 126 мин ВСУ атаковали дроном-камикадзе жилой дом в Воронеже. Эфир от 09.06.2023 (11:30),9 июня,https://smotrim.ru/video/2629972
2629507,2023,8 июня 126 мин Шойгу сообщил о попытке ВСУ перейти в контрнаступление. Эфир от 08.06.2023 (17:30),8 июня,https://smotrim.ru/video/2629507
2629208,2023,8 июня 126 мин ВСУ пошли в атаку на запорожском направлении. Эфир от 08.06.2023 (11:30),8 июня,https://smotrim.ru/video/2629208
2628829,2023,7 июня 131 мин Подлый почерк англосаксов. Эфир от 07.06.2023 (17:30),7 июня,https://smotrim.ru/video/2628829
2628626,2023,7 июня 130 мин Разбираться не стали. Эфир от 07.06.2023 (11:30),7 июня,https://smotrim.ru/video/2628626
2628133,2023,6 июня 131 мин За три дня боев киевский режим потерял до 3715 военнослужащих. Эфир от 06.06.2023 (17,6 июня,https://smotrim.ru/video/2628133
2627861,2023,"6 июня 130 мин В зону подтопления могут попасть 80 населенных пунктов, включая Херсон. Эфир от 06.06",6 июня,https://smotrim.ru/video/2627861
2627433,2023,5 июня 131 мин За минувшие сутки ВСУ выпустили по Белгородской области 650 снарядов. Эфир от 05.06.2,5 июня,https://smotrim.ru/video/2627433
2627116,2023,5 июня 126 мин ВСУ пошли в масштабное наступление сразу на пяти участках фронта. Эфир от 05.06.2023 ,5 июня,https://smotrim.ru/video/2627116
2626214,2023,2 июня 125 мин Об атаках украинских БПЛА сообщили губернаторы пяти регионов России. Эфир от 02.06.20,2 июня,https://smotrim.ru/video/2626214
2625946,2023,2 июня 125 мин Комбинированный удар по объектам ВСУ. Эфир от 02.06.2023 (11:30),2 июня,https://smotrim.ru/video/2625946
2625471,2023,1 июня 131 мин ВСУ предприняли попытку вторжения на территорию России. Эфир от 01.06.2023 (17:30),1 июня,https://smotrim.ru/video/2625471
2625137,2023,1 июня 131 мин Зеленский уже диктует условия самой НАТО. Эфир от 01.06.2023 (11:30),1 июня,https://smotrim.ru/video/2625137
2624735,2023,31 мая 131 мин Комедию продолжает ломать лишь Вашингтон. Эфир от 31.05.2023 (17:30),31 мая,https://smotrim.ru/video/2624735
2624491,2023,31 мая 130 мин В НАТО одобрили удары Зеленского по Москве. Эфир от 31.05.2023 (11:30),31 мая,https://smotrim.ru/video/2624491
2623893,2023,"30 мая 127 мин Дроны ВСУ сбиты, из жителей никто серьезно не пострадал. Эфир от 30.05.2023 (17:30)",30 мая,https://smotrim.ru/video/2623893
2623597,2023,30 мая 131 мин Москву и Подмосковье атаковали ударные БПЛА ВСУ. Эфир от 30.05.2023 (11:30),30 мая,https://smotrim.ru/video/2623597
2623146,2023,29 мая 125 мин Сезон охоты на западные системы ПВО. Эфир от 29.05.2023 (17:30),29 мая,https://smotrim.ru/video/2623146
2622850,2023,29 мая 125 мин В Киеве прогремели сразу 12 мощных взрывов. Эфир от 29.05.2023 (11:30),29 мая,https://smotrim.ru/video/2622850
2622046,2023,26 мая 126 мин Мирный план КНР и поражение Украины. Обзор главных событий. Эфир от 26.05.2023 (17:30,26 мая,https://smotrim.ru/video/2622046
2621842,2023,26 мая 122 мин Как Путин оживил НАТО. Эфир от 26.05.2023 (11:30),26 мая,https://smotrim.ru/video/2621842
2621204,2023,25 мая 126 мин В НАТО недовольны отсутствием у ВСУ успехов на фронте. Эфир от 25.05.2023 (17:30),25 мая,https://smotrim.ru/video/2621204
2620910,2023,25 мая 130 мин Массированные удары по объектам ВСУ. Эфир от 25.05.2023 (11:30),25 мая,https://smotrim.ru/video/2620910
2620512,2023,24 мая 130 мин Ликвидацией боевиков ВСУ лично руководил генерал-полковник Лапин. Эфир от 24.05.2023 ,24 мая,https://smotrim.ru/video/2620512
2620192,2023,24 мая 132 мин Российский корабль-разведчик подвергся атаке неизвестных дронов. Эфир от 24.05.2023 (,24 мая,https://smotrim.ru/video/2620192
2619743,2023,23 мая 121 мин Украинские диверсанты заблокированы и разгромлены в Белгородской области. Эфир от 23.,23 мая,https://smotrim.ru/video/2619743
2619408,2023,23 мая 131 мин В Белгородской области продолжает действовать режим КТО. Эфир от 23.05.2023 (11:30),23 мая,https://smotrim.ru/video/2619408
2619020,2023,22 мая 125 мин В Белгородскую область прорвалась украинская ДРГ. Эфир от 22.05.2023 (17:30),22 мая,https://smotrim.ru/video/2619020
2618738,2023,22 мая 131 мин Артемовск полностью освобожден. Эфир от 22.05.2023 (11:30),22 мая,https://smotrim.ru/video/2618738
2617826,2023,"19 мая 125 мин Зеленский положил в бахмутской ""мясорубке"" до 50 тысяч солдат . Эфир от 19.05.2023 (1",19 мая,https://smotrim.ru/video/2617826
2617563,2023,"19 мая 131 мин Штурмовики взяли под контроль укрепрайон ""Домино"" в Артемовске. Эфир от 19.05.2023 (1",19 мая,https://smotrim.ru/video/2617563
2617051,2023,18 мая 125 мин Модернизация объединенных вооруженных сил НАТО. Эфир от 18.05.2023 (17:30),18 мая,https://smotrim.ru/video/2617051
2616712,2023,"18 мая 129 мин Один ""Кинжал"" поразил сразу пять установок Patriot. Эфир от 18.05.2023 (11:30)",18 мая,https://smotrim.ru/video/2616712
2616288,2023,17 мая 118 мин Американская слепота и украинское шапито. Эфир от 17.05.2023 (17:30),17 мая,https://smotrim.ru/video/2616288
2616223,2023,17 мая 124 мин Удар по украинской ПВО и судьба контрнаступа. Эфир от 17.05.2023 (11:30),17 мая,https://smotrim.ru/video/2616223
2615604,2023,16 мая 127 мин Уничтожение американской системы ПВО в Киеве. Эфир от 16.05.2023 (17:30),16 мая,https://smotrim.ru/video/2615604
2615227,2023,16 мая 126 мин Самая масштабная ракетная атака на объекты ВСУ в Киеве и области. Эфир от 16.05.2023 ,16 мая,https://smotrim.ru/video/2615227
2614875,2023,15 мая 125 мин Британцы уже через месяц приступят к обучению украинских пилотов. Эфир от 15.05.2023 ,15 мая,https://smotrim.ru/video/2614875
2614544,2023,15 мая 126 мин ВСУ продолжают цепляться за каждые улицу и дом. Эфир от 15.05.2023 (11:30),15 мая,https://smotrim.ru/video/2614544
2613653,2023,12 мая 125 мин ВСУ грозят нанесением ударов по Белгороду. Эфир от 12.05.2023 (17:30),12 мая,https://smotrim.ru/video/2613653
2613440,2023,12 мая 123 мин Пентагон дал киевскому режиму отмашку на контрнаступление. Эфир от 12.05.2023 (11:30),12 мая,https://smotrim.ru/video/2613440
2613004,2023,"11 мая 128 мин Зеленский назвал причины переноса ""контрнаступа"". Эфир от 11.05.2023 (17:30)",11 мая,https://smotrim.ru/video/2613004
2612706,2023,"11 мая 123 мин Пока нет условий для ""контрнаступа"" ВСУ. Эфир от 11.05.2023 (11:30)",11 мая,https://smotrim.ru/video/2612706
2612239,2023,10 мая 124 мин День Европы вместо Дня Победы. Эфир от 10.05.2023 (17:30),10 мая,https://smotrim.ru/video/2612239
2611988,2023,10 мая 130 мин США приписали себе победу во Второй мировой войне. Эфир от 10.05.2023 (11:30),10 мая,https://smotrim.ru/video/2611988
2609889,2023,4 мая 131 мин В США заявили о непричастности к атаке дронов на Кремль. Эфир от 04.05.2023 (17:30),4 мая,https://smotrim.ru/video/2609889
2609551,2023,4 мая 131 мин ВСУ ночью трижды пытались атаковать цели на территории России. Эфир от 04.05.2023 (11:,4 мая,https://smotrim.ru/video/2609551
2609110,2023,3 мая 131 мин Кремль атаковали сразу два украинских БПЛА. Эфир от 03.05.2023 (17:30),3 мая,https://smotrim.ru/video/2609110
2608870,2023,"3 мая 122 мин Блинкен пообещал ""контрнаступ"" ВСУ в ближайшие недели. Эфир от 03.05.2023 (11:30)",3 мая,https://smotrim.ru/video/2608870
2608341,2023,2 мая 125 мин Украинские войска потеряли в апреле более 15 тысяч человек. Эфир от 02.05.2023 (17:30),2 мая,https://smotrim.ru/video/2608341
2608101,2023,2 мая 129 мин Киевский режим: ВСУ практически готовы к контрнаступлению. Эфир от 02.05.2023 (11:30),2 мая,https://smotrim.ru/video/2608101
2606907,2023,28 апреля 125 мин Украинские боевики в очередной раз обстреляли Донецк. Эфир от 28.04.2023 (17:30),28 апреля,https://smotrim.ru/video/2606907
2606619,2023,28 апреля 121 мин ВСУ сдерживает нехватка тяжелых вооружений. Эфир от 28.04.2023 (11:30),28 апреля,https://smotrim.ru/video/2606619
2606184,2023,27 апреля 128 мин Пентагон совместно с генштабом ВСУ готовят наступление на Крым. Эфир от 27.04.2023,27 апреля,https://smotrim.ru/video/2606184
2605926,2023,27 апреля 125 мин Взрывы на подконтрольной Киеву территории. Эфир от 27.04.2023 (11:30),27 апреля,https://smotrim.ru/video/2605926
2605503,2023,26 апреля 131 мин Боевики ВСУ перенимают тактику террористов. Эфир от 26.04.2023 (17:30),26 апреля,https://smotrim.ru/video/2605503
2605323,2023,26 апреля 127 мин Неонацисты тщетно пытаются отбить Артемовск. Эфир от 26.04.2023 (11:30),26 апреля,https://smotrim.ru/video/2605323
2604666,2023,25 апреля 127 мин Байден официально вступил в предвыборную схватку. Эфир от 25.04.2023 (17:30),25 апреля,https://smotrim.ru/video/2604666
2604447,2023,25 апреля 127 мин ВСУ не удается вернуть утраченные позиции в Артемовске. Эфир от 25.04.2023 (11:30),25 апреля,https://smotrim.ru/video/2604447
2603944,2023,"24 апреля 127 мин Киев получил от США такое же предупреждение, что и экс-власти Афганистана. Эфир от",24 апреля,https://smotrim.ru/video/2603944
2603634,2023,24 апреля 125 мин Атака морских беспилотников на Севастополь. Эфир от 24.04.2023 (11:30),24 апреля,https://smotrim.ru/video/2603634
2602605,2023,21 апреля 127 мин Безостановочные боевые действия на западе Артемовска. Эфир от 21.04.2023 (17:30),21 апреля,https://smotrim.ru/video/2602605
2602366,2023,21 апреля 121 мин Встреча глав минобороны стран НАТО. Эфир от 21.04.2023 (11:30),21 апреля,https://smotrim.ru/video/2602366
2602028,2023,20 апреля 130 мин Загадочная вспышка над Киевом и подножка Зеленскому. Эфир от 20.04.2023 (17:30),20 апреля,https://smotrim.ru/video/2602028
2601750,2023,20 апреля 131 мин Внешняя политика России и артемовская мясорубка для ВСУ. Эфир от 20.04.2023 (11:30,20 апреля,https://smotrim.ru/video/2601750
2601262,2023,19 апреля 127 мин Шойгу проверил несение боевого дежурства полком РВСН. Эфир от 19.04.23 (17:30),19 апреля,https://smotrim.ru/video/2601262
2601009,2023,19 апреля 131 мин Российские БПЛА уничтожили военные объекты в Одессе. Эфир от 19.04.2023 (11:30),19 апреля,https://smotrim.ru/video/2601009
2600507,2023,18 апреля 131 мин Особенная икона для бойцов спецоперации. Эфир от 18.04.2023 (17:30),18 апреля,https://smotrim.ru/video/2600507
2600313,2023,18 апреля 131 мин Владимир Путин заслушал доклады командующих. Эфир от 18.04.2023 (11:30),18 апреля,https://smotrim.ru/video/2600313
2599790,2023,17 апреля 131 мин С чем столкнутся ВСУ в своем разрекламированном наступлении. Эфир от 17.04.2023 (1,17 апреля,https://smotrim.ru/video/2599790
2599601,2023,17 апреля 131 мин Проверка боеготовности и приоритеты Вооруженных сил. Эфир от 17.04.2023 (11:30),17 апреля,https://smotrim.ru/video/2599601
2598754,2023,14 апреля 131 мин Распространителя секретов США вычислили по интерьеру кухни. Эфир от 14.04.2023 (17,14 апреля,https://smotrim.ru/video/2598754
2598329,2023,14 апреля 130 мин ТОФ РФ приведен в высшую степень боеготовности. Эфир от 14.04.2023 (11:30),14 апреля,https://smotrim.ru/video/2598329
2598031,2023,13 апреля 131 мин Очередная порция секретов Пентагона. Эфир от 13.04.2023 (17:30),13 апреля,https://smotrim.ru/video/2598031
2597778,2023,"13 апреля 131 мин Назван соучастник теракта, при котором погиб военкор Татарский. Эфир от 13.04.2023",13 апреля,https://smotrim.ru/video/2597778
2597305,2023,"12 апреля 124 мин Трамп сказал, что и кому лижет Эммануэль Макрон. Эфир от 12.04.2023 (17:30)",12 апреля,https://smotrim.ru/video/2597305
2597140,2023,"12 апреля 127 мин Пентагон в поисках ""крота"", Киев переносит срок ""контрнаступления"". Эфир от 12.04.",12 апреля,https://smotrim.ru/video/2597140
2596669,2023,"11 апреля 130 мин Запад не возлагает особых планов на ""контрнаступ"" ВСУ. Эфир от 11.04.2023 (17:30)",11 апреля,https://smotrim.ru/video/2596669
2596163,2023,11 апреля 124 мин Артемовск освобожден на 75%. Эфир от 11.04.2023 (11:30),11 апреля,https://smotrim.ru/video/2596163
2595619,2023,10 апреля 131 мин Зачем и кто организовал утечку секретных документов Пентагона. Эфир от 10.04.2023 ,10 апреля,https://smotrim.ru/video/2595619
2595307,2023,10 апреля 130 мин Утечка секретных документов Пентагона. Эфир от 10.04.2023 (11:30),10 апреля,https://smotrim.ru/video/2595307
2594447,2023,7 апреля 127 мин Турция не намерена подключаться к антироссийским санкциям. Эфир от 07.04.2023 (17:3,7 апреля,https://smotrim.ru/video/2594447
2594105,2023,7 апреля 127 мин Утечка секретных документов США о контрнаступлении ВСУ. Эфир от 07.04.2023 (11:30),7 апреля,https://smotrim.ru/video/2594105
2593677,2023,"6 апреля 128 мин Путин рассказал, как ВСУ расправились с военными, сдавшимися в плен. Эфир от 06.04.",6 апреля,https://smotrim.ru/video/2593677
2593412,2023,6 апреля 126 мин Украинские самолеты сбросили две авиабомбы на Брянскую область. Эфир от 06.04.2023 ,6 апреля,https://smotrim.ru/video/2593412
2592941,2023,5 апреля 131 мин Посол США часто моргала после жестких формулировок Путина. Эфир от 05.04.2023 (17:3,5 апреля,https://smotrim.ru/video/2592941
2592845,2023,5 апреля 131 мин Граница России с врагами увеличилась в два раза. Эфир от 05.04.2023 (11:30),5 апреля,https://smotrim.ru/video/2592845
2592195,2023,4 апреля 128 мин Финляндия официально стала 31-м членом НАТО. Эфир от 04.04.2023 (17:30),4 апреля,https://smotrim.ru/video/2592195
2591935,2023,4 апреля 128 мин Террористку Трепову этапируют из Петербурга в Москву. Эфир от 04.04.2023 (11:30),4 апреля,https://smotrim.ru/video/2591935
2591425,2023,3 апреля 130 мин Теракт по заданию украинской разведки. Эфир от 03.04.2023 (17:30),3 апреля,https://smotrim.ru/video/2591425
2591091,2023,3 апреля 135 мин Жительница Санкт-Петербурга задержана по подозрению в убийстве Татарского. Эфир от ,3 апреля,https://smotrim.ru/video/2591091
2590219,2023,31 марта 126 мин Обновленная концепция внешней политики России. Эфир от 31.03.2023 (17:30),31 марта,https://smotrim.ru/video/2590219
2590024,2023,31 марта 129 мин Арест американского шпиона Гершковича. Эфир от 31.03.2023 (11:30),31 марта,https://smotrim.ru/video/2590024
2589488,2023,30 марта 131 мин ФСБ России задержала гражданина США. Эфир от 30.03.2023 (17:30),30 марта,https://smotrim.ru/video/2589488
2589273,2023,30 марта 131 мин Российские войска уверенно продвигаются вперед. Эфир от 30.03.2023 (11:30),30 марта,https://smotrim.ru/video/2589273
2588900,2023,"29 марта 131 мин В наступлении на Россию примут участие немецкие ""Леопарды"". Эфир от 29.03.2023 (17:",29 марта,https://smotrim.ru/video/2588900
2588691,2023,"29 марта 131 мин Зеленский признался, почему так вцепился в Бахмут. Эфир от 29.03.2023 (11:30)",29 марта,https://smotrim.ru/video/2588691
2588077,2023,28 марта 131 мин Белый дом не хочет мирного урегулирования конфликта на Украине. Эфир от 28.03.2023 ,28 марта,https://smotrim.ru/video/2588077
2587822,2023,28 марта 131 мин Режим Зеленского просит у Запада боевую авиацию для контрнаступления. Эфир от 28.03,28 марта,https://smotrim.ru/video/2587822
2587333,2023,27 марта 131 мин ЕС грозит РФ новыми санкциями из-за решения по ядерному оружию. Эфир от 27.03.2023 ,27 марта,https://smotrim.ru/video/2587333
2587059,2023,27 марта 131 мин Размещение российского тактического ядерного оружия в Белоруссии. Эфир от 27.01.202,27 марта,https://smotrim.ru/video/2587059
2586079,2023,"24 марта 128 мин США надеются, что сербы забудут обиду на бомбардировки НАТО 1999 года. Эфир от 24.0",24 марта,https://smotrim.ru/video/2586079
2585814,2023,24 марта 131 мин Военные РФ расширяют зону контроля на разных участках ЛБС. Эфир от 24.03.2023 (11:3,24 марта,https://smotrim.ru/video/2585814
2585290,2023,"23 марта 131 мин Награждение, которое оскорбило Вашингтон. Эфир от 23.03.2023 (17:30)",23 марта,https://smotrim.ru/video/2585290
2585009,2023,23 марта 131 мин ВКС РФ вывели на орбиту спутник для нужд СВО. Эфир от 23.03.2023 (11:30),23 марта,https://smotrim.ru/video/2585009
2584550,2023,22 марта 131 мин Геноцид с помощью обедненного урана. Эфир от 22.03.2023 (17:30),22 марта,https://smotrim.ru/video/2584550
2584427,2023,22 марта 131 мин Теплая встреча на высшем уровне. Эфир от 22.03.2023 (11:30),22 марта,https://smotrim.ru/video/2584427
2583804,2023,21 марта 137 мин Официальные переговоры Владимира Путина и Си Цзиньпина. Эфир от 21.03.2023 (17:30),21 марта,https://smotrim.ru/video/2583804
2583510,2023,21 марта 122 мин Си Цзиньпин проводит переговоры с Мишустиным. Эфир от 21.03.2023 (11:30),21 марта,https://smotrim.ru/video/2583510
2583066,2023,20 марта 131 мин Путин проводит переговоры с Си Цзиньпином. Эфир от 20.03.2023 (17:30),20 марта,https://smotrim.ru/video/2583066
2582759,2023,20 марта 131 мин Путин впервые побывал на новых российских территориях. Эфир от 20.03.2023 (11:30),20 марта,https://smotrim.ru/video/2582759
2581970,2023,"17 марта 130 мин Госнаграды для летчиков, перехвативших американский БПЛА. Эфир от 17.03.2023 (17:30",17 марта,https://smotrim.ru/video/2581970
2581690,2023,17 марта 130 мин В Черном море обнаружена часть обломков американского БПЛА. Эфир от 17.03.2023 (11:,17 марта,https://smotrim.ru/video/2581690
2581273,2023,16 марта 126 мин Первое в истории бесконтактное поражение беспилотника M-Q9 Reaper. Эфир от 16.03.20,16 марта,https://smotrim.ru/video/2581273
2580964,2023,16 марта 121 мин Посол РФ ответил воинствующим американским политикам. Эфир от 16.03.2023 (11:30),16 марта,https://smotrim.ru/video/2580964
2580531,2023,15 марта 131 мин Америка почувствовала травлю. Эфир от 15.03.2023 (17:30),15 марта,https://smotrim.ru/video/2580531
2580305,2023,"15 марта 131 мин ""Рутинные"" маневры США у российских границ. Эфир от 15.03.2023 (11:30)",15 марта,https://smotrim.ru/video/2580305
2579756,2023,14 марта 131 мин Путин назвал миссию России на Украине. Эфир от 14.03.2023 (17:30),14 марта,https://smotrim.ru/video/2579756
2579406,2023,"14 марта 130 мин Зеленский пытается удержать Артемовск, несмотря на призывы спонсоров. Эфир от 14.03",14 марта,https://smotrim.ru/video/2579406
2579045,2023,13 марта 127 мин Путин провел рабочую встречу с Кадыровым. Эфир от 13.03.2023 (17:30),13 марта,https://smotrim.ru/video/2579045
2578643,2023,13 марта 130 мин Украинский командир предупредил о вероятном окружении ВСУ в Артемовске. Эфир от 13.,13 марта,https://smotrim.ru/video/2578643
2577885,2023,10 марта 130 мин Лютеранская церковь готовит шведов к ядерному армагеддону. Эфир от 10.03.2023 (17:3,10 марта,https://smotrim.ru/video/2577885
2577554,2023,10 марта 131 мин Украине нечем сбивать российские гиперзвуковые ракеты. Эфир от 10.03.2023 (11:30),10 марта,https://smotrim.ru/video/2577554
2577147,2023,9 марта 131 мин Ответ на теракт в Брянской области. Эфир от 09.03.2023 (17:30),9 марта,https://smotrim.ru/video/2577147
2576961,2023,9 марта 131 мин Поражение крупных объектов критической инфраструктуры Украины. Эфир от 09.03.2023 (1,9 марта,https://smotrim.ru/video/2576961
2576152,2023,7 марта 131 мин Шойгу привел данные о погибших за месяц украинских боевиках. Эфир от 07.03.2023 (17:,7 марта,https://smotrim.ru/video/2576152
2575890,2023,7 марта 131 мин Неутешительные вести для режима Зеленского. Эфир от 07.03.2023 (11:30),7 марта,https://smotrim.ru/video/2575890
2575452,2023,6 марта 125 мин Киевский режим решил продолжать оборону Артемовска. Эфир от 06.03.2023 (17:30),6 марта,https://smotrim.ru/video/2575452
2575135,2023,6 марта 131 мин Министр проверил восстановительные работы в Донбассе. Эфир от 06.03.2023 (11:30),6 марта,https://smotrim.ru/video/2575135
2574296,2023,3 марта 126 мин Оперативное совещание с членами Совбеза РФ. Эфир от 03.03.2023 (17:30),3 марта,https://smotrim.ru/video/2574296
2574001,2023,3 марта 124 мин Видео с места теракта в Брянской области. Эфир от 03.03.2023 (11:30),3 марта,https://smotrim.ru/video/2574001
2573563,2023,2 марта 131 мин Украинские боевики сознательно стреляли по детям. Эфир от 02.03.2023 (17:30),2 марта,https://smotrim.ru/video/2573563
2573272,2023,2 марта 131 мин Лавров дал оценку поведению ряда западных коллег на встрече в Нью-Дели. Эфир от 02.0,2 марта,https://smotrim.ru/video/2573272
2572704,2023,1 марта 125 мин Инфраструктура планетарных масштабов. Эфир от 01.03.2023 (17:30),1 марта,https://smotrim.ru/video/2572704
2572609,2023,1 марта 126 мин Разгром подразделения имени Бориса Джонсона. Эфир от 01.03.2023 (11:30),1 марта,https://smotrim.ru/video/2572609
2572069,2023,28 февраля 131 мин Выступление президента на коллегии ФСБ. Эфир от 28.02.2023 (17:30),28 февраля,https://smotrim.ru/video/2572069
2571695,2023,28 февраля 131 мин США готовят на Украине провокацию с токсичными химикатами. Эфир от 28.02.2023 (11,28 февраля,https://smotrim.ru/video/2571695
2571292,2023,27 февраля 131 мин Запад поставил новый дедлайн для киевского режима. Эфир от 27.02.2023 (17:30),27 февраля,https://smotrim.ru/video/2571292
2571063,2023,27 февраля 131 мин Очередное кровавое преступление ВСУ. Эфир от 27.02.2023 (11:30),27 февраля,https://smotrim.ru/video/2571063
2569495,2023,"22 февраля 131 мин Когда мы вместе, нам нет равных. Эфир от 22.02.2023 (17:30)",22 февраля,https://smotrim.ru/video/2569495
2569272,2023,22 февраля 130 мин У коллективного Запада ожидаемо снова истерика. Эфир от 22.02.2023 (11:30),22 февраля,https://smotrim.ru/video/2569272
2568826,2023,21 февраля 131 мин Путин обратился к стране в сложное и переломное время. Эфир от 21.02.2023 (17:30),21 февраля,https://smotrim.ru/video/2568826
2568155,2023,20 февраля 126 мин Президент США приехал в Киев. Эфир от 20.02.2023 (17:30),20 февраля,https://smotrim.ru/video/2568155
2567789,2023,20 февраля 131 мин Зачем Байден летит в Польшу. Эфир от 20.02.2023 (11:30),20 февраля,https://smotrim.ru/video/2567789
2566827,2023,"17 февраля 130 мин Переговоры на высшем уровне, которые беспокоят коллективный Запад. Эфир от 17.02.",17 февраля,https://smotrim.ru/video/2566827
2566492,2023,17 февраля 130 мин Переговоры президентов России и Белоруссии. Эфир от 17.02.2023 (11:30),17 февраля,https://smotrim.ru/video/2566492
2566063,2023,"16 февраля 131 мин Объявлена дата заседания Совбеза ООН по диверсиям на ""Северных потоках"". Эфир от ",16 февраля,https://smotrim.ru/video/2566063
2565734,2023,16 февраля 130 мин Российские силы продолжают активные наступательные действия. Эфир от 16.02.2023 (,16 февраля,https://smotrim.ru/video/2565734
2565414,2023,"15 февраля 126 мин Украинцы показали ""тайну"". Эфир от 15.02.2023 (17:30)",15 февраля,https://smotrim.ru/video/2565414
2565246,2023,15 февраля 131 мин Второй раунд натовской сходки и американская помощь Киеву. Эфир от 15.02.2023 (11,15 февраля,https://smotrim.ru/video/2565246
2564565,2023,"14 февраля 131 мин Вашингтон предупреждает Киев, что помощь не может быть вечной. Эфир от 14.02.2023",14 февраля,https://smotrim.ru/video/2564565
2564318,2023,14 февраля 131 мин Норвежская разведка бьет в колокола НАТО. Эфир от 14.02.2023 (11:30),14 февраля,https://smotrim.ru/video/2564318
2563815,2023,"13 февраля 126 мин По данным СВР, против России готовят серию терактов. Эфир от 13.02.2023 (17:30)",13 февраля,https://smotrim.ru/video/2563815
2563491,2023,13 февраля 131 мин В Артемовске уже идут уличные бои. Эфир от 13.02.2023 (11:30),13 февраля,https://smotrim.ru/video/2563491
2562627,2023,10 февраля 131 мин Над территорией Украины объявлена вторая за день воздушная тревога. Эфир от 10.02,10 февраля,https://smotrim.ru/video/2562627
2562286,2023,10 февраля 123 мин Зеленский встречается в Жешуве с президентом Польши Анджеем Дудой. Эфир от 10.02.,10 февраля,https://smotrim.ru/video/2562286
2561903,2023,9 февраля 131 мин Поражение России как смысл существования Польши. Эфир от 09.02.2023 (17:30),9 февраля,https://smotrim.ru/video/2561903
2561516,2023,9 февраля 131 мин Зеленский летит в Брюссель на саммит ЕС. Эфир от 09.02.2023 (11:30),9 февраля,https://smotrim.ru/video/2561516
2561160,2023,8 февраля 130 мин Гастроли украинского президента. Эфир от 08.02.2023 (17:30),8 февраля,https://smotrim.ru/video/2561160
2560903,2023,"8 февраля 131 мин Речь Байдена в конгрессе. Первый ""Леопард"" для Киева оказался игрушкой. Эфир от 08",8 февраля,https://smotrim.ru/video/2560903
2560292,2023,7 февраля 131 мин Шойгу об успешном развитии боевых действий. Эфир от 07.02.2023 (17:30),7 февраля,https://smotrim.ru/video/2560292
2560078,2023,7 февраля 130 мин Финляндия готова вступить в НАТО в одностороннем порядке. Эфир от 07.02.2023 (11:3,7 февраля,https://smotrim.ru/video/2560078
2559608,2023,6 февраля 131 мин Самое мощное с 1939 года землетрясение в Турции. Эфир от 06.02.2023 (17:30),6 февраля,https://smotrim.ru/video/2559608
2559306,2023,6 февраля 131 мин Российские силы продолжают штурмовать позиции ВСУ. Эфир от 06.02.2023 (11:30),6 февраля,https://smotrim.ru/video/2559306
2558389,2023,3 февраля 131 мин В Берлине отреагировали на слова Путина о немецких танках для ВСУ. Эфир от 03.02.2,3 февраля,https://smotrim.ru/video/2558389
2558115,2023,3 февраля 131 мин Историческая память как символ несокрушимости народа. Эфир от 03.02.2023 (11:30),3 февраля,https://smotrim.ru/video/2558115
2557600,2023,2 февраля 131 мин Президент РФ прибыл на празднование 80-летия победы в Сталинградской битве. Эфир о,2 февраля,https://smotrim.ru/video/2557600
2557355,2023,2 февраля 131 мин 80-летие победы в Сталинградской битве. Эфир от 02.02.2023 (11:30),2 февраля,https://smotrim.ru/video/2557355
2556806,2023,1 февраля 131 мин Ситуация в Бахмуте: украинское командование может отступить. Эфир от 01.02.2023 (1,1 февраля,https://smotrim.ru/video/2556806
2556682,2023,1 февраля 131 мин Битва за Бахмут: что вынуждены признать западные комментаторы. Эфир от 01.02.2023 ,1 февраля,https://smotrim.ru/video/2556682
2556111,2023,31 января 131 мин Поражающие воображение кадры из зоны СВО. Эфир от 31.01.2023 (17:30),31 января,https://smotrim.ru/video/2556111
2555792,2023,31 января 131 мин США отправили на Украину первую партию БМП Bradley. Эфир от 31.01.2023 (11:30),31 января,https://smotrim.ru/video/2555792
2555326,2023,30 января 131 мин Визит в МИД РФ нового посла США. Эфир от 30.01.2023 (17:30),30 января,https://smotrim.ru/video/2555326
2555044,2023,30 января 131 мин Киевский режим требует от Запада поставок новых видов вооружения. Эфир от 30.01.20,30 января,https://smotrim.ru/video/2555044
2554159,2023,27 января 131 мин Глава бундестага сравнила Россию с Третьим рейхом. Эфир от 27.01.2023 (17:30),27 января,https://smotrim.ru/video/2554159
2553893,2023,"27 января 131 мин На Западе перестали делать вид, что не участвуют в конфликте на Украине. Эфир от 2",27 января,https://smotrim.ru/video/2553893
2553478,2023,26 января 131 мин Повреждение гидроаккумулирующей электростанции в Киевской области. Эфир от 26.01.2,26 января,https://smotrim.ru/video/2553478
2553157,2023,26 января 130 мин Германия и США объявили о передаче танков для ВСУ. Эфир от 26.01.2023 (11:30),26 января,https://smotrim.ru/video/2553157
2552713,2023,25 января 130 мин Запад сажает Зеленского на танк. Эфир от 25.01.2023 (17:30),25 января,https://smotrim.ru/video/2552713
2552547,2023,25 января 131 мин Большая кадровая чистка. Эфир от 25.01.2023 (11:30),25 января,https://smotrim.ru/video/2552547
2551834,2023,"24 января 130 мин Танки ""Леопард-2"" можно готовить к передаче ВСУ. Эфир от 24.01.2023 (17:30)",24 января,https://smotrim.ru/video/2551834
2551632,2023,24 января 131 мин Беспрецедентный уровень военных действий. Эфир от 24.01.2023 (11:30),24 января,https://smotrim.ru/video/2551632
2551130,2023,23 января 130 мин Цель Запада – уничтожение всего русского. Эфир от 23.01.2023 (17:30),23 января,https://smotrim.ru/video/2551130
2550778,2023,23 января 131 мин Артемовск близок к тактическому полуокружению. Эфир от 23.01.2023 (11:30),23 января,https://smotrim.ru/video/2550778
2550033,2023,"20 января 129 мин Страны НАТО куют ""перемогу"" для ВСУ. Эфир от 20.01.2023 (17:30)",20 января,https://smotrim.ru/video/2550033
2549750,2023,20 января 128 мин США готовят ВСУ к контрнаступлению. Эфир от 20.01.2023 (11:30),20 января,https://smotrim.ru/video/2549750
2549303,2023,19 января 129 мин Клещеевка освобождена от украинских боевиков. Эфир от 19.01.2023 (17:30),19 января,https://smotrim.ru/video/2549303
2549030,2023,19 января 121 мин Шольц пока хочет воевать с Россией силами украинцев. Эфир от 19.01.2023 (11:30),19 января,https://smotrim.ru/video/2549030
2548570,2023,"18 января 127 мин Запад поставил все на ""перемогу"". Эфир от 18.01.2023 (17:30)",18 января,https://smotrim.ru/video/2548570
2548390,2023,18 января 130 мин 80-летие со дня прорыва блокады Ленинграда. Эфир от 18.01.2023 (11:30),18 января,https://smotrim.ru/video/2548390
2547737,2023,17 января 130 мин Оперативное окружение Северска. Эфир от 17.01.2023 (17:30),17 января,https://smotrim.ru/video/2547737
2547454,2023,17 января 141 мин Соледар полностью освобожден российскими войсками. Эфир от 17.01.2023 (11:30),17 января,https://smotrim.ru/video/2547454
2547032,2023,16 января 122 мин Очередное военное преступление ВСУ. Эфир от 16.01.2023 (17:30),16 января,https://smotrim.ru/video/2547032
2546700,2023,16 января 125 мин Российско-белорусские летно-тактические учения. Эфир от 16.01.2023 (11:30),16 января,https://smotrim.ru/video/2546700
2546003,2023,13 января 130 мин Соледар перешел под контроль российских сил. Эфир от 13.01.2023 (17:30),13 января,https://smotrim.ru/video/2546003
2545749,2023,13 января 130 мин Артемовск взят в оперативное окружение. Эфир от 13.01.2023 (11:30),13 января,https://smotrim.ru/video/2545749
2545358,2023,"12 января 125 мин Поражение, которого не скроешь. Эфир от 12.01.2023 (17:30)",12 января,https://smotrim.ru/video/2545358
2545011,2023,12 января 127 мин Британские наемники разделили участь боевиков ВСУ. Эфир от 12.01.2023 (11:30),12 января,https://smotrim.ru/video/2545011
2544616,2023,11 января 128 мин Последние очаги сопротивления ВСУ. Эфир от 11.01.2023 (17:30),11 января,https://smotrim.ru/video/2544616
2544424,2023,11 января 126 мин Зачистка Соледара. Встреча омбудсменов России и Украины. Эфир от 11.01.2023 (11:30,11 января,https://smotrim.ru/video/2544424
2543864,2023,10 января 126 мин Российскую армию ждут качественные изменения. Эфир от 10.01.2023 (17:30),10 января,https://smotrim.ru/video/2543864
2543523,2023,10 января 125 мин Украинские боевики массово бегут из городской застройки. Эфир от 10.01.2023 (11:30,10 января,https://smotrim.ru/video/2543523
2543124,2023,"9 января 131 мин Запад переходит ""красную линию"". Эфир от 09.01.2023 (17:30)",9 января,https://smotrim.ru/video/2543124
2542734,2023,9 января 131 мин Запад начинает Новый год с эскалации. Эфир от 09.01.2023 (11:30),9 января,https://smotrim.ru/video/2542734
2914792,2024,"27 декабря 79 мин Где посадим ""Орешник"" в 2025 году. Эфир от 27.12.2024 (18:30)",27 декабря,https://smotrim.ru/video/2914792
2914595,2024,27 декабря 79 мин Европейские социологи констатируют перелом в головах европейцев по поводу конфликт,27 декабря,https://smotrim.ru/video/2914595
2914260,2024,26 декабря 79 мин Людоловы в Европе. Эфир от 26.12.2024 (18:30),26 декабря,https://smotrim.ru/video/2914260
2914074,2024,26 декабря 68 мин Предотвращены новые теракты против военных в России. Эфир от 26.12.2024 (11:30),26 декабря,https://smotrim.ru/video/2914074
2913744,2024,25 декабря 79 мин Интервью главы МИД РФ. Эфир от 25.12.2024 (18:30),25 декабря,https://smotrim.ru/video/2913744
2913545,2024,25 декабря 79 мин Трагедия с пассажирским самолетом в Казахстане. Эфир от 25.12.2024 (11:30),25 декабря,https://smotrim.ru/video/2913545
2913344,2024,24 декабря 79 мин Риторика террористов. Эфир от 24.12.2024 (18:30),24 декабря,https://smotrim.ru/video/2913344
2912953,2024,24 декабря 78 мин Зеленскому и его прихвостням якобы запретили реагировать на заявления Трампа. Эфир,24 декабря,https://smotrim.ru/video/2912953
2912612,2024,23 декабря 79 мин Из мешка в мешок. Эфир от 23.12.2024 (18:30),23 декабря,https://smotrim.ru/video/2912612
2912297,2024,"23 декабря 79 мин Фицо стал третьим лидером Европы, приехавшим в Россию после начала СВО. Эфир от 23",23 декабря,https://smotrim.ru/video/2912297
2911516,2024,20 декабря 79 мин Как поделить мир на сферы влияния. Эфир от 20.12.2024 (18:30),20 декабря,https://smotrim.ru/video/2911516
2911326,2024,20 декабря 78 мин Реакция Запада. Эфир от 20.12.2024 (11:30),20 декабря,https://smotrim.ru/video/2911326
2911030,2024,"19 декабря 130 мин Запад напуган ""шокирующим вызовом"" Путина. Эфир от 19.12 2024 (17:30)",19 декабря,https://smotrim.ru/video/2911030
2910952,2024,19 декабря 23 мин Владимир Путин подвел итоги года. Эфир от 19.12 2024 (16:45),19 декабря,https://smotrim.ru/video/2910952
2910528,2024,18 декабря 78 мин Террорист вел трансляцию убийства Игоря Кириллова. Эфир от 18.12.2024 (18:30),18 декабря,https://smotrim.ru/video/2910528
2910344,2024,18 декабря 79 мин В НАТО за 24 часа. Заявления Туска. Эфир от 18.12.2024 (11:30),18 декабря,https://smotrim.ru/video/2910344
2909932,2024,17 декабря 79 мин Нострадамус и Ванга стали героями украинского телевидения. Эфир от 17.12.2024 (18:,17 декабря,https://smotrim.ru/video/2909932
2909791,2024,17 декабря 78 мин Куда ведут следы убийства Игоря Кириллова. Эфир от 17.12.2024 (11:30),17 декабря,https://smotrim.ru/video/2909791
2909432,2024,16 декабря 79 мин Важнейшие заявления верховного главнокомандующего. Эфир от 16.12.2024 (18:30),16 декабря,https://smotrim.ru/video/2909432
2909224,2024,16 декабря 78 мин Шоу в Киево-Печерской лавре и провальная политика Зеленского. Эфир от 16.12.2024 (,16 декабря,https://smotrim.ru/video/2909224
2908348,2024,"13 декабря 79 мин На Западе предрекают удар ""Орешником"" по Украине 14 декабря. Эфир от 13.12.2024 (1",13 декабря,https://smotrim.ru/video/2908348
2908080,2024,13 декабря 79 мин Ответом на атаку на Таганрог стал массированный удар. Эфир от 13.12.2024 (11:30),13 декабря,https://smotrim.ru/video/2908080
2907750,2024,12 декабря 79 мин Вашингтон находится на третьей стадии принятия неизбежного. Эфир от 12.12.2024 (18,12 декабря,https://smotrim.ru/video/2907750
2907504,2024,12 декабря 79 мин Украине пророчат темные времена. Эфир от 12.12.2024 (11:30),12 декабря,https://smotrim.ru/video/2907504
2907201,2024,11 декабря 78 мин Киев выпустил шесть американских ракет ATACMS по военному аэродрому Таганрог. Эфир,11 декабря,https://smotrim.ru/video/2907201
2906941,2024,11 декабря 79 мин Украинский вопрос станет приоритетом Трампа. Эфир от 11.12.2024 (11:30),11 декабря,https://smotrim.ru/video/2906941
2906632,2024,10 декабря 79 мин Российская армия зашла на территорию Сумской области. Эфир от 10.12.2024 (18:30),10 декабря,https://smotrim.ru/video/2906632
2906328,2024,10 декабря 78 мин Госдеп предлагает Киеву отправлять на убой 18-летних украинцев. Эфир от 10.12.2024,10 декабря,https://smotrim.ru/video/2906328
2906054,2024,9 декабря 79 мин Российские войска уже в 3 километрах от Покровска. Эфир от 09.12.2024 (18:30),9 декабря,https://smotrim.ru/video/2906054
2905736,2024,9 декабря 79 мин Столкновение систем. Эфир от 09.12.2024 (11:30),9 декабря,https://smotrim.ru/video/2905736
2904950,2024,"6 декабря 79 мин Россия готова разместить ""Орешник"" в Белоруссии. Эфир от 06.12.2024 (18:30)",6 декабря,https://smotrim.ru/video/2904950
2904653,2024,6 декабря 79 мин Как отреагировал Запад на интервью Лаврова Карлсону. Эфир от 06.12.2024 (11:30),6 декабря,https://smotrim.ru/video/2904653
2904308,2024,5 декабря 79 мин В Германии появились карты раздела Украины. Эфир от 05.12.2024 (18:30),5 декабря,https://smotrim.ru/video/2904308
2904047,2024,5 декабря 79 мин Франция погружается в политический хаос. Эфир от 05.12.2024 (11:30),5 декабря,https://smotrim.ru/video/2904047
2903731,2024,"4 декабря 79 мин ""Ночные охотники"" отработали по украинской обороне. Эфир от 04.12.2024 (18:30)",4 декабря,https://smotrim.ru/video/2903731
2903516,2024,4 декабря 78 мин Возвращение Такера Карлсона. Эфир от 04.12.2024 (11:30),4 декабря,https://smotrim.ru/video/2903516
2903224,2024,"3 декабря 79 мин Россия провела пуски ракет ""Циркон"" и ""Калибр"" в Средиземном море. Эфир от 03.12.20",3 декабря,https://smotrim.ru/video/2903224
2902985,2024,3 декабря 78 мин Зеленский не получил НАТО. Эфир от 03.12.2024 (11:30),3 декабря,https://smotrim.ru/video/2902985
2902659,2024,2 декабря 79 мин В США обнародовали план по урегулированию на Украине. Эфир от 02.12.2024 (18:30),2 декабря,https://smotrim.ru/video/2902659
2902414,2024,"2 декабря 68 мин Что у Шольца в чемодане, с которым он приехал в Киев. Эфир от 02.12.2024 (11:30)",2 декабря,https://smotrim.ru/video/2902414
2901647,2024,29 ноября 79 мин Запад соревнуется в тревожных предсказаниях. Эфир от 29.11.2024 (18:30),29 ноября,https://smotrim.ru/video/2901647
2901424,2024,29 ноября 79 мин Откровения Джонсона. Эфир от 29.11.2024 (11:30),29 ноября,https://smotrim.ru/video/2901424
2901127,2024,28 ноября 79 мин На акты агрессии в отношении РФ всегда будут ответы. Эфир от 28.11.2024 (18:30),28 ноября,https://smotrim.ru/video/2901127
2900876,2024,"28 ноября 86 мин Запад осознаёт, но медленно. Эфир от 28.11.2024 (11:30)",28 ноября,https://smotrim.ru/video/2900876
2900573,2024,27 ноября 79 мин Меркель зарабатывает на старость мемуарами о Путине. Эфир от 27.11.2024 (18:30),27 ноября,https://smotrim.ru/video/2900573
2900297,2024,27 ноября 79 мин Запад анализирует варианты ответа на удары ATACMS. 27.11.2024 (11:30),27 ноября,https://smotrim.ru/video/2900297
2899927,2024,26 ноября 79 мин Запад спешит изменить ход войны до инаугурации Трампа. Эфир от 26.11.2024 (18:30),26 ноября,https://smotrim.ru/video/2899927
2899676,2024,26 ноября 79 мин Лондон взбешен пленом британского наемника. Эфир от 26.11.2024 (11:30),26 ноября,https://smotrim.ru/video/2899676
2899352,2024,"25 ноября 79 мин Киеву мешают победить ФАБы, дезертиры и северокорейцы . Эфир от 25.11.2024 (18:30)",25 ноября,https://smotrim.ru/video/2899352
2899118,2024,25 ноября 78 мин США положили глаз на украинские полезные ископаемые. Эфир от 25.11.2024 (11:30),25 ноября,https://smotrim.ru/video/2899118
2898326,2024,"22 ноября 79 мин На что способен российский ""Орешник"". Эфир от 22.11.2024 (18:30)",22 ноября,https://smotrim.ru/video/2898326
2898077,2024,"22 ноября 79 мин Первый удар крепким ""Орешником"". Эфир от 22.11.2024 (11:30)",22 ноября,https://smotrim.ru/video/2898077
2897746,2024,21 ноября 79 мин Российский флаг над Дальним. Эфир от 21.11.2024 (18:30),21 ноября,https://smotrim.ru/video/2897746
2897565,2024,21 ноября 78 мин Мемуары Меркель и готовность США к ядерной войне. Эфир от 21.11.2024 (11:30),21 ноября,https://smotrim.ru/video/2897565
2897201,2024,20 ноября 78 мин Страны НАТО готовят теракты в России. Эфир от 20.11.2024 (18:30),20 ноября,https://smotrim.ru/video/2897201
2896983,2024,20 ноября 78 мин Американский Госдеп сбросил маски. Эфир от 20.11.2024 (11:30),20 ноября,https://smotrim.ru/video/2896983
2896660,2024,19 ноября 79 мин Ядерная доктрина России изменилась. Эфир от 19.11.2024 (18:30),19 ноября,https://smotrim.ru/video/2896660
2896407,2024,19 ноября 79 мин Байден идет на эскалацию с Россией. Эфир от 19.11.2024 (11:30),19 ноября,https://smotrim.ru/video/2896407
2896073,2024,"18 ноября 79 мин Звонок Шольца Путину связали с ""эффектом Трампа"". Эфир от 18.11.2024 (18:30)",18 ноября,https://smotrim.ru/video/2896073
2895828,2024,18 ноября 78 мин Уход Байдена с поста президента может быть громким. Эфир от 18.11.2024 (11:30),18 ноября,https://smotrim.ru/video/2895828
3063987,2025,26 декабря 106 мин Начинка украинского командного пункта. Эфир от 26.12.2025 (18:00),26 декабря,https://smotrim.ru/video/3063987
3063973,2025,26 декабря 92 мин Деньги на выборы. Эфир от 26.12.2025 (12:00),26 декабря,https://smotrim.ru/video/3063973
3063542,2025,25 декабря 106 мин Режим озлобленности. Эфир от 25.12.2025 (18:00),25 декабря,https://smotrim.ru/video/3063542
3063428,2025,25 декабря 106 мин Терминальная стадия людоедского режима. Эфир от 25.12.2025 (12:00),25 декабря,https://smotrim.ru/video/3063428
3063061,2025,24 декабря 102 мин Европа приближает глобальный конфликт. Эфир от 24.12.2025 (18:00),24 декабря,https://smotrim.ru/video/3063061
3062936,2025,24 декабря 105 мин Переговоры по Украине вступают в критическую фазу. Эфир от 24.12.2025 (12:00),24 декабря,https://smotrim.ru/video/3062936
3062633,2025,23 декабря 106 мин Американские ястребы против мирного плана. Эфир от 23.12.2025 (18:00),23 декабря,https://smotrim.ru/video/3062633
3062496,2025,23 декабря 105 мин Подковерная борьба в США. Эфир от 23.12.2025 (12:00),23 декабря,https://smotrim.ru/video/3062496
3062179,2025,22 декабря 106 мин Переговоры по Украине пытаются сорвать вбросами. Эфир от 22.12.2025 (18:00),22 декабря,https://smotrim.ru/video/3062179
3062044,2025,22 декабря 106 мин Убийство генерала Сарварова. Эфир от 22.12.2025 (12:00),22 декабря,https://smotrim.ru/video/3062044
3061297,2025,"19 декабря 106 мин Реакция мировых СМИ на ""Итоги года с Владимиром Путиным"". Эфир от 19.12.2025 (18:",19 декабря,https://smotrim.ru/video/3061297
3061255,2025,19 декабря 23 мин Путин подвел итоги года. Эфир от 19.12.2025 (16:30),19 декабря,https://smotrim.ru/video/3061255
3060847,2025,"18 декабря 106 мин В Белоруссии оборудованы позиции комплекса ""Орешник"". Эфир от 18.12.2025 (18:00)",18 декабря,https://smotrim.ru/video/3060847
3060767,2025,18 декабря 106 мин Лидеры стран ЕС ищут деньги для Киева. Эфир от 18.12.2025 (12:00),18 декабря,https://smotrim.ru/video/3060767
3060437,2025,17 декабря 106 мин Заявления президента на коллегии Минобороны. Эфир от 17.12.2025 (18:00),17 декабря,https://smotrim.ru/video/3060437
3060246,2025,17 декабря 106 мин Опасная цитата Мерца. Эфир от 17.12.2025 (12:00),17 декабря,https://smotrim.ru/video/3060246
3059948,2025,16 декабря 106 мин Потасовка в Раде. Эфир от 16.12.2025 (18:00),16 декабря,https://smotrim.ru/video/3059948
3059679,2025,16 декабря 106 мин Переговоры в Берлине: итоги подвел Трамп. Эфир от 16.12.2025 (12:00),16 декабря,https://smotrim.ru/video/3059679
3059339,2025,15 декабря 106 мин В России задержали проукраинских диверсантов. Эфир от 15.12.2025 (18:00),15 декабря,https://smotrim.ru/video/3059339
3059117,2025,15 декабря 106 мин Вашингтон продолжает принуждать киевский режим к миру. Эфир от 15.12.2025 (12:00),15 декабря,https://smotrim.ru/video/3059117
3058427,2025,12 декабря 106 мин Зеленский отказался от выборов и хочет воевать дальше. Эфир от 12.12.2025 (18:00),12 декабря,https://smotrim.ru/video/3058427
3058167,2025,"12 декабря 101 мин ""Группа поддержки"" выброшена за борт. Эфир от 12.12.2025 (12:00)",12 декабря,https://smotrim.ru/video/3058167
3057874,2025,11 декабря 106 мин Северск взят. Эфир от 11.12.2025 (18:00),11 декабря,https://smotrim.ru/video/3057874
3057742,2025,11 декабря 105 мин Киев пытается выиграть время. Эфир от 11.12.2025 (12:00),11 декабря,https://smotrim.ru/video/3057742
3057463,2025,10 декабря 106 мин Трамп требует выборов на Украине. Эфир от 10.12.2025 (18:00),10 декабря,https://smotrim.ru/video/3057463
3057286,2025,"10 декабря 106 мин Зеленский ""поплыл"". Эфир от 10.12.2025 (12:00)",10 декабря,https://smotrim.ru/video/3057286
3056972,2025,9 декабря 106 мин Трамп продолжает гвоздить Зеленского. Эфир от 09.12.2025 (18:00),9 декабря,https://smotrim.ru/video/3056972
3056841,2025,9 декабря 106 мин Активное продвижение российской армии. Эфир от 09.12.2025 (12:00),9 декабря,https://smotrim.ru/video/3056841
3056488,2025,8 декабря 106 мин Зеленский проигнорировал Трампа и поехал в Лондон за указаниями. Эфир от 08.12.202,8 декабря,https://smotrim.ru/video/3056488
3056354,2025,8 декабря 106 мин Самоубийственное упрямство Киева. Эфир от 08.12.2025 (12:00),8 декабря,https://smotrim.ru/video/3056354
3055606,2025,5 декабря 106 мин В Индии показали мультфильм с Путиным и Моди. Эфир от 05.12.2025 (18:00),5 декабря,https://smotrim.ru/video/3055606
3055398,2025,5 декабря 105 мин Встреча Путина и Моди. Эфир от 05.12.2025 (12:00),5 декабря,https://smotrim.ru/video/3055398
3055059,2025,4 декабря 106 мин Путин прибыл в Индию с государственным визитом. Эфир от 04.12.2025 (18:00),4 декабря,https://smotrim.ru/video/3055059
3054958,2025,4 декабря 106 мин Путин дал большое интервью India Today. Эфир от 04.12.2025 (12:00),4 декабря,https://smotrim.ru/video/3054958
3054644,2025,"3 декабря 105 мин Песков о переговорах: нормальный рабочий процесс, поиск компромисса. Эфир от 03.12",3 декабря,https://smotrim.ru/video/3054644
3054558,2025,3 декабря 105 мин Переговоры России и США в Кремле. Эфир от 03.12.2025 (12:00),3 декабря,https://smotrim.ru/video/3054558
3054140,2025,2 декабря 106 мин Уиткофф и Кушнер прибыли в Кремль на встречу с Путиным. Эфир от 02.12.2025 (18:00),2 декабря,https://smotrim.ru/video/3054140
3054023,2025,2 декабря 105 мин Первые кадры из освобожденного Красноармейска. Эфир от 02.12.2025 (12:00),2 декабря,https://smotrim.ru/video/3054023
3053681,2025,1 декабря 102 мин Макрон и Зеленский поговорили с лидерами ЕС и Уиткоффом. Эфир от 01.12.2025 (18:00,1 декабря,https://smotrim.ru/video/3053681
3053590,2025,1 декабря 106 мин Трамп впервые прокомментировал скандал на Украине. Эфир от 01.12.2025 (12:00),1 декабря,https://smotrim.ru/video/3053590
3052724,2025,"28 ноября 105 мин Ультиматум истек, пора договариваться. Эфир от 28.11.2025 (18:00)",28 ноября,https://smotrim.ru/video/3052724
3052580,2025,28 ноября 110 мин Виктор Орбан снова в Москве. Эфир от 28.11.2025 (12:00),28 ноября,https://smotrim.ru/video/3052580
3052215,2025,27 ноября 105 мин Главные вопросы и ответы президента. Эфир от 27.11.2025 (18:00),27 ноября,https://smotrim.ru/video/3052215
3052051,2025,27 ноября 106 мин Вашингтон предъявляет Украине новый ультиматум. Эфир от 27.11.2025 (12:00),27 ноября,https://smotrim.ru/video/3052051
3051690,2025,26 ноября 106 мин Ультиматум Трампа: сроки выходят. Эфир от 26.11.2025 (18:00),26 ноября,https://smotrim.ru/video/3051690
3051534,2025,26 ноября 106 мин Мирный процесс по Украине пытаются сорвать. Эфир от 26.11.2025 (12:00),26 ноября,https://smotrim.ru/video/3051534
3051226,2025,25 ноября 105 мин Украина согласна на мирный план Трампа. Эфир от 25.11.2025 (18:00),25 ноября,https://smotrim.ru/video/3051226
3051004,2025,25 ноября 106 мин До истечения ультиматума Трампа – два дня. Эфир от 25.11.2025 (12:00),25 ноября,https://smotrim.ru/video/3051004
3050686,2025,24 ноября 105 мин Мирный план Трампа далек от совершенства. Эфир от 24.11.2025 (18:00),24 ноября,https://smotrim.ru/video/3050686
3050526,2025,24 ноября 106 мин ЕС пытается торпедировать мирный план Трампа. Эфир от 24.11.2025 (12:00),24 ноября,https://smotrim.ru/video/3050526
3049770,2025,21 ноября 106 мин Белый дом предъявляет Киеву ультиматум. Эфир от 21.11.2025 (18:00),21 ноября,https://smotrim.ru/video/3049770
3049603,2025,"21 ноября 105 мин Путин посетил командный пункт группировки ""Запад"". Эфир от 21.11.2025 (12:00)",21 ноября,https://smotrim.ru/video/3049603
3049240,2025,20 ноября 106 мин Утечки американского плана перемирия. Эфир от 20.11.2025 (18:00),20 ноября,https://smotrim.ru/video/3049240
3049082,2025,20 ноября 106 мин Российские бойцы штурмуют Северск. Эфир от 20.11.2025 (12:00),20 ноября,https://smotrim.ru/video/3049082
3048777,2025,19 ноября 105 мин В Польше сочиняют истории про российскую диверсию. Эфир от 19.11.2025 (18:00),19 ноября,https://smotrim.ru/video/3048777
3048648,2025,19 ноября 106 мин Новые подробности дела Миндича. Эфир от 19.11.2025 (12:00),19 ноября,https://smotrim.ru/video/3048648
3048240,2025,18 ноября 106 мин Битва за Красноармейск подходит к завершению. Эфир от 18.11.2025 (18:00),18 ноября,https://smotrim.ru/video/3048240
3048145,2025,18 ноября 106 мин Скандал парализовал работу Рады. Эфир от 18.11.2025 (12:00),18 ноября,https://smotrim.ru/video/3048145
3047799,2025,17 ноября 106 мин Вспышка русофобии в Польше. Эфир от 17.11.2025 (18:00),17 ноября,https://smotrim.ru/video/3047799
3047649,2025,17 ноября 105 мин Коррупционный пожар вокруг Зеленского. Эфир от 17.11.2025 (12:00),17 ноября,https://smotrim.ru/video/3047649
3046872,2025,14 ноября 106 мин Тень полутрупа. Эфир от 14.11.2025 (18:00),14 ноября,https://smotrim.ru/video/3046872
3046712,2025,14 ноября 106 мин Работают братья. Эфир от 14.11.2025 (12:00),14 ноября,https://smotrim.ru/video/3046712
3046339,2025,13 ноября 88 мин Цензура в Италии. Эфир от 13.11.2025 (18:00),13 ноября,https://smotrim.ru/video/3046339
3046236,2025,13 ноября 106 мин Рубио опровергает фейк о конфликте с Лавровым. Эфир от 13.11.2025 (12:00),13 ноября,https://smotrim.ru/video/3046236
3045916,2025,12 ноября 104 мин Униженная Европа ищет передышки. Эфир от 12.11.2025 (18:00),12 ноября,https://smotrim.ru/video/3045916
3045776,2025,12 ноября 106 мин Киев не оставляет надежд прогнуть Венгрию. Эфир от 12.11.2025 (12:00),12 ноября,https://smotrim.ru/video/3045776
3045425,2025,11 ноября 106 мин Зеленский утонул в коррупции. Эфир от 11.11.2025 (18:00),11 ноября,https://smotrim.ru/video/3045425
3045348,2025,11 ноября 106 мин ФСБ сорвала планы британцев. Эфир от 11.11.2025 (12:00),11 ноября,https://smotrim.ru/video/3045348
3044913,2025,10 ноября 106 мин Украина подрастеряла энергию. Эфир от 10.11.2025 (18:00),10 ноября,https://smotrim.ru/video/3044913
3044787,2025,"10 ноября 106 мин Система распределения электроэнергии на Украине ""декоммунизирована"". Эфир от 10.11",10 ноября,https://smotrim.ru/video/3044787
3044020,2025,7 ноября 106 мин Российские войска освободили Успеновку в Запорожской области. Эфир от 07.11.2025 (1,7 ноября,https://smotrim.ru/video/3044020
3043856,2025,7 ноября 105 мин Тревожный сигнал для Зеленского. Эфир от 07.11.2025 (12:00),7 ноября,https://smotrim.ru/video/3043856
3043517,2025,"6 ноября 106 мин Что происходит в ""котлах"" в районе Красноармейска и Димитрова. Эфир от 06.11.2025 (",6 ноября,https://smotrim.ru/video/3043517
3043338,2025,6 ноября 105 мин Трамп продолжает усугублять ситуацию. Эфир от 06.11.2025 (12:00),6 ноября,https://smotrim.ru/video/3043338
3043034,2025,5 ноября 106 мин Совещание Путина с членами Совбеза: важные заявления. Эфир от 05.11.2025 (18:00),5 ноября,https://smotrim.ru/video/3043034
3042905,2025,"5 ноября 105 мин Путин наградил разработчиков ""Посейдона"" и ""Буревестника"". Эфир от 05.11.2025 (12:0",5 ноября,https://smotrim.ru/video/3042905
3041453,2025,"31 октября 106 мин Киев запретил журналистам лезть в ""котлы"". Эфир от 31.10.2025 (18:00)",31 октября,https://smotrim.ru/video/3041453
3041263,2025,31 октября 106 мин Загробная жизнь Трампа. Эфир от 31.10.2025 (12:00),31 октября,https://smotrim.ru/video/3041263
3040934,2025,30 октября 106 мин Паническая реакция Трампа. Эфир от 30.10.2025 (18:00),30 октября,https://smotrim.ru/video/3040934
3040816,2025,"30 октября 106 мин По Трампу ударили ""Буревестником"" и ""Посейдоном"". Эфир от 30.10.2025 (12:00)",30 октября,https://smotrim.ru/video/3040816
3040452,2025,"29 октября 101 мин В Мировом океане появился новый игрок – ""Посейдон"". Эфир от 29.10.2025 (18:00)",29 октября,https://smotrim.ru/video/3040452
3040280,2025,29 октября 106 мин Рейтинг неодобрения. Эфир от 29.10.2025 (12:00),29 октября,https://smotrim.ru/video/3040280
3039992,2025,"28 октября 106 мин Котел для ВСУ, не первый и не последний. Эфир от 28.10.2025 (18:00)",28 октября,https://smotrim.ru/video/3039992
3039833,2025,28 октября 106 мин Котлы для ВСУ. Эфир от 28.10.2025 (12:00),28 октября,https://smotrim.ru/video/3039833
3039521,2025,"27 октября 106 мин Тень от ""Буревестника"". Эфир от 27.10.2025 (18:00)",27 октября,https://smotrim.ru/video/3039521
3039354,2025,"27 октября 106 мин ""Буревестник"" Судного дня. Эфир от 27.10.2025 (12:00)",27 октября,https://smotrim.ru/video/3039354
3038519,2025,24 октября 105 мин Нефтяные санкции против России угрожают мировому рынку. Эфир от 24.10.2025 (18:00,24 октября,https://smotrim.ru/video/3038519
3038405,2025,24 октября 106 мин Путин ответил на вопросы о санкциях и переносе саммита в Будапеште. Эфир от 24.10,24 октября,https://smotrim.ru/video/3038405
3038057,2025,23 октября 106 мин Трамп ввел санкции и отменил встречу в Будапеште. Эфир от 23.10.2025 (18:00),23 октября,https://smotrim.ru/video/3038057
3037943,2025,23 октября 106 мин Зеленский в Европе показал неготовность Киева к компромиссам. Эфир от 23.10.2025 ,23 октября,https://smotrim.ru/video/3037943
3037574,2025,22 октября 115 мин Теракт в Сербии. Эфир от 22.10.2025 (18:00),22 октября,https://smotrim.ru/video/3037574
3037432,2025,22 октября 106 мин Трамп решит вопрос о встрече с Путиным за два дня. Эфир от 22.10.2025 (12:00),22 октября,https://smotrim.ru/video/3037432
3037130,2025,21 октября 106 мин Жена проводила Саркози в тюрьму. Эфир от 21.10.2025 (18:00),21 октября,https://smotrim.ru/video/3037130
3036908,2025,21 октября 90 мин Трамп хочет мира на Украине любой ценой для Украины. Эфир от 21.10.2025 (12:00),21 октября,https://smotrim.ru/video/3036908
3036618,2025,20 октября 106 мин Ожидания от саммита в Будапеште. Эфир от 20.10.2025 (18:00),20 октября,https://smotrim.ru/video/3036618
3036477,2025,20 октября 106 мин Скандальные подробности встречи Трампа и Зеленского. Эфир от 20.10.2025 (12:00),20 октября,https://smotrim.ru/video/3036477
3035753,2025,17 октября 106 мин Президент РФ вновь перехватил инициативу. Эфир от 17.10.2025 (18:00),17 октября,https://smotrim.ru/video/3035753
3035500,2025,17 октября 106 мин Подготовка к саммиту Путина и Трампа. Эфир от 17.10.2025 (12:00),17 октября,https://smotrim.ru/video/3035500
3035152,2025,16 октября 106 мин Театральная пауза. Эфир от 16.10.2025 (18:00),16 октября,https://smotrim.ru/video/3035152
3035090,2025,16 октября 105 мин Маска миротворца сброшена. Эфир от 16.10.2025 (12:00),16 октября,https://smotrim.ru/video/3035090
3034706,2025,"15 октября 106 мин Продавец ""Томагавков"". Эфир от 15.10.2025 (18:00)",15 октября,https://smotrim.ru/video/3034706
3034516,2025,15 октября 105 мин Украину накрыл блэкаут. Эфир от 15.10.2025 (12:00),15 октября,https://smotrim.ru/video/3034516
3034230,2025,14 октября 100 мин Европа глотает унижения от США. Эфир от 15.10.2025 (18:00),14 октября,https://smotrim.ru/video/3034230
3034091,2025,14 октября 100 мин В Вашингтоне готовится опасная сделка. Эфир от 14.10.2025 (12:00),14 октября,https://smotrim.ru/video/3034091
3033739,2025,13 октября 98 мин Дональд Трамп в рай не попадет. Эфир от 13.10.2025 (18:00),13 октября,https://smotrim.ru/video/3033739
3033488,2025,13 октября 105 мин Трамп миротворчествует на Ближнем Востоке. Эфир от 13.10.2025 (12:00),13 октября,https://smotrim.ru/video/3033488
3032832,2025,10 октября 106 мин У России вскоре появится новое оружие. Эфир от 10.10.2025 (18:00),10 октября,https://smotrim.ru/video/3032832
3032646,2025,10 октября 105 мин Трамп не получил Нобелевскую премию мира. Эфир от 10.10.2025 (12:00),10 октября,https://smotrim.ru/video/3032646
3032274,2025,"9 октября 106 мин Трамп объявил, что Израиль и ХАМАС достигли соглашения. Эфир от 09.10.2025 (18:00)",9 октября,https://smotrim.ru/video/3032274
3032165,2025,9 октября 105 мин Украинская армия не в силах остановить российское наступление. Эфир от 09.10.2025 ,9 октября,https://smotrim.ru/video/3032165
3031773,2025,8 октября 106 мин МИД РФ: импульс к урегулированию после встречи на Аляске исчерпан. Эфир от 08.10.2,8 октября,https://smotrim.ru/video/3031773
3031648,2025,8 октября 106 мин Макрон 8 октября выступит с обращением. Эфир от 08.10.2025 (12:00),8 октября,https://smotrim.ru/video/3031648
3031313,2025,7 октября 106 мин Кризис во Франции угрожает всей Европе. Эфир от 07.10.2025 (18:00),7 октября,https://smotrim.ru/video/3031313
3031152,2025,"7 октября 105 мин Трамп ""почти принял решение"" по поставкам Tomahawk. Эфир от 07.10.2025 (12:00)",7 октября,https://smotrim.ru/video/3031152
3030798,2025,6 октября 106 мин Залужный опередил Зеленского в рейтинге доверия. Эфир от 06.10.2025 (18:00),6 октября,https://smotrim.ru/video/3030798
3030667,2025,6 октября 106 мин Российская армия освободила Кузьминовку в ДНР. Эфир от 06.10.2025 (12:00),6 октября,https://smotrim.ru/video/3030667
3029880,2025,3 октября 106 мин Ключевое выступление президента. Эфир от 03.10.2025 (18:00),3 октября,https://smotrim.ru/video/3029880
3029719,2025,"3 октября 106 мин Выступление Путина на ""Валдае"". Эфир от 03.10.2025 (12:00)",3 октября,https://smotrim.ru/video/3029719
3029361,2025,2 октября 45 мин Вашингтон идет на эскалацию конфликта. Эфир от 02.10.2025 (17:30),2 октября,https://smotrim.ru/video/3029361
3029190,2025,2 октября 106 мин Запад сознательно переходит красные линии. Эфир от 02.10.2025 (12:00),2 октября,https://smotrim.ru/video/3029190
3028863,2025,"1 октября 106 мин Колл-центр в Днепропетровске наконец-то получил свою ""Герань"". Эфир от 01.10.2025 ",1 октября,https://smotrim.ru/video/3028863
3028685,2025,1 октября 106 мин Стратегически важный успех на фронте. Эфир от 01.10.2025 (12:00),1 октября,https://smotrim.ru/video/3028685
3028393,2025,"30 сентября 106 мин Киев готовит провокацию в Польше, Варшаву это не заботит. Эфир от 30.09.2025 (18",30 сентября,https://smotrim.ru/video/3028393
3028186,2025,30 сентября 105 мин Киев готовит провокацию на фоне катастрофы на фронте. Эфир от 30.09.2025 (12:00),30 сентября,https://smotrim.ru/video/3028186
3027902,2025,29 сентября 106 мин Европа заплатит Америке за дальнобойные ракеты для ВСУ. Эфир от 29.09.2025 (18:0,29 сентября,https://smotrim.ru/video/3027902
3027677,2025,"29 сентября 106 мин Вашингтон и Киев ведут переговоры о передаче Украине ""Томагавков"". Эфир от 29.09",29 сентября,https://smotrim.ru/video/3027677
3026894,2025,26 сентября 106 мин Зеленский угрожает атаковать Кремль. Эфир от 26.09.2025 (18:00),26 сентября,https://smotrim.ru/video/3026894
3026732,2025,26 сентября 105 мин Кадры уничтожения ЗРК Patriot в Днепропетровской области. Эфир от 26.09.2025 (12,26 сентября,https://smotrim.ru/video/3026732
3026320,2025,25 сентября 101 мин Европе мерещатся российские дроны. Эфир от 25.09.2025 (18:00),25 сентября,https://smotrim.ru/video/3026320
3026183,2025,25 сентября 105 мин После слов Трампа Зеленский мечтает о возврате территорий. Эфир от 25.09.2025 (1,25 сентября,https://smotrim.ru/video/3026183
3025776,2025,24 сентября 105 мин НАТО играет дряблыми мускулами. Эфир от 24.09.2025 (18:00),24 сентября,https://smotrim.ru/video/3025776
3025673,2025,24 сентября 105 мин Заявления Трампа и символизм остановившегося эскалатора. Эфир от 24.09.2025 (12:,24 сентября,https://smotrim.ru/video/3025673
3025351,2025,23 сентября 106 мин Трамп устроил разнос ООН. Эфир от 23.09.2025 (18:00),23 сентября,https://smotrim.ru/video/3025351
3025204,2025,23 сентября 106 мин Таинственные БПЛА в небе Дании и Норвегии. Эфир от 23.09.2025 (12:00),23 сентября,https://smotrim.ru/video/3025204
3024850,2025,22 сентября 106 мин Москва ждет реакцию Вашингтона на предложение по ДСНВ. Эфир от 22.09.2025 (18:00,22 сентября,https://smotrim.ru/video/3024850
3024724,2025,22 сентября 106 мин ВС РФ подошли к юго-западной окраине Красноармейска. Эфир от 22.09.2025 (12:00),22 сентября,https://smotrim.ru/video/3024724
3023845,2025,19 сентября 106 мин Путин приехал в оружейную столицу России. Эфир от 19.09.2025 (18:00),19 сентября,https://smotrim.ru/video/3023845
3023726,2025,"19 сентября 106 мин Стармер старался как мог, но ничего не добился от Трампа. Эфир от 19.09.2025 (12",19 сентября,https://smotrim.ru/video/3023726
3023310,2025,18 сентября 106 мин Подробности освобождения Новопетровского. Эфир от 18.09.2025 (18:00),18 сентября,https://smotrim.ru/video/3023310
3023133,2025,18 сентября 106 мин США и Великобритания пытаются договориться на фоне протокольных скандалов. Эфир ,18 сентября,https://smotrim.ru/video/3023133
3022801,2025,17 сентября 106 мин Оружие для Украины и визит Трампа в Британию. Эфир от 17.09.2025 (18:00),17 сентября,https://smotrim.ru/video/3022801
3022619,2025,17 сентября 106 мин Трамп вновь пообещал решить украинскую проблему. Эфир от 17.09.2025 (12:00),17 сентября,https://smotrim.ru/video/3022619
3022272,2025,"16 сентября 106 мин В учениях ""Запад-2025"" принял участие президент Путин. Эфир от 16.09.2025 (18:00",16 сентября,https://smotrim.ru/video/3022272
3022171,2025,16 сентября 106 мин Потери позиций на фронте привели к отставкам в ВСУ. Эфир от 16.09.2025 (12:00),16 сентября,https://smotrim.ru/video/3022171
3021804,2025,15 сентября 106 мин Западные отставные фрики пытаются убедить себя в успехах Украины. Эфир от 15.09.,15 сентября,https://smotrim.ru/video/3021804
3021665,2025,15 сентября 105 мин Убийство Чарли Кирка может стать для США точкой невозврата. Эфир от 15.09.2025 (,15 сентября,https://smotrim.ru/video/3021665
3020808,2025,"12 сентября 102 мин Задержан подозреваемый в убийстве Чарли Кирка: его ""сдал"" отец. Эфир от 12.09.20",12 сентября,https://smotrim.ru/video/3020808
3020642,2025,12 сентября 106 мин На Западе устроили панику из-за российско-белорусских учений. Эфир от 12.09.2025,12 сентября,https://smotrim.ru/video/3020642
3020195,2025,"11 сентября 105 мин Найдено оружие, из которого мог быть убит Чарли Кирк. Эфир от 11.09.2025 (18:00)",11 сентября,https://smotrim.ru/video/3020195
3020135,2025,11 сентября 105 мин Убийство Кирка стало ударом для Трампа. Эфир от 11.09.2025 (12:00),11 сентября,https://smotrim.ru/video/3020135
3019820,2025,"10 сентября 106 мин Трамп заявил, что сумел ""закончить семь войн"". Эфир от 10.09.2025 (18:30)",10 сентября,https://smotrim.ru/video/3019820
3019656,2025,10 сентября 106 мин Скандал из-за беспилотников в Польше. Эфир от 10.09.2025 (12:00),10 сентября,https://smotrim.ru/video/3019656
3019311,2025,9 сентября 106 мин Боевики наркокартелей едут перенимать опыт на Украину. Эфир от 09.09.2025 (18:00),9 сентября,https://smotrim.ru/video/3019311
3019155,2025,9 сентября 106 мин Макрону угрожает отставка. Эфир от 09.09.2025 (12:00),9 сентября,https://smotrim.ru/video/3019155
3018842,2025,8 сентября 106 мин Виктор Орбан предрек раздел Украины на три зоны. Эфир от 08.09.2025 (18:00),8 сентября,https://smotrim.ru/video/3018842
3018621,2025,8 сентября 106 мин Украина и Европа навязывают Америке санкции. Эфир от 08.09.2025 (12:00),8 сентября,https://smotrim.ru/video/3018621
3017916,2025,5 сентября 106 мин Запад не хочет подставлять своих военных под российский удар. Эфир от 05.09.2025 ,5 сентября,https://smotrim.ru/video/3017916
3017752,2025,5 сентября 106 мин Президент России остудил браваду Европы. Эфир от 05.09.2025 (12:00),5 сентября,https://smotrim.ru/video/3017752
3017412,2025,"4 сентября 106 мин ""Коалиция желающих"" зашла в тупик. Эфир от 04.09.2025 (18:00)",4 сентября,https://smotrim.ru/video/3017412
3017280,2025,4 сентября 105 мин Реальная и показная дипломатия. Эфир от 04.09.2025 (12:00),4 сентября,https://smotrim.ru/video/3017280
3016870,2025,3 сентября 105 мин Феноменальный визит Путина в Китай. Эфир от 03.09.2025 (18:00),3 сентября,https://smotrim.ru/video/3016870
3016770,2025,3 сентября 105 мин Военный парад в Пекине. Эфир от 03.09.2025 (12:00),3 сентября,https://smotrim.ru/video/3016770
3016377,2025,2 сентября 106 мин Мировой порядок меняется на наших глазах. Эфир от 02.09.2025 (18:00),2 сентября,https://smotrim.ru/video/3016377
3016251,2025,2 сентября 105 мин Новости из Пекина поражают масштабом. Эфир от 02.09.2025 (12:00),2 сентября,https://smotrim.ru/video/3016251
3015892,2025,1 сентября 106 мин Контуры нового миропорядка. Эфир от 01.09.2025 (18:00),1 сентября,https://smotrim.ru/video/3015892
3015740,2025,1 сентября 102 мин Образцово-показательный саммит. Эфир от 01.09.2025 (12:00),1 сентября,https://smotrim.ru/video/3015740
3014995,2025,29 августа 106 мин Зеленский угрожает дедлайнами. Эфир от 29.08.2025 (18:00),29 августа,https://smotrim.ru/video/3014995
3014859,2025,29 августа 106 мин Украинские боевики паникуют и отходят с позиций. Эфир от 29.08.2025 (12:00),29 августа,https://smotrim.ru/video/3014859
3014572,2025,28 августа 106 мин В курском приграничье ранен оператор ВГТРК. Эфир от 28.08.2025 (18:00),28 августа,https://smotrim.ru/video/3014572
3014325,2025,28 августа 105 мин Ермак и Умеров едут в США на переговоры с Уиткоффом. Эфир от 28.08.2025 (12:00),28 августа,https://smotrim.ru/video/3014325
3014078,2025,27 августа 106 мин Трамп назвал ошибки Украины. Эфир от 27.08.2025 (18:00),27 августа,https://smotrim.ru/video/3014078
3013972,2025,27 августа 105 мин Армия России расширяет зону контроля на днепропетровском участке фронта. Эфир от ,27 августа,https://smotrim.ru/video/3013972
3013627,2025,"26 августа 106 мин Венгрия и Словакия реагируют на атаки нефтепровода ""Дружба"". Эфир от 26.08.2025 (",26 августа,https://smotrim.ru/video/3013627
3013474,2025,26 августа 105 мин Проблемы ВСУ с логистикой усугубляются по всему фронту. Эфир от 26.08.2025 (12:00,26 августа,https://smotrim.ru/video/3013474
3013166,2025,25 августа 106 мин Новый дедлайн по Украине от Вэнса. Эфир от 25.08.2025 (18:00),25 августа,https://smotrim.ru/video/3013166
3013012,2025,25 августа 106 мин При освобождении Филии штурмовики форсировали реку Волчья. Эфир от 25.08.2025 (12,25 августа,https://smotrim.ru/video/3013012
3012251,2025,22 августа 106 мин Операция прикрытия. Эфир от 22.08.2025 (18:00),22 августа,https://smotrim.ru/video/3012251
3012093,2025,22 августа 106 мин Трамп объявил новый дедлайн. Эфир от 22.08.2025 (12:00),22 августа,https://smotrim.ru/video/3012093
3011745,2025,21 августа 106 мин Российские ракеты уничтожают западные инвестиции. Эфир от 21.08.2025 (18:00),21 августа,https://smotrim.ru/video/3011745
3011619,2025,21 августа 106 мин ВС РФ нанесли массированный удар по объектам ВСУ. Эфир от 21.08.2025 (12:00),21 августа,https://smotrim.ru/video/3011619
3011279,2025,"20 августа 106 мин ""Элита"" сдалась в плен. Эфир от 20.08.2025 (18:00)",20 августа,https://smotrim.ru/video/3011279
3011211,2025,20 августа 106 мин Поглощенный миротворчеством Трамп мечтает о рае. Эфир от 20.08.2025 (12:00),20 августа,https://smotrim.ru/video/3011211
3010851,2025,19 августа 106 мин Трамп хочет оказаться на небесах. Эфир от 19.08.2025 (18:00),19 августа,https://smotrim.ru/video/3010851
3010728,2025,19 августа 106 мин Зеленский согласен на все. Эфир от 19.08.2025 (12:00),19 августа,https://smotrim.ru/video/3010728
3010393,2025,18 августа 106 мин На ковер в пиджаке. Эфир от 18.08.2025 (18:00),18 августа,https://smotrim.ru/video/3010393
3010239,2025,18 августа 106 мин Трамп дает Зеленскому последний шанс. Эфир от 18.08.2025 (12:00),18 августа,https://smotrim.ru/video/3010239
3009589,2025,15 августа 105 мин Исторический саммит на Аляске. Эфир от 15.08.2025 (18:00),15 августа,https://smotrim.ru/video/3009589
3009459,2025,15 августа 105 мин Подготовка к саммиту в Анкоридже: уникальные кадры. Эфир от 15.08.2025 (12:00),15 августа,https://smotrim.ru/video/3009459
3009125,2025,14 августа 106 мин Один день до встречи. Эфир от 14.08.2025 (18:00),14 августа,https://smotrim.ru/video/3009125
3008997,2025,14 августа 105 мин Санкции США против России временно отменены. Эфир от 14.08.2025 (12:00),14 августа,https://smotrim.ru/video/3008997
3008638,2025,13 августа 106 мин Бои за Золотой Колодезь определят тон встречи Путина и Трампа. Эфир от 13.08.2025,13 августа,https://smotrim.ru/video/3008638
3008548,2025,13 августа 106 мин Посмотреть в глаза Путину. Эфир от 13.08.2025 (12:00),13 августа,https://smotrim.ru/video/3008548
3008246,2025,12 августа 106 мин Армия России рывком под Красноармейском прорвала оборону ВСУ. Эфир от 12.08.2025 ,12 августа,https://smotrim.ru/video/3008246
3008133,2025,12 августа 106 мин Трамп: Зеленский во встрече не участвует. Эфир от 12.08.2025 (12:00),12 августа,https://smotrim.ru/video/3008133
3007804,2025,11 августа 106 мин До встречи на Аляске. Эфир от 11.08.2025 (18:00),11 августа,https://smotrim.ru/video/3007804
3007648,2025,11 августа 106 мин Аляска: главная мировая новость. Эфир от 11.08.2025 (12:00),11 августа,https://smotrim.ru/video/3007648
3006971,2025,8 августа 106 мин Путин – Трамп: подготовка к саммиту началась. Эфир от 08.08.2025 (18:00),8 августа,https://smotrim.ru/video/3006971
3006860,2025,8 августа 106 мин Трамп опроверг домыслы противников российско-американского саммита. Эфир от 08.08.,8 августа,https://smotrim.ru/video/3006860
3006496,2025,7 августа 106 мин Новый поворот в российско-американских отношениях. Эфир от 07.08.2025 (18:00),7 августа,https://smotrim.ru/video/3006496
3006386,2025,7 августа 105 мин Путин и Трамп встретятся в ближайшие дни. Эфир от 07.08.2025 (12:00),7 августа,https://smotrim.ru/video/3006386
3006039,2025,6 августа 106 мин Уиткофф в Москве: прогулка с Дмитриевым и встреча с Путиным . Эфир от 06.08.2025 (,6 августа,https://smotrim.ru/video/3006039
3005927,2025,6 августа 106 мин Спецпосланник Трампа снова в Москве. Эфир от 06.08.2025 (12:00),6 августа,https://smotrim.ru/video/3005927
3005632,2025,5 августа 106 мин РСМД: Россия больше не считает себя чем-то ограниченной. Эфир от 05.08.2025 (18:00,5 августа,https://smotrim.ru/video/3005632
3005416,2025,5 августа 106 мин Оборона ВСУ сыплется на глазах. Эфир от 05.08.2025 (12:00),5 августа,https://smotrim.ru/video/3005416
3005112,2025,4 августа 106 мин Британия готовит масштабную диверсию против России. Эфир от 04.08.2025 (18:00),4 августа,https://smotrim.ru/video/3005112
3004984,2025,4 августа 105 мин Сырский сетует на новую тактику ВС РФ на покровском направлении. Эфир от 04.08.202,4 августа,https://smotrim.ru/video/3004984
3004334,2025,1 августа 106 мин Путин сделал ключевые заявления на Валааме. Эфир от 01.08.2025 (18:00),1 августа,https://smotrim.ru/video/3004334
3004208,2025,1 августа 105 мин Сигналы Дональда Трампа. Эфир 01.08.2025 (12:00),1 августа,https://smotrim.ru/video/3004208
3003872,2025,31 июля 105 мин Удары по Киеву. Эфир от 31.07.2025 (18:00),31 июля,https://smotrim.ru/video/3003872
3003773,2025,31 июля 106 мин Часов Яр освобожден. Эфир от 31.07.2025 (12:00),31 июля,https://smotrim.ru/video/3003773
3003410,2025,30 июля 105 мин Киев попытался сорвать выступление Валентины Матвиенко. Эфир от 30.07.2025 (18:00),30 июля,https://smotrim.ru/video/3003410
3003317,2025,30 июля 106 мин Землетрясение на Камчатке. Подробности. Эфир от 30.07.2025 (12:00),30 июля,https://smotrim.ru/video/3003317
3002961,2025,29 июля 106 мин Галкина и Пугачеву не ждут в Киеве. Эфир от 29.07.2025 (18:00),29 июля,https://smotrim.ru/video/3002961
3002858,2025,29 июля 105 мин Трамп сокращает свой 50-дневный ультиматум. Эфир от 29.07.2025 (12:00),29 июля,https://smotrim.ru/video/3002858
3002528,2025,28 июля 106 мин Новый дедлайн от Дональда Трампа. Эфир от 28.07.2025 (18:00),28 июля,https://smotrim.ru/video/3002528
3002418,2025,"28 июля 105 мин Лавров: нельзя допускать ни слабости, ни слабины. Эфир от 28.07.2025 (12:00)",28 июля,https://smotrim.ru/video/3002418
3001736,2025,"25 июля 106 мин Продвижение ВС РФ и ""Июльский шторм"". Эфир от 25.07.2025 (18:00)",25 июля,https://smotrim.ru/video/3001736
3001630,2025,25 июля 106 мин Зеленский переобулся. Эфир от 25.07.2025 (12:00),25 июля,https://smotrim.ru/video/3001630
3001292,2025,24 июля 106 мин Авиакатастрофа в Амурской области. Эфир от 24.07.2025 (18:00),24 июля,https://smotrim.ru/video/3001292
3001152,2025,24 июля 105 мин Третий раунд переговоров в Турции. Эфир от 24.07.2025 (12:00),24 июля,https://smotrim.ru/video/3001152
3000842,2025,23 июля 105 мин В ожидании переговоров. Эфир от 23.07.2025 (18:00),23 июля,https://smotrim.ru/video/3000842
3000709,2025,23 июля 106 мин Переговоры в Турции. Эфир от 23.07.2025 (12:00),23 июля,https://smotrim.ru/video/3000709
3000332,2025,22 июля 105 мин На Украине создают гитлерюгенд по методичке Третьего рейха. Эфир от 22.07.2025 (18:0,22 июля,https://smotrim.ru/video/3000332
3000232,2025,22 июля 106 мин Российский спецназ зашел в Красноармейск. Эфир от 22.07.2025 (12:00),22 июля,https://smotrim.ru/video/3000232
2999898,2025,21 июля 106 мин Кит Келлог стал наводчиком для Армии России. Эфир от 21.07.2025 (18:00),21 июля,https://smotrim.ru/video/2999898
2999793,2025,21 июля 106 мин Киевский режим меняет уклонистов на колумбийцев. Эфир от 21.07.2025 (12:00),21 июля,https://smotrim.ru/video/2999793
2999125,2025,"18 июля 105 мин Российское наступление набирает темп, у ВСУ проблемы с людьми. Эфир от 18.07.2025 (1",18 июля,https://smotrim.ru/video/2999125
2998999,2025,18 июля 105 мин Новые антироссийские санкции. Эфир от 18.07.2025 (12:00),18 июля,https://smotrim.ru/video/2998999
2998664,2025,17 июля 101 мин Армия России за сутки освободила сразу три населенных пункта. Эфир от 17.07.2025 (18,17 июля,https://smotrim.ru/video/2998664
2998518,2025,17 июля 106 мин Атаки украинских БПЛА на мирные регионы России. Эфир от 17.07.2025 (12:00),17 июля,https://smotrim.ru/video/2998518
2998214,2025,16 июля 106 мин Трамп отправляет оружие и говорит о мире. Эфир от 16.07.2025 (18:00),16 июля,https://smotrim.ru/video/2998214
2998079,2025,16 июля 106 мин Откуда возьмут 17 Patriot для Украины. Эфир от 16.07.2025 (12:00),16 июля,https://smotrim.ru/video/2998079
2997794,2025,15 июля 106 мин Обещания Трампа. Эфир от 15.07.2025 (18:00),15 июля,https://smotrim.ru/video/2997794
2997652,2025,15 июля 106 мин Ультиматум Дональда Трампа. Эфир от 15.07.2025 (12:00),15 июля,https://smotrim.ru/video/2997652
2997337,2025,14 июля 106 мин О продвижении российских войск. Эфир от 14.07.2025 (18:00),14 июля,https://smotrim.ru/video/2997337
2997173,2025,14 июля 105 мин Европа в шоке от решения Трампа. Эфир от 14.07.2025,14 июля,https://smotrim.ru/video/2997173
2996449,2025,11 июля 105 мин Два варианта для ВСУ. Эфир от 11.07.2025 (18:00),11 июля,https://smotrim.ru/video/2996449
2996302,2025,11 июля 106 мин Боевики ВСУ массово бегут с позиций. Эфир от 11.07.2025 (12:00),11 июля,https://smotrim.ru/video/2996302
2996026,2025,10 июля 106 мин Мигающий сигнал Марко Рубио. Эфир от 10.07.2025 (18:00),10 июля,https://smotrim.ru/video/2996026
2995882,2025,10 июля 101 мин Волна за волной. Эфир от 10.07.2025 (12:00),10 июля,https://smotrim.ru/video/2995882
2995587,2025,9 июля 106 мин Трамп не смог и угрожает. Эфир от 09.07.2025 (18:00),9 июля,https://smotrim.ru/video/2995587
2995441,2025,"9 июля 105 мин ""Герани"" дали хороший урожай. Эфир от 09.07.2025 (12:00)",9 июля,https://smotrim.ru/video/2995441
2995146,2025,8 июля 106 мин Трамп больше не голубь мира. Эфир от 08.07.2025 (18:00),8 июля,https://smotrim.ru/video/2995146
2994980,2025,8 июля 105 мин Удары по украинским ТЦК. Эфир от 08.07.2025 (12:00),8 июля,https://smotrim.ru/video/2994980
2994679,2025,7 июля 106 мин Чему аплодируют украинцы. Эфир от 07.07.2025 (18:00),7 июля,https://smotrim.ru/video/2994679
2994529,2025,7 июля 102 мин Украинская ПВО не справляется с масштабными воздушными ударами. Эфир 07.07.2025 (12:0,7 июля,https://smotrim.ru/video/2994529
2993889,2025,4 июля 106 мин Приостановку поставок оружия называют давлением Трампа на Киев. Эфир от 04.07.2025 (1,4 июля,https://smotrim.ru/video/2993889
2993413,2025,3 июля 106 мин Редкие позитивные новости о задержанных из Баку. Эфир от 03.07.2025 (18:00),3 июля,https://smotrim.ru/video/2993413
2993264,2025,3 июля 105 мин На Банковой – паника. Эфир от 03.07.2025 (12:00),3 июля,https://smotrim.ru/video/2993264
2992915,2025,2 июля 105 мин Гражданам РФ стало небезопасно находиться в Азербайджане. Эфир от 02.07.2025 (18:00),2 июля,https://smotrim.ru/video/2992915
2992754,2025,2 июля 105 мин Телефонный разговор Путина и Макрона. Эфир от 02.07.2025 (12:00),2 июля,https://smotrim.ru/video/2992754
2992431,2025,1 июля 105 мин Конфликт Трампа с Маском продолжается. Эфир от 01.07.2025 (18:00),1 июля,https://smotrim.ru/video/2992431
2992290,2025,1 июля 106 мин Армия России окружает Покровск с трех сторон. Эфир от 01.07.2025 (12:00),1 июля,https://smotrim.ru/video/2992290
2991946,2025,30 июня 101 мин Украина в затруднительном положении из-за Сум. Эфир от 30.06.2025 (18:00),30 июня,https://smotrim.ru/video/2991946
2991766,2025,30 июня 103 мин Боевики ВСУ сжигают дома мирных жителей при отступлении. Эфир от 30.06.2025 (12:00),30 июня,https://smotrim.ru/video/2991766
2991040,2025,27 июня 106 мин Важные заявления Путина. Эфир от 27.06.2025 (18:00),27 июня,https://smotrim.ru/video/2991040
2990809,2025,27 июня 106 мин Надежды Украины рассыпаются. Эфир от 27.06.2025 (12:00),27 июня,https://smotrim.ru/video/2990809
2990524,2025,"26 июня 106 мин Трамп показал, кто в НАТО хозяин. Эфир от 26.06.2025 (18:00)",26 июня,https://smotrim.ru/video/2990524
2990313,2025,26 июня 91 мин Парад унижения. Эфир от 26.06.2025 (12:00),26 июня,https://smotrim.ru/video/2990313
2990026,2025,25 июня 106 мин Сарказм Трампа и провальный саммит НАТО. Эфир от 25.06.2025 (18:00),25 июня,https://smotrim.ru/video/2990026
2989842,2025,25 июня 105 мин Кошмарные сценарии для НАТО. Эфир от 25.06.2025 (12:00),25 июня,https://smotrim.ru/video/2989842
2989451,2025,24 июня 106 мин Разговор на повышенных тонах. Эфир от 24.06.2025 (18:00),24 июня,https://smotrim.ru/video/2989451
2989308,2025,"24 июня 106 мин Война ""на кураже"". Эфир от 24.06.2025 (12:00)",24 июня,https://smotrim.ru/video/2989308
2988930,2025,23 июня 106 мин Эскалация больше не выглядит предсказуемой. Эфир от 23.06.2025 (18:00),23 июня,https://smotrim.ru/video/2988930
2988692,2025,23 июня 105 мин Трамп превзошел все ожидания Нетаньяху. Эфир от 23.06.2025 (12:00),23 июня,https://smotrim.ru/video/2988692
2987960,2025,"20 июня 106 мин Путин об Украине: где ступает нога русского солдата, то наше. Эфир от 20.06.2025 (18",20 июня,https://smotrim.ru/video/2987960
2987741,2025,20 июня 105 мин ПМЭФ стал эпицентром мировых новостей. Эфир от 20.06.2025 (12:00),20 июня,https://smotrim.ru/video/2987741
2987416,2025,19 июня 106 мин Условия заключения мира для Киева ухудшаются с каждым днем. Эфир от 19.06.2025 (18:0,19 июня,https://smotrim.ru/video/2987416
2987102,2025,19 июня 106 мин Путин призвал Запад осознать реальность. Эфир от 19.06.2025 (12:00),19 июня,https://smotrim.ru/video/2987102
2986797,2025,"18 июня 106 мин Трамповский ""самолет Судного дня"" прибыл в Вашингтон. Эфир от 18.06.2025 (18:00)",18 июня,https://smotrim.ru/video/2986797
2986575,2025,18 июня 105 мин Зеленский остался без Трампа на G7. Эфир от 18.06.2025 (12:00),18 июня,https://smotrim.ru/video/2986575
2986341,2025,17 июня 102 мин Ситуация на Ближнем Востоке накаляется. Эфир от 17.06.2025 (18:00),17 июня,https://smotrim.ru/video/2986341
2986150,2025,17 июня 105 мин Трамп задал загадку всем. Эфир от 17.06.2025 (12:00),17 июня,https://smotrim.ru/video/2986150
2985865,2025,16 июня 106 мин Британский след взрывов в России. Эфир от 16.06.2025 (18:00),16 июня,https://smotrim.ru/video/2985865
2985729,2025,16 июня 105 мин Противостояние на Ближнем Востоке. Эфир от 16.06.2025 (12:00),16 июня,https://smotrim.ru/video/2985729
2984437,2025,11 июня 106 мин Обмен погибшими начался. Эфир от 11.06.2025 (18:00),11 июня,https://smotrim.ru/video/2984437
2984219,2025,11 июня 106 мин Киев боится обвала фронта. Эфир от 11.06.2025 (12:00),11 июня,https://smotrim.ru/video/2984219
2983955,2025,10 июня 105 мин Черный дым над Киевом. Эфир от 10.06.2025 (18:00),10 июня,https://smotrim.ru/video/2983955
2983777,2025,10 июня 105 мин Армия России идет вперед. Эфир от 10.06.2025 (12:00),10 июня,https://smotrim.ru/video/2983777
2983512,2025,9 июня 106 мин Новый удар возмездия. Эфир от 09.06.2025 (18:00),9 июня,https://smotrim.ru/video/2983512
2983214,2025,9 июня 105 мин За телами не явились. Эфир от 09.06.2025 (12:00),9 июня,https://smotrim.ru/video/2983214
2982554,2025,6 июня 105 мин Банк России снизил ключевую ставку. Эфир от 06.06.2025 (18:00),6 июня,https://smotrim.ru/video/2982554
2982377,2025,6 июня 105 мин Всё о грандиозной ссоре. Эфир от 06.06.2025 (12:00),6 июня,https://smotrim.ru/video/2982377
2982083,2025,5 июня 106 мин Трамп готов ввести санкции против всех. Эфир от 05.06.2025 (18:00),5 июня,https://smotrim.ru/video/2982083
2981918,2025,5 июня 106 мин Реакция западной прессы. Эфир от 05.06.2025 (12:00),5 июня,https://smotrim.ru/video/2981918
2981601,2025,4 июня 106 мин Путин не видит смысла в переговорах с террористами. Эфир от 04.06.2025 (18:00),4 июня,https://smotrim.ru/video/2981601
2981479,2025,4 июня 105 мин Обстановка на фронтах спецоперации. Эфир от 04.06.2025 (12:00),4 июня,https://smotrim.ru/video/2981479
2981082,2025,3 июня 97 мин Детали терактов на железной дороге. Эфир от 03.06.2025 (18:00),3 июня,https://smotrim.ru/video/2981082
2980993,2025,3 июня 105 мин Итоги переговоров России и Украины. Эфир от 03.06.2025 (12:00),3 июня,https://smotrim.ru/video/2980993
2980594,2025,"2 июня 106 мин Мединский о переговорах и ""детском сюжете"". Эфир от 02.06.2025 (18:00)",2 июня,https://smotrim.ru/video/2980594
2980417,2025,2 июня 105 мин Второй раунд в Стамбуле. Эфир от 02.06.2025 (12:00),2 июня,https://smotrim.ru/video/2980417
2979622,2025,30 мая 106 мин ФСБ пресекла серию терактов в России. Эфир от 30.05.2025 (18:00),30 мая,https://smotrim.ru/video/2979622
2979464,2025,30 мая 106 мин Летнее наступление уже началось. Эфир от 30.05.2025 (12:00),30 мая,https://smotrim.ru/video/2979464
2979120,2025,29 мая 106 мин Ждем переговорного процесса. Эфир от 29.05.2025 (18:00),29 мая,https://smotrim.ru/video/2979120
2978969,2025,29 мая 100 мин Угрозы Мединскому и взрыв в Ставрополе. Эфир от 29.05.2025 (12:00),29 мая,https://smotrim.ru/video/2978969
2978568,2025,28 мая 106 мин Переговоры с позиции силы. Эфир от 28.05.2025 (18:00),28 мая,https://smotrim.ru/video/2978568
2978420,2025,28 мая 106 мин Новый скандал вокруг Трампа. Эфир от 28.05.2025 (12:00),28 мая,https://smotrim.ru/video/2978420
2978054,2025,27 мая 106 мин Россия наносит удары возмездия. Эфир от 27.05.2025 (18:00),27 мая,https://smotrim.ru/video/2978054
2977975,2025,27 мая 106 мин Скандальные заявления Мерца. Эфир от 27.05.2025 (12:00),27 мая,https://smotrim.ru/video/2977975
2977562,2025,26 мая 106 мин Запад пытается перенести войну на российскую территорию. Эфир от 26.05.2025 (18:00),26 мая,https://smotrim.ru/video/2977562
2977518,2025,26 мая 105 мин Ответный удар. Эфир от 26.05.2025 (12:00),26 мая,https://smotrim.ru/video/2977518
2976512,2025,23 мая 106 мин Россия и Украина начали масштабный обмен пленными. Эфир от 23.05.2025 (18:00),23 мая,https://smotrim.ru/video/2976512
2976388,2025,23 мая 105 мин Лавров считает встречу в Ватикане нереалистичной. Эфир от 23.05.2025 (12:00),23 мая,https://smotrim.ru/video/2976388
2975966,2025,22 мая 106 мин Армия России создает буферную зону на границе с Украиной. Эфир от 22.05.2025 (18:00),22 мая,https://smotrim.ru/video/2975966
2975793,2025,22 мая 105 мин Переговоры хотят перенести в Ватикан. Эфир от 22.05.2025 (12:00),22 мая,https://smotrim.ru/video/2975793
2975443,2025,21 мая 105 мин ВС РФ нанесли удар по лагерю ВСУ в Сумской области. Эфир от 21.05.2025 (18:00),21 мая,https://smotrim.ru/video/2975443
2975273,2025,21 мая 106 мин Владимир Путин в Курской области. Эфир от 21.05.2025 (12:00),21 мая,https://smotrim.ru/video/2975273
2974914,2025,20 мая 106 мин Ушаков: в ночь на 7 мая в центре Москвы были предотвращены теракты. Эфир от 20.05.202,20 мая,https://smotrim.ru/video/2974914
2974744,2025,20 мая 106 мин Итоги беседы Путина с Трампом. Эфир от 20.05.2025 (12:00),20 мая,https://smotrim.ru/video/2974744
2974381,2025,19 мая 106 мин Что известно о телефонном разговоре Путина и Трампа. Эфир от 19.05.2025 (18:00),19 мая,https://smotrim.ru/video/2974381
2974239,2025,19 мая 106 мин В ожидании переговоров Путина и Трампа. Эфир от 19.05.2025 (12:00),19 мая,https://smotrim.ru/video/2974239
2973430,2025,16 мая 106 мин Итоги переговоров и интервью Владимира Мединского. Эфир от 16.05.2025 (18:00),16 мая,https://smotrim.ru/video/2973430
2973265,2025,16 мая 111 мин Переговоры начались. Эфир от 16.05.2025 (12:00),16 мая,https://smotrim.ru/video/2973265
2972885,2025,15 мая 106 мин Переговоры в Стамбуле: Россия настроена на конструктивный лад. Эфир от 15.05.2025 (18,15 мая,https://smotrim.ru/video/2972885
2972735,2025,15 мая 106 мин Прямые переговоры России и Украины. Эфир от 15.05.2025 (12:00),15 мая,https://smotrim.ru/video/2972735
2972372,2025,14 мая 105 мин Макрон грозится укрыть Европу ядерным зонтиком. Эфир от 14.05.2025 (18:00),14 мая,https://smotrim.ru/video/2972372
2972262,2025,14 мая 106 мин Преимущество Москвы на переговорах – в положении на фронте. Эфир от 14.05.2025 (12:00,14 мая,https://smotrim.ru/video/2972262
2971842,2025,"13 мая 106 мин Западные бренды и угрозы санкций: Путин встретился с ""Деловой Россией"". Эфир от 13.05",13 мая,https://smotrim.ru/video/2971842
2971727,2025,13 мая 106 мин Трамп готов лично прилететь в Турцию. Эфир от 13.05.2025 (12:00),13 мая,https://smotrim.ru/video/2971727
2971362,2025,"12 мая 106 мин Прямые переговоры: все, что известно о предложении Путина. Эфир от 12.05.2025 (18:00)",12 мая,https://smotrim.ru/video/2971362
2971228,2025,12 мая 106 мин Предложение о прямых переговорах. Эфир от 12.05.2024 (12:00),12 мая,https://smotrim.ru/video/2971228
2969696,2025,7 мая 105 мин Германия отказывается вспоминать историю вместе с Россией. Эфир от 07.05.2025 (18:00),7 мая,https://smotrim.ru/video/2969696
2969499,2025,7 мая 105 мин Москва встречает участников и гостей Парада Победы. Эфир от 07.05.2025 (12:00),7 мая,https://smotrim.ru/video/2969499
2969148,2025,6 мая 105 мин На Украине чествуют нацистов и террористов. Эфир от 06.05.2025 (18:00),6 мая,https://smotrim.ru/video/2969148
2968926,2025,6 мая 105 мин Террористические атаки Киева в преддверии Дня Победы. Эфир от 06.05.2025 (12:00),6 мая,https://smotrim.ru/video/2968926
2968601,2025,5 мая 105 мин Зеленский отказался от перемирия и угрожает мировым лидерам. Эфир от 05.05.2025 (18:00,5 мая,https://smotrim.ru/video/2968601
2968378,2025,5 мая 106 мин В США нет единого мнения о ходе урегулирования украинского конфликта. Эфир от 05.05.20,5 мая,https://smotrim.ru/video/2968378
2967124,2025,30 апреля 106 мин Безумная угроза украинского диктатора. Эфир от 30.04.2025 (18:00),30 апреля,https://smotrim.ru/video/2967124
2967040,2025,30 апреля 105 мин Лидер КНДР Ким Чен Ын приедет в Москву на парад Победы. Эфир от 30.04.2025 (12:00),30 апреля,https://smotrim.ru/video/2967040
2966577,2025,29 апреля 106 мин Терпение Трампа на исходе. Эфир от 29.04.2025 (18:00),29 апреля,https://smotrim.ru/video/2966577
2966465,2025,29 апреля 105 мин Киев отказался от перемирия в дни 80-летия Победы. Эфир от 29.04.2025 (12:00),29 апреля,https://smotrim.ru/video/2966465
2965971,2025,28 апреля 106 мин Перемирие в честь 80-летия Победы. Эфир от 28.04.2025 (18:00),28 апреля,https://smotrim.ru/video/2965971
2965851,2025,"28 апреля 105 мин Спецназ КНДР защищал нашу Родину, как свою. Эфир от 28.04.2025 (12:00)",28 апреля,https://smotrim.ru/video/2965851
2964984,2025,25 апреля 105 мин Переговоры Путина и Уиткоффа в Москве. Эфир от 25.04.2025 (18:00),25 апреля,https://smotrim.ru/video/2964984
2964821,2025,25 апреля 106 мин Дедлайн по Украине от Трампа. Эфир от 25.04.2025 (12:00),25 апреля,https://smotrim.ru/video/2964821
2964443,2025,24 апреля 105 мин Россия нанесла мощный удар по военным объектам в Киеве. Эфир от 24.04.2025 (18:00),24 апреля,https://smotrim.ru/video/2964443
2964309,2025,24 апреля 106 мин Зеленский публично нагрубил Трампу. Эфир от 24.04.2025 (12:00),24 апреля,https://smotrim.ru/video/2964309
2963922,2025,"23 апреля 106 мин ""Герани"" стали эффективнее обходить украинскую ПВО. Эфир от 23.04.2025 (18:00)",23 апреля,https://smotrim.ru/video/2963922
2963748,2025,23 апреля 106 мин Последнее предложение Трампа. Эфир от 23.04.2025 (12:00),23 апреля,https://smotrim.ru/video/2963748
2963353,2025,22 апреля 105 мин Появились кадры освобождения Горнальского монастыря в Курской области. Эфир от 22.,22 апреля,https://smotrim.ru/video/2963353
2963243,2025,22 апреля 105 мин План Трампа по Украине. Эфир от 22.04.2025 (12:00),22 апреля,https://smotrim.ru/video/2963243
2962878,2025,21 апреля 106 мин Пасхальное перемирие и причины удара по объекту в Сумах: заявления Путина. Эфир от,21 апреля,https://smotrim.ru/video/2962878
2962670,2025,21 апреля 105 мин Конец пасхального перемирия. Эфир от 21.04.2025 (12:00),21 апреля,https://smotrim.ru/video/2962670
2961835,2025,18 апреля 106 мин Трамп играет с огнем. Эфир от 18.04.2025 (18:00),18 апреля,https://smotrim.ru/video/2961835
2961709,2025,18 апреля 106 мин США еще не понимают. Эфир от 18.04.2025 (12:00),18 апреля,https://smotrim.ru/video/2961709
2961289,2025,17 апреля 106 мин Деньги с неба. Эфир от 17.04.2025 (18:00),17 апреля,https://smotrim.ru/video/2961289
2961170,2025,"17 апреля 106 мин В ФРГ понимают, что вооружают продолжателей дела Гитлера. Эфир от 17.04.2025 (12:0",17 апреля,https://smotrim.ru/video/2961170
2960717,2025,16 апреля 106 мин Бдительность подменили русофобской паникой. Эфир от 16.04.2025 (18:00),16 апреля,https://smotrim.ru/video/2960717
2960619,2025,16 апреля 106 мин Ядерные технологии США. Эфир от 16.04.2025 (12:00),16 апреля,https://smotrim.ru/video/2960619
2960260,2025,15 апреля 106 мин Пекин в ярости. Эфир от 15.04.2025 (18:00),15 апреля,https://smotrim.ru/video/2960260
2960063,2025,15 апреля 106 мин Атака дронов ВСУ на Курск. Эфир от 15.04.2025 (12:00),15 апреля,https://smotrim.ru/video/2960063
2959800,2025,14 апреля 106 мин В Киеве нашли пикантный источник грошей. Эфир от 14.04.2025 (18:00),14 апреля,https://smotrim.ru/video/2959800
2959613,2025,14 апреля 90 мин Украина потеряла еще один F-16. Эфир от 14.04.2025 (12:00),14 апреля,https://smotrim.ru/video/2959613
2959303,2025,11 апреля 105 мин Путин встретился с Уиткоффом. Эфир от 11.04.2025 (18:00),11 апреля,https://smotrim.ru/video/2959303
2958621,2025,"11 апреля 105 мин Трамп заявил, что признателен за освобождение балерины Карелиной. Эфир от 11.04.20",11 апреля,https://smotrim.ru/video/2958621
2958277,2025,10 апреля 106 мин Максимально пикантный скандал во Франции. Эфир от 10.04.2025 (18:00),10 апреля,https://smotrim.ru/video/2958277
2958115,2025,10 апреля 105 мин США и Россия обменялись заключенными в Абу-Даби. Эфир от 10.04.2025 (12:00),10 апреля,https://smotrim.ru/video/2958115
2957779,2025,9 апреля 106 мин Никакой Украины на встрече в Стамбуле обсуждать не будут. Эфир от 09.04.2025 (18:00,9 апреля,https://smotrim.ru/video/2957779
2957561,2025,9 апреля 105 мин ВСУ убивали людей для развлечения. Эфир от 09.04.2025 (12:00),9 апреля,https://smotrim.ru/video/2957561
2957241,2025,8 апреля 106 мин Началась глобальная торговая война. Эфир от 08.04.2025 (18:00),8 апреля,https://smotrim.ru/video/2957241
2956992,2025,8 апреля 105 мин Первая украинка в Конгрессе США призвала Киев смириться с потерей территорий. Эфир ,8 апреля,https://smotrim.ru/video/2956992
2956715,2025,7 апреля 106 мин Макрона сравнили с Людовиком XIV. Эфир от 07.04.2025 (18:00),7 апреля,https://smotrim.ru/video/2956715
2956468,2025,7 апреля 106 мин Овечкин побил величайший рекорд НХЛ. Эфир от 07.04.2025 (12:00),7 апреля,https://smotrim.ru/video/2956468
2955678,2025,4 апреля 106 мин День рождения НАТО. Эфир от 04.04.2025 (18:00),4 апреля,https://smotrim.ru/video/2955678
2955475,2025,4 апреля 106 мин Россия – США: три шага вперед. Эфир от 04.04.2025 (12:00),4 апреля,https://smotrim.ru/video/2955475
2955163,2025,3 апреля 105 мин Курская авантюра Зеленского близится к финалу. Эфир от 03.04.2025 (18:00),3 апреля,https://smotrim.ru/video/2955163
2954974,2025,3 апреля 106 мин Мировая тарифная война. Эфир от 03.04.2025 (12:00),3 апреля,https://smotrim.ru/video/2954974
2954569,2025,2 апреля 106 мин Новый раунд переговоров. Эфир от 02.04.2025 (18:00),2 апреля,https://smotrim.ru/video/2954569
2954435,2025,2 апреля 106 мин Диалог двух сверхдержав продолжается. Эфир от 02.04.2025 (12:00),2 апреля,https://smotrim.ru/video/2954435
2954076,2025,1 апреля 106 мин На Украину прибыл личный духовник Трампа. Эфир от 01.04.2025 (18:00),1 апреля,https://smotrim.ru/video/2954076
2953849,2025,1 апреля 106 мин Сложный геополитический клубок. Эфир от 01.04.2025 (12:00),1 апреля,https://smotrim.ru/video/2953849
2953537,2025,31 марта 106 мин Весеннее ядерное обострение. Эфир от 31.03.2025 (18:00),31 марта,https://smotrim.ru/video/2953537
2953255,2025,31 марта 106 мин Трамп спешит уложиться в первые 100 дней срока. Эфир от 31.03.2025 (12:00),31 марта,https://smotrim.ru/video/2953255
2952596,2025,28 марта 105 мин Путин предложил ввести временное управление на Украине. Эфир от 28.03.2025 (18:00),28 марта,https://smotrim.ru/video/2952596
2952313,2025,28 марта 105 мин Землетрясения в Таиланде и Мьянме. Эфир от 28.03.2025 (12:00),28 марта,https://smotrim.ru/video/2952313
2951960,2025,27 марта 106 мин Хамство и обида: Зеленский рассказал о своей мотивации. Эфир от 27.03.2025 (18:00),27 марта,https://smotrim.ru/video/2951960
2951806,2025,27 марта 106 мин Новый посол России приступил к работе в США. Эфир от 27.03.2025 (12:00),27 марта,https://smotrim.ru/video/2951806
2951435,2025,26 марта 106 мин Самое беспощадное оружие и невероятное спасение. Эфир от 26.03.2025 (18:00),26 марта,https://smotrim.ru/video/2951435
2951263,2025,26 марта 106 мин Детали российско-американской сделки. Эфир от 26.03.2025 (12:00),26 марта,https://smotrim.ru/video/2951263
2950925,2025,"25 марта 106 мин Маневры, переговоры и дипломатические беседы. Эфир от 25.03.2025 (18:00)",25 марта,https://smotrim.ru/video/2950925
2950767,2025,25 марта 106 мин Полезный диалог для россиян и американцев. Эфир от 25.03.2025 (12:00),25 марта,https://smotrim.ru/video/2950767
2950414,2025,"24 марта 106 мин В Эр-Рияде обсуждают возобновление ""черноморской инициативы"". Эфир от 24.03.2025 (1",24 марта,https://smotrim.ru/video/2950414
2950199,2025,24 марта 105 мин Переговоры в Эр-Рияде. Эфир от 24.03.2025 (12:00),24 марта,https://smotrim.ru/video/2950199
2949417,2025,"21 марта 106 мин Келлог анонсировал ""переговоры по принципу близости"". Эфир от 21.03.2025 (18:00)",21 марта,https://smotrim.ru/video/2949417
2949243,2025,21 марта 106 мин В Эр-Рияде США намерены заняться челночной дипломатией. Эфир от 21.03.2025 (12:00),21 марта,https://smotrim.ru/video/2949243
2948868,2025,20 марта 111 мин Макрону нужна война. Эфир от 20.03.2025 (18:00),20 марта,https://smotrim.ru/video/2948868
2948699,2025,20 марта 106 мин Трамп не прочь забрать себе всю экономику Украины. Эфир от 20.03.2025 (12:00),20 марта,https://smotrim.ru/video/2948699
2948335,2025,19 марта 106 мин Зеленский устроил провокацию после разговора Путина и Трампа. Эфир от 19.03.2025 (1,19 марта,https://smotrim.ru/video/2948335
2948215,2025,"19 марта 106 мин Трамп доволен разговором с Путиным, Зеленский ждет звонка. Эфир от 19.03.2025 (12:0",19 марта,https://smotrim.ru/video/2948215
2947846,2025,"18 марта 106 мин Путин и Трамп говорили 2,5 часа. Эфир от 18.03.2025 (18:00)",18 марта,https://smotrim.ru/video/2947846
2947694,2025,18 марта 106 мин Трамп настроен решительно. Эфир от 18.03.2025 (12:00),18 марта,https://smotrim.ru/video/2947694
2947355,2025,17 марта 106 мин Освобождение Суджи: как люди жили в украинской оккупации. Эфир от 17.03.2025 (18:00,17 марта,https://smotrim.ru/video/2947355
2947177,2025,17 марта 106 мин Трамп анонсировал новый звонок в Кремль. Эфир от 17.03.2025 (12:00),17 марта,https://smotrim.ru/video/2947177
2946392,2025,14 марта 106 мин Лукашенко рассказал о звонках Путину с Украины. Эфир от 14.03.2025 (18:00),14 марта,https://smotrim.ru/video/2946392
2946220,2025,14 марта 106 мин Путин о 30-дневном перемирии. Детали. Эфир от 14.03.2025 (12:00),14 марта,https://smotrim.ru/video/2946220
2945863,2025,13 марта 110 мин Пресс-конференция Путина и Лукашенко: основные заявления. Эфир от 13.03.2025 (18:00,13 марта,https://smotrim.ru/video/2945863
2945764,2025,13 марта 105 мин Путин провел совещание в Курской области. Детали и заявления. Эфир от 13.03.2025 (1,13 марта,https://smotrim.ru/video/2945764
2945339,2025,12 марта 105 мин Трамп анонсировал новый разговор с Путиным. Эфир от 12.03.2025 (18:00),12 марта,https://smotrim.ru/video/2945339
2945172,2025,12 марта 105 мин Триколоры над Суджей. Эфир от 12.03.2025 (12:00),12 марта,https://smotrim.ru/video/2945172
2944819,2025,11 марта 105 мин Укрепрайон ВСУ под Суджей взлетел на воздух. Эфир от 11.03.2025 (18:00),11 марта,https://smotrim.ru/video/2944819
2944684,2025,"11 марта 106 мин Операция, которая войдет в историю. Эфир от 11.03.2025 (12:00)",11 марта,https://smotrim.ru/video/2944684
2944302,2025,10 марта 105 мин Бегство и сдача в плен боевиков ВСУ в Курской области. Эфир от 10.03.2025 (18:00),10 марта,https://smotrim.ru/video/2944302
2944172,2025,10 марта 105 мин Трамп ставит новые условия Зеленскому. Эфир от 10.03.2025 (12:00),10 марта,https://smotrim.ru/video/2944172
2943419,2025,7 марта 106 мин Переломный момент: оккупанты лишены логистики. Эфир от 07.03.2025 (18:00),7 марта,https://smotrim.ru/video/2943419
2943286,2025,7 марта 106 мин Трамп продолжает давить на Зеленского. Эфир от 07.03.2025 (12:00),7 марта,https://smotrim.ru/video/2943286
2942854,2025,6 марта 106 мин Рубио: Вашингтон больше не хочет вести прокси-войну с Россией. Эфир от 06.03.2025 (1,6 марта,https://smotrim.ru/video/2942854
2942729,2025,6 марта 106 мин Наполеоновский план Макрона. Эфир от 06.03.2025 (12:00),6 марта,https://smotrim.ru/video/2942729
2942374,2025,5 марта 106 мин Зеленского продолжают терзать.Эфир от 05.03.2025 (18:00),5 марта,https://smotrim.ru/video/2942374
2942222,2025,5 марта 106 мин 1 час 39 минут. О чем говорил Трамп в конгрессе. Эфир от 05.03.2025 (12:00),5 марта,https://smotrim.ru/video/2942222
2941866,2025,4 марта 105 мин Одни лишь извинения за стендап в Белом доме Зеленскому не помогут. Эфир от 04.03.202,4 марта,https://smotrim.ru/video/2941866
2941771,2025,4 марта 106 мин Администрация Трампа перешла к тактике сапога. Эфир от 04.03.2025 (12:00),4 марта,https://smotrim.ru/video/2941771
2941361,2025,3 марта 105 мин Зеленский оказался в зоне турбулентности в прямом и переносном смысле. Эфир от 03.03,3 марта,https://smotrim.ru/video/2941361
2941257,2025,3 марта 106 мин Подробности драмы в Овальном кабинете. Эфир от 03.03.2025 (12:00),3 марта,https://smotrim.ru/video/2941257
2940391,2025,28 февраля 106 мин Предотвращен теракт против Крымского митрополита Тихона. Эфир от 28.02.2025 (18:0,28 февраля,https://smotrim.ru/video/2940391
2940159,2025,28 февраля 106 мин Трамп прохладно встретил просьбы Кира Стармера. Эфир от 28.02.2025 (12:00),28 февраля,https://smotrim.ru/video/2940159
2939835,2025,27 февраля 106 мин В Стамбуле прошел новый раунд переговоров России и США. Эфир от 27.02.2025 (18:00,27 февраля,https://smotrim.ru/video/2939835
2939657,2025,27 февраля 106 мин На Украине грядут большие перемены. Эфир от 27.02.2025 (12:00),27 февраля,https://smotrim.ru/video/2939657
2939272,2025,"26 февраля 106 мин Сергей Лавров: Европа делами подтверждает, что никакого мира не хочет. Эфир от 26",26 февраля,https://smotrim.ru/video/2939272
2939150,2025,26 февраля 96 мин Зеленский может приехать в Вашингтон 28 февраля. Трамп не против. Эфир от 26.02.20,26 февраля,https://smotrim.ru/video/2939150
2938758,2025,25 февраля 106 мин Владимир Путин сделал ряд важных заявлений. Эфир от 25.02.2025 (18:00),25 февраля,https://smotrim.ru/video/2938758
2938587,2025,25 февраля 105 мин Зеленский попал в ловушку. Эфир от 25.02.2025 (12:00),25 февраля,https://smotrim.ru/video/2938587
2938164,2025,24 февраля 106 мин Путин рассказал Си о контактах Москвы с Вашингтоном. Эфир от 24.02.2025 (18:00),24 февраля,https://smotrim.ru/video/2938164
2937996,2025,24 февраля 105 мин СВО России – это бокс против Валуева. Эфир от 24.02.2025 (12:00),24 февраля,https://smotrim.ru/video/2937996
2937156,2025,"21 февраля 105 мин С глаз долой, ресурсы – вон. Эфир от 21.02.2025 (18:00)",21 февраля,https://smotrim.ru/video/2937156
2937023,2025,21 февраля 106 мин Зеленский соврал и расстроил Трампа. Эфир от 21.02.2025 (12:00),21 февраля,https://smotrim.ru/video/2937023
2936618,2025,20 февраля 105 мин Правила игры изменились. Эфир от 20.02.2025 (18:00),20 февраля,https://smotrim.ru/video/2936618
2936507,2025,20 февраля 106 мин Диктатор без выборов. Эфир от 20.02.2025 (12:00),20 февраля,https://smotrim.ru/video/2936507
2936095,2025,19 февраля 106 мин Президент РФ оценил новый вашингтонский тон. Эфир от 19.02.2025 (18:00),19 февраля,https://smotrim.ru/video/2936095
2935983,2025,19 февраля 106 мин Переговорный процесс запущен. Эфир от 19.02.2025 (12:00),19 февраля,https://smotrim.ru/video/2935983
2935502,2025,18 февраля 106 мин Итоги встречи РФ и США. Эфир от 18.02.2025 (18:00),18 февраля,https://smotrim.ru/video/2935502
2935333,2025,18 февраля 106 мин Переговоры России и США без Украины. Эфир от 18.02.2025 (12:00),18 февраля,https://smotrim.ru/video/2935333
2934958,2025,17 февраля 106 мин План переговоров. Эфир от 17.02.2025 (18:00),17 февраля,https://smotrim.ru/video/2934958
2934814,2025,17 февраля 106 мин Переговоры РФ и США. Эфир от 17.02.2025 (12:00),17 февраля,https://smotrim.ru/video/2934814
2933961,2025,14 февраля 105 мин Возвращение Винника на Родину. Эфир от 14.02.2025 (18:00),14 февраля,https://smotrim.ru/video/2933961
2933714,2025,14 февраля 105 мин Трамп анонсировал трехстороннюю встречу по Украине. Эфир от 14.02.2025 (12:00),14 февраля,https://smotrim.ru/video/2933714
2933416,2025,13 февраля 106 мин Мир реагирует на разговор Путина и Трампа. Эфир от 13.02.2025 (18:00),13 февраля,https://smotrim.ru/video/2933416
2933266,2025,13 февраля 106 мин Главная мировая тема. Эфир от 13.02.2025 (12:00),13 февраля,https://smotrim.ru/video/2933266
2932907,2025,12 февраля 106 мин Освобождение Фогеля. Эфир от 12.02.2025 (18:00),12 февраля,https://smotrim.ru/video/2932907
2932740,2025,12 февраля 106 мин Понятие многополярности. Эфир от 12.02.2025 (12:00),12 февраля,https://smotrim.ru/video/2932740
2932443,2025,11 февраля 106 мин Зеленский меняет Курскую область. Эфир от 11.02.2025 (18:00),11 февраля,https://smotrim.ru/video/2932443
2932195,2025,"11 февраля 106 мин Трамп решает по-деловому, Украина ""фактически согласилась"". Эфир от 11.02.2025 (1",11 февраля,https://smotrim.ru/video/2932195
2931820,2025,10 февраля 105 мин Успехи российской армии на территории ДНР. Эфир от 10.02.2025 (18:00),10 февраля,https://smotrim.ru/video/2931820
2931693,2025,10 февраля 105 мин Трамп о встрече с Путиным. Эфир от 10.02.2025 (12:00),10 февраля,https://smotrim.ru/video/2931693
2930786,2025,7 февраля 106 мин Украинские лагеря для детей. Эфир от 07.02.2025 (18:00),7 февраля,https://smotrim.ru/video/2930786
2930628,2025,7 февраля 106 мин Трампу надоела благотворительность. Эфир от 07.02.2025 (12:00),7 февраля,https://smotrim.ru/video/2930628
2930245,2025,6 февраля 106 мин Секрет Полишинеля. Эфир от 06.02.2025 (18:00),6 февраля,https://smotrim.ru/video/2930245
2930096,2025,"6 февраля 106 мин План Трампа может быть основан на ""мире через силу"". Эфир от 06.02.2025 (12:00)",6 февраля,https://smotrim.ru/video/2930096
2929766,2025,5 февраля 106 мин Против Зеленского – вместе. Эфир от 05.02.2025 (18:00),5 февраля,https://smotrim.ru/video/2929766
2929610,2025,5 февраля 106 мин Украина – в безвыходном положении. Эфир от 05.02.2025 (12:00),5 февраля,https://smotrim.ru/video/2929610
2929197,2025,4 февраля 105 мин Рабская психология Украины. Эфир от 04.02.2025 (18:00),4 февраля,https://smotrim.ru/video/2929197
2929036,2025,4 февраля 106 мин Украинцы гибнут за ископаемые для Вашингтона. Эфир от 04.02.2025 (12:00),4 февраля,https://smotrim.ru/video/2929036
2928650,2025,"3 февраля 106 мин Взрыв в ""Алых парусах"" и наступление в Часовом Яре. Эфир от 03.02.2025 (18:00)",3 февраля,https://smotrim.ru/video/2928650
2928489,2025,3 февраля 106 мин По Украине могут договориться без Зеленского. Эфир от 03.02.2025 (12:00),3 февраля,https://smotrim.ru/video/2928489
2927619,2025,31 января 79 мин Госсекретарь США: Украина отброшена на 100 лет назад. Эфир от 31.01.2025 (18:30),31 января,https://smotrim.ru/video/2927619
2927399,2025,31 января 79 мин Что творили украинские боевики в приграничье Курской области. Эфир от 31.01.2025 (1,31 января,https://smotrim.ru/video/2927399
2927111,2025,30 января 79 мин Дональд Трамп: выживших в авиакатастрофе в Вашингтоне нет. Эфир от 30.01.2025 (18:3,30 января,https://smotrim.ru/video/2927111
2926867,2025,30 января 78 мин Авиакатастрофа в США. Что стало причиной столкновения. Эфир от 30.01.2025 (11:30),30 января,https://smotrim.ru/video/2926867
2926555,2025,29 января 79 мин Зеленский сам вывел себя из игры. Эфир от 29.01.2025 (18:30),29 января,https://smotrim.ru/video/2926555
2926300,2025,"29 января 78 мин ""Все должно быть отточено"". Путин о переговорах с Украиной. Эфир от 29.01.2025 (11:",29 января,https://smotrim.ru/video/2926300
2926022,2025,28 января 79 мин Америка фраппирует мир. Эфир от 28.01.2025 (18:30),28 января,https://smotrim.ru/video/2926022
2925786,2025,28 января 79 мин Безумные планы Байдена. Эфир от 28.01.2025 (11:30),28 января,https://smotrim.ru/video/2925786
2925492,2025,"27 января 79 мин Украине предрекли крах, если переговоры не начнутся до лета. Эфир от 27.01.2025 (18",27 января,https://smotrim.ru/video/2925492
2925218,2025,27 января 78 мин Российский флаг поднят над Великой Новоселкой. Эфир от 27.01.2025 (11:30),27 января,https://smotrim.ru/video/2925218
2924443,2025,24 января 79 мин Россию снова хотят задушить. Эфир от 24.01.2025 (18:30),24 января,https://smotrim.ru/video/2924443
2924220,2025,24 января 79 мин Трамп хочет встретиться с Путиным как можно скорее. Эфир от 24.01.2025 (11:30),24 января,https://smotrim.ru/video/2924220
2923919,2025,23 января 79 мин Эмоциональные качели. Эфир от 23.01.2025 (18:30),23 января,https://smotrim.ru/video/2923919
2923663,2025,23 января 78 мин Трамп предъявил ультиматум России. Эфир от 23.01.2025 (11:30),23 января,https://smotrim.ru/video/2923663
2923384,2025,22 января 79 мин 24 часа истекли. Эфир от 22.01.2025 (18:30),22 января,https://smotrim.ru/video/2923384
2923116,2025,22 января 78 мин В ВСУ в течение полугода ожидают боев за Днепропетровск и Харьков. Эфир от 22.01.20,22 января,https://smotrim.ru/video/2923116
2922869,2025,21 января 79 мин Рука Белого дома. Эфир от 21.01.2025 (18:30),21 января,https://smotrim.ru/video/2922869
2922611,2025,21 января 78 мин Трамп подтвердил намерение добиться мира на Украине. Эфир от 21.01.2025 (11:30),21 января,https://smotrim.ru/video/2922611
2922382,2025,20 января 79 мин Американское чаепитие. Эфир от 20.01.2025 (18:30),20 января,https://smotrim.ru/video/2922382
2922295,2025,20 января 79 мин Инаугурация Трампа перенесена в Капитолий. Эфир от 20.01.2025 (11:30),20 января,https://smotrim.ru/video/2922295
2921308,2025,17 января 79 мин Последнее желание Байдена в Белом доме: можешь сделать мне молочный коктейль? Эфир ,17 января,https://smotrim.ru/video/2921308
2921067,2025,"17 января 78 мин Стармер в Киеве, Байден снова прощается. Эфир от 17.01.2025 (11:30)",17 января,https://smotrim.ru/video/2921067
2920721,2025,16 января 79 мин Трамп на инаугурации будет троллить Байдена мусоровозом. Эфир от 16.01.2025 (18:30),16 января,https://smotrim.ru/video/2920721
2920492,2025,16 января 79 мин Сенсационные планы НАТО. Стармер в Киеве. Эфир от 16.01.2025 (11:30),16 января,https://smotrim.ru/video/2920492
2920196,2025,15 января 79 мин Трамп может предложить Путину вместе слетать на Луну. Эфир от 15.01.2025 (18:30),15 января,https://smotrim.ru/video/2920196
2919979,2025,15 января 79 мин Данко: моя цель – открыть словакам правду. Эфир от 15.01.2025 (11:30),15 января,https://smotrim.ru/video/2919979
2919651,2025,14 января 79 мин Между Шольцем и Писториусом перед выборами пробежала кошка. Эфир от 14.01.2025 (18:,14 января,https://smotrim.ru/video/2919651
2919400,2025,14 января 79 мин Прощальная речь Байдена. Эфир от 14.01.2025 (11:30),14 января,https://smotrim.ru/video/2919400
2919077,2025,13 января 79 мин Калифорнийские погорельцы не получат страховые выплаты. Эфир от 13.01.2025 (18:30),13 января,https://smotrim.ru/video/2919077
2918869,2025,13 января 79 мин Советник Трампа — о скорых переговорах. Эфир от 13.01.2025 (11:30),13 января,https://smotrim.ru/video/2918869
2918257,2025,10 января 79 мин Трамп планирует встречу с Путиным. Эфир от 10.01.2025 (18:30),10 января,https://smotrim.ru/video/2918257
2918038,2025,10 января 79 мин Сентиментальное расставание. Эфир от 10.01.2025 (11:30),10 января,https://smotrim.ru/video/2918038
2917746,2025,"9 января 79 мин В Германии заседал последний для Байдена и Остина ""Рамштайн"". Эфир от 09.01.2025 (18",9 января,https://smotrim.ru/video/2917746
2917623,2025,9 января 78 мин Пиар для хозяев Украины. Эфир от 09.01.2025 (11:30),9 января,https://smotrim.ru/video/2917623
