timestamp,episode_id,datum,seiten_url,m3u8_url,status,meldung,ausgabe_datei
2026-06-29T13:50:13,3147557,2023-12-29,https://smotrim.ru/brand/60851#playing_video=3147557,,fehler,Keine m3u8-URL gefunden,
2026-06-29T13:53:42,3147557,2023-12-29,https://smotrim.ru/brand/60851#playing_video=3147557,,fehler,Keine m3u8-URL gefunden,
2026-06-29T13:56:50,3147557,2023-12-29,https://smotrim.ru/brand/60851#playing_video=3147557,,fehler,Keine m3u8-URL gefunden,
2026-06-29T14:02:13,3147557,2023-12-29,https://smotrim.ru/brand/60851#playing_video=3147557,,fehler,Keine m3u8-URL gefunden,
2026-06-29T14:04:13,3147557,2023-12-29,https://smotrim.ru/brand/60851#playing_video=3147557,,fehler,Keine m3u8-URL gefunden,
2026-06-29T15:06:43,6035486,2026-06-29,https://smotrim.ru/brand/60851#playing_video=6035486,,fehler,"Command '['C:\\Users\\PeppermintButler\\Desktop\\Bachelorarbeit\\Audio\\venv\\Scripts\\python.exe', '-m', 'whisper', 'C:\\Users\\PeppermintButler\\Desktop\\Bachelorarbeit\\Audio\\roh\\2026-06-29_0001.wav', '--language', 'Russian', '--model', 'small', '--task', 'transcribe', '--output_format', 'txt', '--output_dir', 'C:\\Users\\PeppermintButler\\Desktop\\Bachelorarbeit\\Audio\\transkripte']' returned non-zero exit status 3221225786.",
2026-06-30T15:16:47,2539395,https://smotrim.ru/video/2539395,,fehler,WAV nicht erzeugt: C:\Users\PeppermintButler\Desktop\Bachelorarbeit\Audio\roh\2022_2539395.wav,
2026-06-30T15:21:29,2539395,https://smotrim.ru/video/2539395,https://vod.smotrim.ru/vod/definst/amlst:2706680/playlist.m3u8?entity=episode&id=2706680&sign=046ba45a747a6c1dfc3565444c33c23f,ok,,C:\Users\PeppermintButler\Desktop\Bachelorarbeit\Audio\roh\2022_2539395.wav
2026-06-30T15:24:11,2539109,https://smotrim.ru/video/2539109,,fehler,WAV nicht erzeugt: C:\Users\PeppermintButler\Desktop\Bachelorarbeit\Audio\roh\2022_2539109.wav,
2026-06-30T15:24:28,2538677,https://smotrim.ru/video/2538677,,fehler,WAV nicht erzeugt: C:\Users\PeppermintButler\Desktop\Bachelorarbeit\Audio\roh\2022_2538677.wav,
2026-06-30T15:24:47,2538308,https://smotrim.ru/video/2538308,,fehler,WAV nicht erzeugt: C:\Users\PeppermintButler\Desktop\Bachelorarbeit\Audio\roh\2022_2538308.wav,
2026-06-30T15:25:00,2537855,https://smotrim.ru/video/2537855,,fehler,WAV nicht erzeugt: C:\Users\PeppermintButler\Desktop\Bachelorarbeit\Audio\roh\2022_2537855.wav,
2026-06-30T15:25:38,2537605,https://smotrim.ru/video/2537605,,fehler,WAV nicht erzeugt: C:\Users\PeppermintButler\Desktop\Bachelorarbeit\Audio\roh\2022_2537605.wav,
2026-06-30T15:26:16,2537170,https://smotrim.ru/video/2537170,,fehler,WAV nicht erzeugt: C:\Users\PeppermintButler\Desktop\Bachelorarbeit\Audio\roh\2022_2537170.wav,
2026-06-30T15:26:16,2536881,https://smotrim.ru/video/2536881,,fehler,"BrowserContext.new_page: Target page, context or browser has been closed",
2026-06-30T15:26:16,2536073,https://smotrim.ru/video/2536073,,fehler,"BrowserContext.new_page: Target page, context or browser has been closed",
2026-06-30T15:26:16,2535996,https://smotrim.ru/video/2535996,,fehler,"BrowserContext.new_page: Target page, context or browser has been closed",
2026-06-30T15:26:16,2535289,https://smotrim.ru/video/2535289,,fehler,"BrowserContext.new_page: Target page, context or browser has been closed",
2026-06-30T15:26:16,2535151,https://smotrim.ru/video/2535151,,fehler,"BrowserContext.new_page: Target page, context or browser has been closed",
2026-06-30T15:26:16,2534731,https://smotrim.ru/video/2534731,,fehler,"BrowserContext.new_page: Target page, context or browser has been closed",
2026-06-30T15:26:16,2534536,https://smotrim.ru/video/2534536,,fehler,"BrowserContext.new_page: Target page, context or browser has been closed",
2026-06-30T15:26:16,2533927,https://smotrim.ru/video/2533927,,fehler,"BrowserContext.new_page: Target page, context or browser has been closed",
2026-06-30T15:26:16,2533632,https://smotrim.ru/video/2533632,,fehler,"BrowserContext.new_page: Target page, context or browser has been closed",
2026-06-30T15:26:16,2533127,https://smotrim.ru/video/2533127,,fehler,"BrowserContext.new_page: Target page, context or browser has been closed",
2026-06-30T15:26:16,2532822,https://smotrim.ru/video/2532822,,fehler,"BrowserContext.new_page: Target page, context or browser has been closed",
2026-06-30T15:26:16,2531931,https://smotrim.ru/video/2531931,,fehler,"BrowserContext.new_page: Target page, context or browser has been closed",
2026-06-30T15:26:16,2531723,https://smotrim.ru/video/2531723,,fehler,"BrowserContext.new_page: Target page, context or browser has been closed",
2026-06-30T15:26:16,2531000,https://smotrim.ru/video/2531000,,fehler,"BrowserContext.new_page: Target page, context or browser has been closed",
2026-06-30T15:26:16,2530613,https://smotrim.ru/video/2530613,,fehler,"BrowserContext.new_page: Target page, context or browser has been closed",
2026-06-30T15:26:16,2530374,https://smotrim.ru/video/2530374,,fehler,"BrowserContext.new_page: Target page, context or browser has been closed",
2026-06-30T15:26:16,2529821,https://smotrim.ru/video/2529821,,fehler,"BrowserContext.new_page: Target page, context or browser has been closed",
2026-06-30T15:26:16,2529488,https://smotrim.ru/video/2529488,,fehler,"BrowserContext.new_page: Target page, context or browser has been closed",
2026-06-30T15:26:16,2529112,https://smotrim.ru/video/2529112,,fehler,"BrowserContext.new_page: Target page, context or browser has been closed",
2026-06-30T15:26:16,2528727,https://smotrim.ru/video/2528727,,fehler,"BrowserContext.new_page: Target page, context or browser has been closed",
2026-06-30T15:26:16,2527878,https://smotrim.ru/video/2527878,,fehler,"BrowserContext.new_page: Target page, context or browser has been closed",
2026-06-30T15:26:16,2527600,https://smotrim.ru/video/2527600,,fehler,"BrowserContext.new_page: Target page, context or browser has been closed",
2026-06-30T15:26:16,2527150,https://smotrim.ru/video/2527150,,fehler,"BrowserContext.new_page: Target page, context or browser has been closed",
2026-06-30T15:26:16,2526819,https://smotrim.ru/video/2526819,,fehler,"BrowserContext.new_page: Target page, context or browser has been closed",
2026-06-30T15:26:16,2526465,https://smotrim.ru/video/2526465,,fehler,"BrowserContext.new_page: Target page, context or browser has been closed",
2026-06-30T15:26:16,2526321,https://smotrim.ru/video/2526321,,fehler,"BrowserContext.new_page: Target page, context or browser has been closed",
2026-06-30T15:26:16,2525677,https://smotrim.ru/video/2525677,,fehler,"BrowserContext.new_page: Target page, context or browser has been closed",
2026-06-30T15:26:16,2525316,https://smotrim.ru/video/2525316,,fehler,"BrowserContext.new_page: Target page, context or browser has been closed",
2026-06-30T15:26:16,2524950,https://smotrim.ru/video/2524950,,fehler,"BrowserContext.new_page: Target page, context or browser has been closed",
2026-06-30T15:26:16,2524666,https://smotrim.ru/video/2524666,,fehler,"BrowserContext.new_page: Target page, context or browser has been closed",
2026-06-30T15:26:16,2523778,https://smotrim.ru/video/2523778,,fehler,"BrowserContext.new_page: Target page, context or browser has been closed",
2026-06-30T15:26:16,2523527,https://smotrim.ru/video/2523527,,fehler,"BrowserContext.new_page: Target page, context or browser has been closed",
2026-06-30T15:26:16,2522994,https://smotrim.ru/video/2522994,,fehler,"BrowserContext.new_page: Target page, context or browser has been closed",
2026-06-30T15:26:16,2522769,https://smotrim.ru/video/2522769,,fehler,"BrowserContext.new_page: Target page, context or browser has been closed",
2026-06-30T15:26:16,2522274,https://smotrim.ru/video/2522274,,fehler,"BrowserContext.new_page: Target page, context or browser has been closed",
2026-06-30T15:26:16,2522080,https://smotrim.ru/video/2522080,,fehler,"BrowserContext.new_page: Target page, context or browser has been closed",
2026-06-30T15:26:16,2521541,https://smotrim.ru/video/2521541,,fehler,"BrowserContext.new_page: Target page, context or browser has been closed",
2026-06-30T15:26:16,2521285,https://smotrim.ru/video/2521285,,fehler,"BrowserContext.new_page: Target page, context or browser has been closed",
2026-06-30T15:26:16,2520832,https://smotrim.ru/video/2520832,,fehler,"BrowserContext.new_page: Target page, context or browser has been closed",
2026-06-30T15:26:16,2520535,https://smotrim.ru/video/2520535,,fehler,"BrowserContext.new_page: Target page, context or browser has been closed",
2026-06-30T15:26:16,2519651,https://smotrim.ru/video/2519651,,fehler,"BrowserContext.new_page: Target page, context or browser has been closed",
2026-06-30T15:26:16,2519397,https://smotrim.ru/video/2519397,,fehler,"BrowserContext.new_page: Target page, context or browser has been closed",
2026-06-30T15:26:16,2518949,https://smotrim.ru/video/2518949,,fehler,"BrowserContext.new_page: Target page, context or browser has been closed",
2026-06-30T15:26:16,2518704,https://smotrim.ru/video/2518704,,fehler,"BrowserContext.new_page: Target page, context or browser has been closed",
2026-06-30T15:26:16,2518712,https://smotrim.ru/video/2518712,,fehler,"BrowserContext.new_page: Target page, context or browser has been closed",
2026-06-30T15:26:16,2518288,https://smotrim.ru/video/2518288,,fehler,"BrowserContext.new_page: Target page, context or browser has been closed",
2026-06-30T15:26:16,2518116,https://smotrim.ru/video/2518116,,fehler,"BrowserContext.new_page: Target page, context or browser has been closed",
2026-06-30T15:26:16,2517481,https://smotrim.ru/video/2517481,,fehler,"BrowserContext.new_page: Target page, context or browser has been closed",
2026-06-30T15:26:16,2517183,https://smotrim.ru/video/2517183,,fehler,"BrowserContext.new_page: Target page, context or browser has been closed",
2026-06-30T15:26:16,2516724,https://smotrim.ru/video/2516724,,fehler,"BrowserContext.new_page: Target page, context or browser has been closed",
2026-06-30T15:26:16,2516406,https://smotrim.ru/video/2516406,,fehler,"BrowserContext.new_page: Target page, context or browser has been closed",
2026-06-30T15:26:16,2515623,https://smotrim.ru/video/2515623,,fehler,"BrowserContext.new_page: Target page, context or browser has been closed",
2026-06-30T15:26:16,2515410,https://smotrim.ru/video/2515410,,fehler,"BrowserContext.new_page: Target page, context or browser has been closed",
2026-06-30T15:26:16,2515007,https://smotrim.ru/video/2515007,,fehler,"BrowserContext.new_page: Target page, context or browser has been closed",
2026-06-30T15:26:16,2514670,https://smotrim.ru/video/2514670,,fehler,"BrowserContext.new_page: Target page, context or browser has been closed",
2026-06-30T15:26:16,2514293,https://smotrim.ru/video/2514293,,fehler,"BrowserContext.new_page: Target page, context or browser has been closed",
2026-06-30T15:26:16,2514027,https://smotrim.ru/video/2514027,,fehler,"BrowserContext.new_page: Target page, context or browser has been closed",
2026-06-30T15:26:16,2513464,https://smotrim.ru/video/2513464,,fehler,"BrowserContext.new_page: Target page, context or browser has been closed",
2026-06-30T15:26:16,2513153,https://smotrim.ru/video/2513153,,fehler,"BrowserContext.new_page: Target page, context or browser has been closed",
2026-06-30T15:26:16,2512738,https://smotrim.ru/video/2512738,,fehler,"BrowserContext.new_page: Target page, context or browser has been closed",
2026-06-30T15:26:16,2512400,https://smotrim.ru/video/2512400,,fehler,"BrowserContext.new_page: Target page, context or browser has been closed",
2026-06-30T15:26:16,2511580,https://smotrim.ru/video/2511580,,fehler,"BrowserContext.new_page: Target page, context or browser has been closed",
2026-06-30T15:26:16,2511249,https://smotrim.ru/video/2511249,,fehler,"BrowserContext.new_page: Target page, context or browser has been closed",
2026-06-30T15:26:16,2510897,https://smotrim.ru/video/2510897,,fehler,"BrowserContext.new_page: Target page, context or browser has been closed",
2026-06-30T15:26:16,2510636,https://smotrim.ru/video/2510636,,fehler,"BrowserContext.new_page: Target page, context or browser has been closed",
2026-06-30T15:26:16,2510172,https://smotrim.ru/video/2510172,,fehler,"BrowserContext.new_page: Target page, context or browser has been closed",
2026-06-30T15:26:16,2510040,https://smotrim.ru/video/2510040,,fehler,"BrowserContext.new_page: Target page, context or browser has been closed",
2026-06-30T15:26:16,2509547,https://smotrim.ru/video/2509547,,fehler,"BrowserContext.new_page: Target page, context or browser has been closed",
2026-06-30T15:26:16,2509318,https://smotrim.ru/video/2509318,,fehler,"BrowserContext.new_page: Target page, context or browser has been closed",
2026-06-30T15:26:16,2508735,https://smotrim.ru/video/2508735,,fehler,"BrowserContext.new_page: Target page, context or browser has been closed",
2026-06-30T15:26:16,2508433,https://smotrim.ru/video/2508433,,fehler,"BrowserContext.new_page: Target page, context or browser has been closed",
2026-06-30T15:26:16,2507374,https://smotrim.ru/video/2507374,,fehler,"BrowserContext.new_page: Target page, context or browser has been closed",
2026-06-30T15:26:16,2507146,https://smotrim.ru/video/2507146,,fehler,"BrowserContext.new_page: Target page, context or browser has been closed",
2026-06-30T15:26:16,2506657,https://smotrim.ru/video/2506657,,fehler,"BrowserContext.new_page: Target page, context or browser has been closed",
2026-06-30T15:26:16,2506517,https://smotrim.ru/video/2506517,,fehler,"BrowserContext.new_page: Target page, context or browser has been closed",
2026-06-30T15:26:16,2505887,https://smotrim.ru/video/2505887,,fehler,"BrowserContext.new_page: Target page, context or browser has been closed",
2026-06-30T15:26:16,2505819,https://smotrim.ru/video/2505819,,fehler,"BrowserContext.new_page: Target page, context or browser has been closed",
2026-06-30T15:26:16,2505164,https://smotrim.ru/video/2505164,,fehler,"BrowserContext.new_page: Target page, context or browser has been closed",
2026-06-30T15:26:16,2504855,https://smotrim.ru/video/2504855,,fehler,"BrowserContext.new_page: Target page, context or browser has been closed",
2026-06-30T15:26:16,2503774,https://smotrim.ru/video/2503774,,fehler,"BrowserContext.new_page: Target page, context or browser has been closed",
2026-06-30T15:26:16,2503574,https://smotrim.ru/video/2503574,,fehler,"BrowserContext.new_page: Target page, context or browser has been closed",
2026-06-30T15:26:16,2503091,https://smotrim.ru/video/2503091,,fehler,"BrowserContext.new_page: Target page, context or browser has been closed",
2026-06-30T15:26:16,2502895,https://smotrim.ru/video/2502895,,fehler,"BrowserContext.new_page: Target page, context or browser has been closed",
2026-06-30T15:26:16,2502447,https://smotrim.ru/video/2502447,,fehler,"BrowserContext.new_page: Target page, context or browser has been closed",
2026-06-30T15:26:16,2502302,https://smotrim.ru/video/2502302,,fehler,"BrowserContext.new_page: Target page, context or browser has been closed",
2026-06-30T15:26:16,2501694,https://smotrim.ru/video/2501694,,fehler,"BrowserContext.new_page: Target page, context or browser has been closed",
2026-06-30T15:26:16,2501448,https://smotrim.ru/video/2501448,,fehler,"BrowserContext.new_page: Target page, context or browser has been closed",
2026-06-30T15:26:16,2500891,https://smotrim.ru/video/2500891,,fehler,"BrowserContext.new_page: Target page, context or browser has been closed",
2026-06-30T15:26:16,2500628,https://smotrim.ru/video/2500628,,fehler,"BrowserContext.new_page: Target page, context or browser has been closed",
2026-06-30T15:26:16,2499651,https://smotrim.ru/video/2499651,,fehler,"BrowserContext.new_page: Target page, context or browser has been closed",
2026-06-30T15:26:16,2499432,https://smotrim.ru/video/2499432,,fehler,"BrowserContext.new_page: Target page, context or browser has been closed",
2026-06-30T15:26:16,2498942,https://smotrim.ru/video/2498942,,fehler,"BrowserContext.new_page: Target page, context or browser has been closed",
2026-06-30T15:26:16,2498695,https://smotrim.ru/video/2498695,,fehler,"BrowserContext.new_page: Target page, context or browser has been closed",
2026-06-30T15:26:16,2498260,https://smotrim.ru/video/2498260,,fehler,"BrowserContext.new_page: Target page, context or browser has been closed",
2026-06-30T15:26:16,2498033,https://smotrim.ru/video/2498033,,fehler,"BrowserContext.new_page: Target page, context or browser has been closed",
2026-06-30T15:26:16,2497510,https://smotrim.ru/video/2497510,,fehler,"BrowserContext.new_page: Target page, context or browser has been closed",
2026-06-30T15:26:16,2497212,https://smotrim.ru/video/2497212,,fehler,"BrowserContext.new_page: Target page, context or browser has been closed",
2026-06-30T15:26:16,2496756,https://smotrim.ru/video/2496756,,fehler,"BrowserContext.new_page: Target page, context or browser has been closed",
2026-06-30T15:26:16,2496540,https://smotrim.ru/video/2496540,,fehler,"BrowserContext.new_page: Target page, context or browser has been closed",
2026-06-30T15:26:16,2495625,https://smotrim.ru/video/2495625,,fehler,"BrowserContext.new_page: Target page, context or browser has been closed",
2026-06-30T15:26:16,2495412,https://smotrim.ru/video/2495412,,fehler,"BrowserContext.new_page: Target page, context or browser has been closed",
2026-06-30T15:26:16,2494894,https://smotrim.ru/video/2494894,,fehler,"BrowserContext.new_page: Target page, context or browser has been closed",
2026-06-30T15:26:16,2494676,https://smotrim.ru/video/2494676,,fehler,"BrowserContext.new_page: Target page, context or browser has been closed",
2026-06-30T15:26:16,2494286,https://smotrim.ru/video/2494286,,fehler,"BrowserContext.new_page: Target page, context or browser has been closed",
2026-06-30T15:26:16,2494074,https://smotrim.ru/video/2494074,,fehler,"BrowserContext.new_page: Target page, context or browser has been closed",
2026-06-30T15:26:16,2493439,https://smotrim.ru/video/2493439,,fehler,"BrowserContext.new_page: Target page, context or browser has been closed",
2026-06-30T15:26:16,2493357,https://smotrim.ru/video/2493357,,fehler,"BrowserContext.new_page: Target page, context or browser has been closed",
2026-06-30T15:26:16,2492794,https://smotrim.ru/video/2492794,,fehler,"BrowserContext.new_page: Target page, context or browser has been closed",
2026-06-30T15:26:16,2492561,https://smotrim.ru/video/2492561,,fehler,"BrowserContext.new_page: Target page, context or browser has been closed",
2026-06-30T15:26:16,2491677,https://smotrim.ru/video/2491677,,fehler,"BrowserContext.new_page: Target page, context or browser has been closed",
2026-06-30T15:26:16,2491316,https://smotrim.ru/video/2491316,,fehler,"BrowserContext.new_page: Target page, context or browser has been closed",
2026-06-30T15:26:16,2490926,https://smotrim.ru/video/2490926,,fehler,"BrowserContext.new_page: Target page, context or browser has been closed",
2026-06-30T15:26:16,2490571,https://smotrim.ru/video/2490571,,fehler,"BrowserContext.new_page: Target page, context or browser has been closed",
2026-06-30T15:26:16,2490290,https://smotrim.ru/video/2490290,,fehler,"BrowserContext.new_page: Target page, context or browser has been closed",
2026-06-30T15:26:16,2490071,https://smotrim.ru/video/2490071,,fehler,"BrowserContext.new_page: Target page, context or browser has been closed",
2026-06-30T15:26:16,2489377,https://smotrim.ru/video/2489377,,fehler,"BrowserContext.new_page: Target page, context or browser has been closed",
2026-06-30T15:26:16,2488993,https://smotrim.ru/video/2488993,,fehler,"BrowserContext.new_page: Target page, context or browser has been closed",
2026-06-30T15:26:16,2488564,https://smotrim.ru/video/2488564,,fehler,"BrowserContext.new_page: Target page, context or browser has been closed",
2026-06-30T15:26:16,2488245,https://smotrim.ru/video/2488245,,fehler,"BrowserContext.new_page: Target page, context or browser has been closed",
2026-06-30T15:26:16,2487361,https://smotrim.ru/video/2487361,,fehler,"BrowserContext.new_page: Target page, context or browser has been closed",
2026-06-30T15:26:16,2487290,https://smotrim.ru/video/2487290,,fehler,"BrowserContext.new_page: Target page, context or browser has been closed",
2026-06-30T15:26:16,2486671,https://smotrim.ru/video/2486671,,fehler,"BrowserContext.new_page: Target page, context or browser has been closed",
2026-06-30T15:26:16,2486549,https://smotrim.ru/video/2486549,,fehler,"BrowserContext.new_page: Target page, context or browser has been closed",
2026-06-30T15:26:16,2485972,https://smotrim.ru/video/2485972,,fehler,"BrowserContext.new_page: Target page, context or browser has been closed",
2026-06-30T15:26:16,2485769,https://smotrim.ru/video/2485769,,fehler,"BrowserContext.new_page: Target page, context or browser has been closed",
2026-06-30T15:26:16,2485271,https://smotrim.ru/video/2485271,,fehler,"BrowserContext.new_page: Target page, context or browser has been closed",
2026-06-30T15:26:16,2485044,https://smotrim.ru/video/2485044,,fehler,"BrowserContext.new_page: Target page, context or browser has been closed",
2026-06-30T15:26:16,2484489,https://smotrim.ru/video/2484489,,fehler,"BrowserContext.new_page: Target page, context or browser has been closed",
2026-06-30T15:26:16,2484208,https://smotrim.ru/video/2484208,,fehler,"BrowserContext.new_page: Target page, context or browser has been closed",
2026-06-30T15:26:16,2483332,https://smotrim.ru/video/2483332,,fehler,"BrowserContext.new_page: Target page, context or browser has been closed",
2026-06-30T15:26:16,2483109,https://smotrim.ru/video/2483109,,fehler,"BrowserContext.new_page: Target page, context or browser has been closed",
2026-06-30T15:26:16,2482500,https://smotrim.ru/video/2482500,,fehler,"BrowserContext.new_page: Target page, context or browser has been closed",
2026-06-30T15:26:16,2482397,https://smotrim.ru/video/2482397,,fehler,"BrowserContext.new_page: Target page, context or browser has been closed",
2026-06-30T15:26:16,2481818,https://smotrim.ru/video/2481818,,fehler,"BrowserContext.new_page: Target page, context or browser has been closed",
2026-06-30T15:26:16,2481626,https://smotrim.ru/video/2481626,,fehler,"BrowserContext.new_page: Target page, context or browser has been closed",
2026-06-30T15:26:16,2481265,https://smotrim.ru/video/2481265,,fehler,"BrowserContext.new_page: Target page, context or browser has been closed",
2026-06-30T15:26:16,2481080,https://smotrim.ru/video/2481080,,fehler,"BrowserContext.new_page: Target page, context or browser has been closed",
2026-06-30T15:26:16,2480518,https://smotrim.ru/video/2480518,,fehler,"BrowserContext.new_page: Target page, context or browser has been closed",
2026-06-30T15:26:16,2480298,https://smotrim.ru/video/2480298,,fehler,"BrowserContext.new_page: Target page, context or browser has been closed",
2026-06-30T15:26:16,2479332,https://smotrim.ru/video/2479332,,fehler,"BrowserContext.new_page: Target page, context or browser has been closed",
2026-06-30T15:26:16,2478901,https://smotrim.ru/video/2478901,,fehler,"BrowserContext.new_page: Target page, context or browser has been closed",
2026-06-30T15:26:16,2478460,https://smotrim.ru/video/2478460,,fehler,"BrowserContext.new_page: Target page, context or browser has been closed",
2026-06-30T15:26:16,2478211,https://smotrim.ru/video/2478211,,fehler,"BrowserContext.new_page: Target page, context or browser has been closed",
2026-06-30T15:26:16,2477869,https://smotrim.ru/video/2477869,,fehler,"BrowserContext.new_page: Target page, context or browser has been closed",
2026-06-30T15:26:16,2477594,https://smotrim.ru/video/2477594,,fehler,"BrowserContext.new_page: Target page, context or browser has been closed",
2026-06-30T15:26:16,2477058,https://smotrim.ru/video/2477058,,fehler,"BrowserContext.new_page: Target page, context or browser has been closed",
2026-06-30T15:26:16,2476729,https://smotrim.ru/video/2476729,,fehler,"BrowserContext.new_page: Target page, context or browser has been closed",
2026-06-30T15:26:16,2476318,https://smotrim.ru/video/2476318,,fehler,"BrowserContext.new_page: Target page, context or browser has been closed",
2026-06-30T15:26:16,2475981,https://smotrim.ru/video/2475981,,fehler,"BrowserContext.new_page: Target page, context or browser has been closed",
2026-06-30T15:26:16,2475117,https://smotrim.ru/video/2475117,,fehler,"BrowserContext.new_page: Target page, context or browser has been closed",
2026-06-30T15:26:16,2474820,https://smotrim.ru/video/2474820,,fehler,"BrowserContext.new_page: Target page, context or browser has been closed",
2026-06-30T15:26:16,2474433,https://smotrim.ru/video/2474433,,fehler,"BrowserContext.new_page: Target page, context or browser has been closed",
2026-06-30T15:26:16,2474087,https://smotrim.ru/video/2474087,,fehler,"BrowserContext.new_page: Target page, context or browser has been closed",
2026-06-30T15:26:16,2473783,https://smotrim.ru/video/2473783,,fehler,"BrowserContext.new_page: Target page, context or browser has been closed",
2026-06-30T15:26:16,2473587,https://smotrim.ru/video/2473587,,fehler,"BrowserContext.new_page: Target page, context or browser has been closed",
2026-06-30T15:26:16,2473013,https://smotrim.ru/video/2473013,,fehler,"BrowserContext.new_page: Target page, context or browser has been closed",
2026-06-30T15:26:16,2472699,https://smotrim.ru/video/2472699,,fehler,"BrowserContext.new_page: Target page, context or browser has been closed",
2026-06-30T15:26:16,2472295,https://smotrim.ru/video/2472295,,fehler,"BrowserContext.new_page: Target page, context or browser has been closed",
2026-06-30T15:26:16,2472058,https://smotrim.ru/video/2472058,,fehler,"BrowserContext.new_page: Target page, context or browser has been closed",
2026-06-30T15:26:16,2471180,https://smotrim.ru/video/2471180,,fehler,"BrowserContext.new_page: Target page, context or browser has been closed",
2026-06-30T15:26:16,2470868,https://smotrim.ru/video/2470868,,fehler,"BrowserContext.new_page: Target page, context or browser has been closed",
2026-06-30T15:26:16,2470426,https://smotrim.ru/video/2470426,,fehler,"BrowserContext.new_page: Target page, context or browser has been closed",
2026-06-30T15:26:16,2470128,https://smotrim.ru/video/2470128,,fehler,"BrowserContext.new_page: Target page, context or browser has been closed",
2026-06-30T15:26:16,2469860,https://smotrim.ru/video/2469860,,fehler,"BrowserContext.new_page: Target page, context or browser has been closed",
2026-06-30T15:26:16,2469719,https://smotrim.ru/video/2469719,,fehler,"BrowserContext.new_page: Target page, context or browser has been closed",
2026-06-30T15:26:16,2469057,https://smotrim.ru/video/2469057,,fehler,"BrowserContext.new_page: Target page, context or browser has been closed",
2026-06-30T15:26:16,2468731,https://smotrim.ru/video/2468731,,fehler,"BrowserContext.new_page: Target page, context or browser has been closed",
2026-06-30T15:26:16,2468323,https://smotrim.ru/video/2468323,,fehler,"BrowserContext.new_page: Target page, context or browser has been closed",
2026-06-30T15:26:16,2468020,https://smotrim.ru/video/2468020,,fehler,"BrowserContext.new_page: Target page, context or browser has been closed",
2026-06-30T15:26:16,2467245,https://smotrim.ru/video/2467245,,fehler,"BrowserContext.new_page: Target page, context or browser has been closed",
2026-06-30T15:26:16,2467002,https://smotrim.ru/video/2467002,,fehler,"BrowserContext.new_page: Target page, context or browser has been closed",
2026-06-30T15:26:16,2466520,https://smotrim.ru/video/2466520,,fehler,"BrowserContext.new_page: Target page, context or browser has been closed",
2026-06-30T15:26:16,2466229,https://smotrim.ru/video/2466229,,fehler,"BrowserContext.new_page: Target page, context or browser has been closed",
2026-06-30T15:26:16,2465976,https://smotrim.ru/video/2465976,,fehler,"BrowserContext.new_page: Target page, context or browser has been closed",
2026-06-30T15:26:16,2465793,https://smotrim.ru/video/2465793,,fehler,"BrowserContext.new_page: Target page, context or browser has been closed",
2026-06-30T15:26:16,2465171,https://smotrim.ru/video/2465171,,fehler,"BrowserContext.new_page: Target page, context or browser has been closed",
2026-06-30T15:26:16,2464994,https://smotrim.ru/video/2464994,,fehler,"BrowserContext.new_page: Target page, context or browser has been closed",
2026-06-30T15:26:16,2464484,https://smotrim.ru/video/2464484,,fehler,"BrowserContext.new_page: Target page, context or browser has been closed",
2026-06-30T15:26:16,2464191,https://smotrim.ru/video/2464191,,fehler,"BrowserContext.new_page: Target page, context or browser has been closed",
2026-06-30T15:26:16,2463464,https://smotrim.ru/video/2463464,,fehler,"BrowserContext.new_page: Target page, context or browser has been closed",
2026-06-30T15:26:16,2463292,https://smotrim.ru/video/2463292,,fehler,"BrowserContext.new_page: Target page, context or browser has been closed",
2026-06-30T15:26:16,2462760,https://smotrim.ru/video/2462760,,fehler,"BrowserContext.new_page: Target page, context or browser has been closed",
2026-06-30T15:26:16,2462625,https://smotrim.ru/video/2462625,,fehler,"BrowserContext.new_page: Target page, context or browser has been closed",
2026-06-30T15:26:16,2462176,https://smotrim.ru/video/2462176,,fehler,"BrowserContext.new_page: Target page, context or browser has been closed",
2026-06-30T15:26:16,2461996,https://smotrim.ru/video/2461996,,fehler,"BrowserContext.new_page: Target page, context or browser has been closed",
2026-06-30T15:26:16,2461366,https://smotrim.ru/video/2461366,,fehler,"BrowserContext.new_page: Target page, context or browser has been closed",
2026-06-30T15:26:16,2461126,https://smotrim.ru/video/2461126,,fehler,"BrowserContext.new_page: Target page, context or browser has been closed",
2026-06-30T15:26:16,2460598,https://smotrim.ru/video/2460598,,fehler,"BrowserContext.new_page: Target page, context or browser has been closed",
2026-06-30T15:26:16,2460320,https://smotrim.ru/video/2460320,,fehler,"BrowserContext.new_page: Target page, context or browser has been closed",
2026-06-30T15:26:16,2459562,https://smotrim.ru/video/2459562,,fehler,"BrowserContext.new_page: Target page, context or browser has been closed",
2026-06-30T15:26:16,2459260,https://smotrim.ru/video/2459260,,fehler,"BrowserContext.new_page: Target page, context or browser has been closed",
2026-06-30T15:26:16,2458900,https://smotrim.ru/video/2458900,,fehler,"BrowserContext.new_page: Target page, context or browser has been closed",
2026-06-30T15:26:16,2458694,https://smotrim.ru/video/2458694,,fehler,"BrowserContext.new_page: Target page, context or browser has been closed",
2026-06-30T15:26:16,2458315,https://smotrim.ru/video/2458315,,fehler,"BrowserContext.new_page: Target page, context or browser has been closed",
2026-06-30T15:26:16,2458119,https://smotrim.ru/video/2458119,,fehler,"BrowserContext.new_page: Target page, context or browser has been closed",
2026-06-30T15:26:16,2457473,https://smotrim.ru/video/2457473,,fehler,"BrowserContext.new_page: Target page, context or browser has been closed",
2026-06-30T15:26:16,2457277,https://smotrim.ru/video/2457277,,fehler,"BrowserContext.new_page: Target page, context or browser has been closed",
2026-06-30T15:26:16,2456782,https://smotrim.ru/video/2456782,,fehler,"BrowserContext.new_page: Target page, context or browser has been closed",
2026-06-30T15:26:16,2456583,https://smotrim.ru/video/2456583,,fehler,"BrowserContext.new_page: Target page, context or browser has been closed",
2026-06-30T15:26:16,2455798,https://smotrim.ru/video/2455798,,fehler,"BrowserContext.new_page: Target page, context or browser has been closed",
2026-06-30T15:26:16,2455593,https://smotrim.ru/video/2455593,,fehler,"BrowserContext.new_page: Target page, context or browser has been closed",
2026-06-30T15:26:16,2455111,https://smotrim.ru/video/2455111,,fehler,"BrowserContext.new_page: Target page, context or browser has been closed",
2026-06-30T15:26:16,2454924,https://smotrim.ru/video/2454924,,fehler,"BrowserContext.new_page: Target page, context or browser has been closed",
2026-06-30T15:26:16,2454579,https://smotrim.ru/video/2454579,,fehler,"BrowserContext.new_page: Target page, context or browser has been closed",
2026-06-30T15:26:16,2454444,https://smotrim.ru/video/2454444,,fehler,"BrowserContext.new_page: Target page, context or browser has been closed",
2026-06-30T15:26:16,2453779,https://smotrim.ru/video/2453779,,fehler,"BrowserContext.new_page: Target page, context or browser has been closed",
2026-06-30T15:26:16,2453539,https://smotrim.ru/video/2453539,,fehler,"BrowserContext.new_page: Target page, context or browser has been closed",
2026-06-30T15:26:16,2453133,https://smotrim.ru/video/2453133,,fehler,"BrowserContext.new_page: Target page, context or browser has been closed",
2026-06-30T15:26:16,2452943,https://smotrim.ru/video/2452943,,fehler,"BrowserContext.new_page: Target page, context or browser has been closed",
2026-06-30T15:26:16,2452081,https://smotrim.ru/video/2452081,,fehler,"BrowserContext.new_page: Target page, context or browser has been closed",
2026-06-30T15:26:16,2451802,https://smotrim.ru/video/2451802,,fehler,"BrowserContext.new_page: Target page, context or browser has been closed",
2026-06-30T15:26:16,2451527,https://smotrim.ru/video/2451527,,fehler,"BrowserContext.new_page: Target page, context or browser has been closed",
2026-06-30T15:26:16,2451167,https://smotrim.ru/video/2451167,,fehler,"BrowserContext.new_page: Target page, context or browser has been closed",
2026-06-30T15:26:16,2450944,https://smotrim.ru/video/2450944,,fehler,"BrowserContext.new_page: Target page, context or browser has been closed",
2026-06-30T15:26:16,2450643,https://smotrim.ru/video/2450643,,fehler,"BrowserContext.new_page: Target page, context or browser has been closed",
2026-06-30T15:26:16,2450135,https://smotrim.ru/video/2450135,,fehler,"BrowserContext.new_page: Target page, context or browser has been closed",
2026-06-30T15:26:16,2449862,https://smotrim.ru/video/2449862,,fehler,"BrowserContext.new_page: Target page, context or browser has been closed",
2026-06-30T15:26:16,2449522,https://smotrim.ru/video/2449522,,fehler,"BrowserContext.new_page: Target page, context or browser has been closed",
2026-06-30T15:26:16,2449282,https://smotrim.ru/video/2449282,,fehler,"BrowserContext.new_page: Target page, context or browser has been closed",
2026-06-30T15:26:16,2448412,https://smotrim.ru/video/2448412,,fehler,"BrowserContext.new_page: Target page, context or browser has been closed",
2026-06-30T15:26:16,2448170,https://smotrim.ru/video/2448170,,fehler,"BrowserContext.new_page: Target page, context or browser has been closed",
2026-06-30T15:26:16,2447762,https://smotrim.ru/video/2447762,,fehler,"BrowserContext.new_page: Target page, context or browser has been closed",
2026-06-30T15:26:16,2447487,https://smotrim.ru/video/2447487,,fehler,"BrowserContext.new_page: Target page, context or browser has been closed",
2026-06-30T15:26:16,2447195,https://smotrim.ru/video/2447195,,fehler,"BrowserContext.new_page: Target page, context or browser has been closed",
2026-06-30T15:26:16,2446327,https://smotrim.ru/video/2446327,,fehler,"BrowserContext.new_page: Target page, context or browser has been closed",
2026-06-30T15:26:16,2446037,https://smotrim.ru/video/2446037,,fehler,"BrowserContext.new_page: Target page, context or browser has been closed",
2026-06-30T15:26:16,2445632,https://smotrim.ru/video/2445632,,fehler,"BrowserContext.new_page: Target page, context or browser has been closed",
2026-06-30T15:26:16,2445475,https://smotrim.ru/video/2445475,,fehler,"BrowserContext.new_page: Target page, context or browser has been closed",
2026-06-30T15:26:16,2444578,https://smotrim.ru/video/2444578,,fehler,"BrowserContext.new_page: Target page, context or browser has been closed",
2026-06-30T15:26:16,2444367,https://smotrim.ru/video/2444367,,fehler,"BrowserContext.new_page: Target page, context or browser has been closed",
2026-06-30T15:26:16,2443864,https://smotrim.ru/video/2443864,,fehler,"BrowserContext.new_page: Target page, context or browser has been closed",
2026-06-30T15:26:16,2443677,https://smotrim.ru/video/2443677,,fehler,"BrowserContext.new_page: Target page, context or browser has been closed",
2026-06-30T15:26:16,2443001,https://smotrim.ru/video/2443001,,fehler,"BrowserContext.new_page: Target page, context or browser has been closed",
2026-06-30T15:26:16,2442522,https://smotrim.ru/video/2442522,,fehler,"BrowserContext.new_page: Target page, context or browser has been closed",
2026-06-30T15:26:16,2442462,https://smotrim.ru/video/2442462,,fehler,"BrowserContext.new_page: Target page, context or browser has been closed",
2026-06-30T15:26:16,2442159,https://smotrim.ru/video/2442159,,fehler,"BrowserContext.new_page: Target page, context or browser has been closed",
2026-06-30T15:26:16,2442252,https://smotrim.ru/video/2442252,,fehler,"BrowserContext.new_page: Target page, context or browser has been closed",
2026-06-30T15:26:16,2441455,https://smotrim.ru/video/2441455,,fehler,"BrowserContext.new_page: Target page, context or browser has been closed",
2026-06-30T15:26:16,2440545,https://smotrim.ru/video/2440545,,fehler,"BrowserContext.new_page: Target page, context or browser has been closed",
2026-06-30T15:26:16,2440333,https://smotrim.ru/video/2440333,,fehler,"BrowserContext.new_page: Target page, context or browser has been closed",
2026-06-30T15:26:16,2439866,https://smotrim.ru/video/2439866,,fehler,"BrowserContext.new_page: Target page, context or browser has been closed",
2026-06-30T15:26:16,2439551,https://smotrim.ru/video/2439551,,fehler,"BrowserContext.new_page: Target page, context or browser has been closed",
2026-06-30T15:26:16,2439138,https://smotrim.ru/video/2439138,,fehler,"BrowserContext.new_page: Target page, context or browser has been closed",
2026-06-30T15:26:16,2438949,https://smotrim.ru/video/2438949,,fehler,"BrowserContext.new_page: Target page, context or browser has been closed",
2026-06-30T15:26:16,2438282,https://smotrim.ru/video/2438282,,fehler,"BrowserContext.new_page: Target page, context or browser has been closed",
2026-06-30T15:26:16,2437976,https://smotrim.ru/video/2437976,,fehler,"BrowserContext.new_page: Target page, context or browser has been closed",
2026-06-30T15:26:16,2437547,https://smotrim.ru/video/2437547,,fehler,"BrowserContext.new_page: Target page, context or browser has been closed",
2026-06-30T15:26:16,2437195,https://smotrim.ru/video/2437195,,fehler,"BrowserContext.new_page: Target page, context or browser has been closed",
2026-06-30T15:26:16,2436383,https://smotrim.ru/video/2436383,,fehler,"BrowserContext.new_page: Target page, context or browser has been closed",
2026-06-30T15:26:16,2436184,https://smotrim.ru/video/2436184,,fehler,"BrowserContext.new_page: Target page, context or browser has been closed",
2026-06-30T15:26:16,2435727,https://smotrim.ru/video/2435727,,fehler,"BrowserContext.new_page: Target page, context or browser has been closed",
2026-06-30T15:26:16,2435445,https://smotrim.ru/video/2435445,,fehler,"BrowserContext.new_page: Target page, context or browser has been closed",
2026-06-30T15:26:16,2434992,https://smotrim.ru/video/2434992,,fehler,"BrowserContext.new_page: Target page, context or browser has been closed",
2026-06-30T15:26:16,2434771,https://smotrim.ru/video/2434771,,fehler,"BrowserContext.new_page: Target page, context or browser has been closed",
2026-06-30T15:26:16,2434132,https://smotrim.ru/video/2434132,,fehler,"BrowserContext.new_page: Target page, context or browser has been closed",
2026-06-30T15:26:16,2433927,https://smotrim.ru/video/2433927,,fehler,"BrowserContext.new_page: Target page, context or browser has been closed",
2026-06-30T15:26:16,2433372,https://smotrim.ru/video/2433372,,fehler,"BrowserContext.new_page: Target page, context or browser has been closed",
2026-06-30T15:26:16,2433251,https://smotrim.ru/video/2433251,,fehler,"BrowserContext.new_page: Target page, context or browser has been closed",
2026-06-30T15:26:16,2432195,https://smotrim.ru/video/2432195,,fehler,"BrowserContext.new_page: Target page, context or browser has been closed",
2026-06-30T15:26:16,2431913,https://smotrim.ru/video/2431913,,fehler,"BrowserContext.new_page: Target page, context or browser has been closed",
2026-06-30T15:26:16,2431586,https://smotrim.ru/video/2431586,,fehler,"BrowserContext.new_page: Target page, context or browser has been closed",
2026-06-30T15:26:16,2431170,https://smotrim.ru/video/2431170,,fehler,"BrowserContext.new_page: Target page, context or browser has been closed",
2026-06-30T15:26:16,2430862,https://smotrim.ru/video/2430862,,fehler,"BrowserContext.new_page: Target page, context or browser has been closed",
2026-06-30T15:26:16,2430574,https://smotrim.ru/video/2430574,,fehler,"BrowserContext.new_page: Target page, context or browser has been closed",
2026-06-30T15:26:16,2430082,https://smotrim.ru/video/2430082,,fehler,"BrowserContext.new_page: Target page, context or browser has been closed",
2026-06-30T15:26:16,2429793,https://smotrim.ru/video/2429793,,fehler,"BrowserContext.new_page: Target page, context or browser has been closed",
2026-06-30T15:26:16,2429228,https://smotrim.ru/video/2429228,,fehler,"BrowserContext.new_page: Target page, context or browser has been closed",
2026-06-30T15:26:16,2428939,https://smotrim.ru/video/2428939,,fehler,"BrowserContext.new_page: Target page, context or browser has been closed",
2026-06-30T15:26:16,2428147,https://smotrim.ru/video/2428147,,fehler,"BrowserContext.new_page: Target page, context or browser has been closed",
2026-06-30T15:26:16,2427812,https://smotrim.ru/video/2427812,,fehler,"BrowserContext.new_page: Target page, context or browser has been closed",
2026-06-30T15:26:16,2427478,https://smotrim.ru/video/2427478,,fehler,"BrowserContext.new_page: Target page, context or browser has been closed",
2026-06-30T15:26:16,2427245,https://smotrim.ru/video/2427245,,fehler,"BrowserContext.new_page: Target page, context or browser has been closed",
2026-06-30T15:26:16,2426813,https://smotrim.ru/video/2426813,,fehler,"BrowserContext.new_page: Target page, context or browser has been closed",
2026-06-30T15:26:16,2426585,https://smotrim.ru/video/2426585,,fehler,"BrowserContext.new_page: Target page, context or browser has been closed",
2026-06-30T15:26:16,2426146,https://smotrim.ru/video/2426146,,fehler,"BrowserContext.new_page: Target page, context or browser has been closed",
2026-06-30T15:26:16,2425933,https://smotrim.ru/video/2425933,,fehler,"BrowserContext.new_page: Target page, context or browser has been closed",
2026-06-30T15:26:16,2424625,https://smotrim.ru/video/2424625,,fehler,"BrowserContext.new_page: Target page, context or browser has been closed",
2026-06-30T15:26:16,2424463,https://smotrim.ru/video/2424463,,fehler,"BrowserContext.new_page: Target page, context or browser has been closed",
2026-06-30T15:26:16,2423956,https://smotrim.ru/video/2423956,,fehler,"BrowserContext.new_page: Target page, context or browser has been closed",
2026-06-30T15:26:16,2423709,https://smotrim.ru/video/2423709,,fehler,"BrowserContext.new_page: Target page, context or browser has been closed",
2026-06-30T15:26:16,2423239,https://smotrim.ru/video/2423239,,fehler,"BrowserContext.new_page: Target page, context or browser has been closed",
2026-06-30T15:26:16,2423114,https://smotrim.ru/video/2423114,,fehler,"BrowserContext.new_page: Target page, context or browser has been closed",
2026-06-30T15:26:16,2422606,https://smotrim.ru/video/2422606,,fehler,"BrowserContext.new_page: Target page, context or browser has been closed",
2026-06-30T15:26:16,2422434,https://smotrim.ru/video/2422434,,fehler,"BrowserContext.new_page: Target page, context or browser has been closed",
2026-06-30T15:26:16,2421915,https://smotrim.ru/video/2421915,,fehler,"BrowserContext.new_page: Target page, context or browser has been closed",
2026-06-30T15:26:16,2421702,https://smotrim.ru/video/2421702,,fehler,"BrowserContext.new_page: Target page, context or browser has been closed",
2026-06-30T15:26:16,2420933,https://smotrim.ru/video/2420933,,fehler,"BrowserContext.new_page: Target page, context or browser has been closed",
2026-06-30T15:26:16,2420648,https://smotrim.ru/video/2420648,,fehler,"BrowserContext.new_page: Target page, context or browser has been closed",
2026-06-30T15:26:16,2420217,https://smotrim.ru/video/2420217,,fehler,"BrowserContext.new_page: Target page, context or browser has been closed",
2026-06-30T15:26:16,2420058,https://smotrim.ru/video/2420058,,fehler,"BrowserContext.new_page: Target page, context or browser has been closed",
2026-06-30T15:26:16,2419558,https://smotrim.ru/video/2419558,,fehler,"BrowserContext.new_page: Target page, context or browser has been closed",
2026-06-30T15:26:16,2419345,https://smotrim.ru/video/2419345,,fehler,"BrowserContext.new_page: Target page, context or browser has been closed",
2026-06-30T15:26:16,2418806,https://smotrim.ru/video/2418806,,fehler,"BrowserContext.new_page: Target page, context or browser has been closed",
2026-06-30T15:26:16,2418624,https://smotrim.ru/video/2418624,,fehler,"BrowserContext.new_page: Target page, context or browser has been closed",
2026-06-30T15:26:16,2418125,https://smotrim.ru/video/2418125,,fehler,"BrowserContext.new_page: Target page, context or browser has been closed",
2026-06-30T15:26:16,2417949,https://smotrim.ru/video/2417949,,fehler,"BrowserContext.new_page: Target page, context or browser has been closed",
2026-06-30T15:26:16,2417077,https://smotrim.ru/video/2417077,,fehler,"BrowserContext.new_page: Target page, context or browser has been closed",
2026-06-30T15:26:16,2416848,https://smotrim.ru/video/2416848,,fehler,"BrowserContext.new_page: Target page, context or browser has been closed",
2026-06-30T15:26:16,2416460,https://smotrim.ru/video/2416460,,fehler,"BrowserContext.new_page: Target page, context or browser has been closed",
2026-06-30T15:26:16,2416187,https://smotrim.ru/video/2416187,,fehler,"BrowserContext.new_page: Target page, context or browser has been closed",
2026-06-30T15:26:16,2415808,https://smotrim.ru/video/2415808,,fehler,"BrowserContext.new_page: Target page, context or browser has been closed",
2026-06-30T15:26:16,2415625,https://smotrim.ru/video/2415625,,fehler,"BrowserContext.new_page: Target page, context or browser has been closed",
2026-06-30T15:26:16,2415200,https://smotrim.ru/video/2415200,,fehler,"BrowserContext.new_page: Target page, context or browser has been closed",
2026-06-30T15:26:16,2415037,https://smotrim.ru/video/2415037,,fehler,"BrowserContext.new_page: Target page, context or browser has been closed",
2026-06-30T15:26:16,2414665,https://smotrim.ru/video/2414665,,fehler,"BrowserContext.new_page: Target page, context or browser has been closed",
2026-06-30T15:26:16,2414411,https://smotrim.ru/video/2414411,,fehler,"BrowserContext.new_page: Target page, context or browser has been closed",
2026-06-30T15:26:16,2413716,https://smotrim.ru/video/2413716,,fehler,"BrowserContext.new_page: Target page, context or browser has been closed",
2026-06-30T15:26:16,2413448,https://smotrim.ru/video/2413448,,fehler,"BrowserContext.new_page: Target page, context or browser has been closed",
2026-06-30T15:26:16,2413101,https://smotrim.ru/video/2413101,,fehler,"BrowserContext.new_page: Target page, context or browser has been closed",
2026-06-30T15:26:16,2412955,https://smotrim.ru/video/2412955,,fehler,"BrowserContext.new_page: Target page, context or browser has been closed",
2026-06-30T15:26:16,2412516,https://smotrim.ru/video/2412516,,fehler,"BrowserContext.new_page: Target page, context or browser has been closed",
2026-06-30T15:26:16,2412376,https://smotrim.ru/video/2412376,,fehler,"BrowserContext.new_page: Target page, context or browser has been closed",
2026-06-30T15:26:16,2412013,https://smotrim.ru/video/2412013,,fehler,"BrowserContext.new_page: Target page, context or browser has been closed",
2026-06-30T15:26:16,2411833,https://smotrim.ru/video/2411833,,fehler,"BrowserContext.new_page: Target page, context or browser has been closed",
2026-06-30T15:26:16,2411506,https://smotrim.ru/video/2411506,,fehler,"BrowserContext.new_page: Target page, context or browser has been closed",
2026-06-30T15:26:16,2411368,https://smotrim.ru/video/2411368,,fehler,"BrowserContext.new_page: Target page, context or browser has been closed",
2026-06-30T15:26:16,2410648,https://smotrim.ru/video/2410648,,fehler,"BrowserContext.new_page: Target page, context or browser has been closed",
2026-06-30T15:26:16,2410373,https://smotrim.ru/video/2410373,,fehler,"BrowserContext.new_page: Target page, context or browser has been closed",
2026-06-30T15:26:16,2410155,https://smotrim.ru/video/2410155,,fehler,"BrowserContext.new_page: Target page, context or browser has been closed",
2026-06-30T15:26:16,2409992,https://smotrim.ru/video/2409992,,fehler,"BrowserContext.new_page: Target page, context or browser has been closed",
2026-06-30T15:26:16,2409635,https://smotrim.ru/video/2409635,,fehler,"BrowserContext.new_page: Target page, context or browser has been closed",
2026-06-30T15:26:16,2409528,https://smotrim.ru/video/2409528,,fehler,"BrowserContext.new_page: Target page, context or browser has been closed",
2026-06-30T15:26:16,2408344,https://smotrim.ru/video/2408344,,fehler,"BrowserContext.new_page: Target page, context or browser has been closed",
2026-06-30T15:26:16,2408229,https://smotrim.ru/video/2408229,,fehler,"BrowserContext.new_page: Target page, context or browser has been closed",
2026-06-30T15:26:16,2407890,https://smotrim.ru/video/2407890,,fehler,"BrowserContext.new_page: Target page, context or browser has been closed",
2026-06-30T15:26:16,2407794,https://smotrim.ru/video/2407794,,fehler,"BrowserContext.new_page: Target page, context or browser has been closed",
2026-06-30T15:26:16,2407478,https://smotrim.ru/video/2407478,,fehler,"BrowserContext.new_page: Target page, context or browser has been closed",
2026-06-30T15:26:16,2407305,https://smotrim.ru/video/2407305,,fehler,"BrowserContext.new_page: Target page, context or browser has been closed",
2026-06-30T15:26:16,2406212,https://smotrim.ru/video/2406212,,fehler,"BrowserContext.new_page: Target page, context or browser has been closed",
2026-06-30T15:26:16,2405969,https://smotrim.ru/video/2405969,,fehler,"BrowserContext.new_page: Target page, context or browser has been closed",
2026-06-30T15:26:16,2405786,https://smotrim.ru/video/2405786,,fehler,"BrowserContext.new_page: Target page, context or browser has been closed",
2026-06-30T15:26:16,2405500,https://smotrim.ru/video/2405500,,fehler,"BrowserContext.new_page: Target page, context or browser has been closed",
2026-06-30T15:26:16,2405276,https://smotrim.ru/video/2405276,,fehler,"BrowserContext.new_page: Target page, context or browser has been closed",
2026-06-30T15:26:16,2405001,https://smotrim.ru/video/2405001,,fehler,"BrowserContext.new_page: Target page, context or browser has been closed",
2026-06-30T15:26:16,2404809,https://smotrim.ru/video/2404809,,fehler,"BrowserContext.new_page: Target page, context or browser has been closed",
2026-06-30T15:26:16,2404659,https://smotrim.ru/video/2404659,,fehler,"BrowserContext.new_page: Target page, context or browser has been closed",
2026-06-30T15:26:16,2404326,https://smotrim.ru/video/2404326,,fehler,"BrowserContext.new_page: Target page, context or browser has been closed",
2026-06-30T15:26:16,2404230,https://smotrim.ru/video/2404230,,fehler,"BrowserContext.new_page: Target page, context or browser has been closed",
2026-06-30T15:26:16,2403657,https://smotrim.ru/video/2403657,,fehler,"BrowserContext.new_page: Target page, context or browser has been closed",
2026-06-30T15:26:16,2403479,https://smotrim.ru/video/2403479,,fehler,"BrowserContext.new_page: Target page, context or browser has been closed",
2026-06-30T15:26:16,2403225,https://smotrim.ru/video/2403225,,fehler,"BrowserContext.new_page: Target page, context or browser has been closed",
2026-06-30T15:26:16,2402999,https://smotrim.ru/video/2402999,,fehler,"BrowserContext.new_page: Target page, context or browser has been closed",
2026-06-30T15:26:16,2402817,https://smotrim.ru/video/2402817,,fehler,"BrowserContext.new_page: Target page, context or browser has been closed",
2026-06-30T15:26:16,2402618,https://smotrim.ru/video/2402618,,fehler,"BrowserContext.new_page: Target page, context or browser has been closed",
2026-06-30T15:26:16,2402405,https://smotrim.ru/video/2402405,,fehler,"BrowserContext.new_page: Target page, context or browser has been closed",
2026-06-30T15:26:16,2402289,https://smotrim.ru/video/2402289,,fehler,"BrowserContext.new_page: Target page, context or browser has been closed",
2026-06-30T15:26:16,2402053,https://smotrim.ru/video/2402053,,fehler,"BrowserContext.new_page: Target page, context or browser has been closed",
2026-06-30T15:26:16,2401960,https://smotrim.ru/video/2401960,,fehler,"BrowserContext.new_page: Target page, context or browser has been closed",
2026-06-30T15:26:16,2401360,https://smotrim.ru/video/2401360,,fehler,"BrowserContext.new_page: Target page, context or browser has been closed",
2026-06-30T15:26:16,2401197,https://smotrim.ru/video/2401197,,fehler,"BrowserContext.new_page: Target page, context or browser has been closed",
2026-06-30T15:26:16,2401003,https://smotrim.ru/video/2401003,,fehler,"BrowserContext.new_page: Target page, context or browser has been closed",
2026-06-30T15:26:16,2400878,https://smotrim.ru/video/2400878,,fehler,"BrowserContext.new_page: Target page, context or browser has been closed",
2026-06-30T15:26:16,2400732,https://smotrim.ru/video/2400732,,fehler,"BrowserContext.new_page: Target page, context or browser has been closed",
2026-06-30T15:26:16,2400596,https://smotrim.ru/video/2400596,,fehler,"BrowserContext.new_page: Target page, context or browser has been closed",
2026-06-30T15:26:16,2400400,https://smotrim.ru/video/2400400,,fehler,"BrowserContext.new_page: Target page, context or browser has been closed",
2026-06-30T15:26:16,2400230,https://smotrim.ru/video/2400230,,fehler,"BrowserContext.new_page: Target page, context or browser has been closed",
2026-06-30T15:26:16,2400028,https://smotrim.ru/video/2400028,,fehler,"BrowserContext.new_page: Target page, context or browser has been closed",
2026-06-30T15:26:16,2399845,https://smotrim.ru/video/2399845,,fehler,"BrowserContext.new_page: Target page, context or browser has been closed",
2026-06-30T15:26:16,2399286,https://smotrim.ru/video/2399286,,fehler,"BrowserContext.new_page: Target page, context or browser has been closed",
2026-06-30T15:26:16,2399139,https://smotrim.ru/video/2399139,,fehler,"BrowserContext.new_page: Target page, context or browser has been closed",
2026-06-30T15:26:16,2398975,https://smotrim.ru/video/2398975,,fehler,"BrowserContext.new_page: Target page, context or browser has been closed",
2026-06-30T15:26:16,2398879,https://smotrim.ru/video/2398879,,fehler,"BrowserContext.new_page: Target page, context or browser has been closed",
2026-06-30T15:26:16,2398666,https://smotrim.ru/video/2398666,,fehler,"BrowserContext.new_page: Target page, context or browser has been closed",
2026-06-30T15:26:16,2398517,https://smotrim.ru/video/2398517,,fehler,"BrowserContext.new_page: Target page, context or browser has been closed",
2026-06-30T15:26:16,2398386,https://smotrim.ru/video/2398386,,fehler,"BrowserContext.new_page: Target page, context or browser has been closed",
2026-06-30T15:26:16,2398303,https://smotrim.ru/video/2398303,,fehler,"BrowserContext.new_page: Target page, context or browser has been closed",
2026-06-30T15:26:16,2398049,https://smotrim.ru/video/2398049,,fehler,"BrowserContext.new_page: Target page, context or browser has been closed",
2026-06-30T15:26:16,2397952,https://smotrim.ru/video/2397952,,fehler,"BrowserContext.new_page: Target page, context or browser has been closed",
2026-06-30T15:26:16,2397323,https://smotrim.ru/video/2397323,,fehler,"BrowserContext.new_page: Target page, context or browser has been closed",
2026-06-30T15:26:16,2397208,https://smotrim.ru/video/2397208,,fehler,"BrowserContext.new_page: Target page, context or browser has been closed",
2026-06-30T15:26:16,2397003,https://smotrim.ru/video/2397003,,fehler,"BrowserContext.new_page: Target page, context or browser has been closed",
2026-06-30T15:26:16,2396952,https://smotrim.ru/video/2396952,,fehler,"BrowserContext.new_page: Target page, context or browser has been closed",
2026-06-30T15:26:16,2396581,https://smotrim.ru/video/2396581,,fehler,"BrowserContext.new_page: Target page, context or browser has been closed",
2026-06-30T15:26:16,2396520,https://smotrim.ru/video/2396520,,fehler,"BrowserContext.new_page: Target page, context or browser has been closed",
2026-06-30T15:26:16,2396276,https://smotrim.ru/video/2396276,,fehler,"BrowserContext.new_page: Target page, context or browser has been closed",
2026-06-30T15:26:16,2396219,https://smotrim.ru/video/2396219,,fehler,"BrowserContext.new_page: Target page, context or browser has been closed",
2026-06-30T15:26:16,2396030,https://smotrim.ru/video/2396030,,fehler,"BrowserContext.new_page: Target page, context or browser has been closed",
2026-06-30T15:26:16,2395919,https://smotrim.ru/video/2395919,,fehler,"BrowserContext.new_page: Target page, context or browser has been closed",
2026-06-30T15:26:16,2395274,https://smotrim.ru/video/2395274,,fehler,"BrowserContext.new_page: Target page, context or browser has been closed",
2026-06-30T15:26:16,2395167,https://smotrim.ru/video/2395167,,fehler,"BrowserContext.new_page: Target page, context or browser has been closed",
2026-06-30T15:26:16,2394897,https://smotrim.ru/video/2394897,,fehler,"BrowserContext.new_page: Target page, context or browser has been closed",
2026-06-30T15:26:16,2394846,https://smotrim.ru/video/2394846,,fehler,"BrowserContext.new_page: Target page, context or browser has been closed",
2026-06-30T15:26:16,2394574,https://smotrim.ru/video/2394574,,fehler,"BrowserContext.new_page: Target page, context or browser has been closed",
2026-06-30T15:26:16,2394528,https://smotrim.ru/video/2394528,,fehler,"BrowserContext.new_page: Target page, context or browser has been closed",
2026-06-30T15:26:16,2394240,https://smotrim.ru/video/2394240,,fehler,"BrowserContext.new_page: Target page, context or browser has been closed",
2026-06-30T15:26:16,2394202,https://smotrim.ru/video/2394202,,fehler,"BrowserContext.new_page: Target page, context or browser has been closed",
2026-06-30T15:26:16,2393960,https://smotrim.ru/video/2393960,,fehler,"BrowserContext.new_page: Target page, context or browser has been closed",
2026-06-30T15:26:16,2393847,https://smotrim.ru/video/2393847,,fehler,"BrowserContext.new_page: Target page, context or browser has been closed",
2026-06-30T15:26:16,2393468,https://smotrim.ru/video/2393468,,fehler,"BrowserContext.new_page: Target page, context or browser has been closed",
2026-06-30T15:26:16,2393308,https://smotrim.ru/video/2393308,,fehler,"BrowserContext.new_page: Target page, context or browser has been closed",
2026-06-30T15:26:16,2393153,https://smotrim.ru/video/2393153,,fehler,"BrowserContext.new_page: Target page, context or browser has been closed",
2026-06-30T15:26:16,2392965,https://smotrim.ru/video/2392965,,fehler,"BrowserContext.new_page: Target page, context or browser has been closed",
2026-06-30T15:26:16,2392859,https://smotrim.ru/video/2392859,,fehler,"BrowserContext.new_page: Target page, context or browser has been closed",
2026-06-30T15:26:16,2392555,https://smotrim.ru/video/2392555,,fehler,"BrowserContext.new_page: Target page, context or browser has been closed",
2026-06-30T15:26:16,2392450,https://smotrim.ru/video/2392450,,fehler,"BrowserContext.new_page: Target page, context or browser has been closed",
2026-06-30T15:26:16,2392247,https://smotrim.ru/video/2392247,,fehler,"BrowserContext.new_page: Target page, context or browser has been closed",
2026-06-30T15:26:16,2392243,https://smotrim.ru/video/2392243,,fehler,"BrowserContext.new_page: Target page, context or browser has been closed",
2026-06-30T15:26:16,2391936,https://smotrim.ru/video/2391936,,fehler,"BrowserContext.new_page: Target page, context or browser has been closed",
2026-06-30T15:26:16,2391819,https://smotrim.ru/video/2391819,,fehler,"BrowserContext.new_page: Target page, context or browser has been closed",
2026-06-30T15:26:16,2391873,https://smotrim.ru/video/2391873,,fehler,"BrowserContext.new_page: Target page, context or browser has been closed",
2026-06-30T15:26:16,2391511,https://smotrim.ru/video/2391511,,fehler,"BrowserContext.new_page: Target page, context or browser has been closed",
2026-06-30T15:26:16,2391257,https://smotrim.ru/video/2391257,,fehler,"BrowserContext.new_page: Target page, context or browser has been closed",
2026-06-30T15:26:16,2391165,https://smotrim.ru/video/2391165,,fehler,"BrowserContext.new_page: Target page, context or browser has been closed",
2026-06-30T15:26:16,2390907,https://smotrim.ru/video/2390907,,fehler,"BrowserContext.new_page: Target page, context or browser has been closed",
2026-06-30T15:26:16,2390781,https://smotrim.ru/video/2390781,,fehler,"BrowserContext.new_page: Target page, context or browser has been closed",
2026-06-30T15:26:16,2390553,https://smotrim.ru/video/2390553,,fehler,"BrowserContext.new_page: Target page, context or browser has been closed",
2026-06-30T15:26:16,2390498,https://smotrim.ru/video/2390498,,fehler,"BrowserContext.new_page: Target page, context or browser has been closed",
2026-06-30T15:26:16,2390054,https://smotrim.ru/video/2390054,,fehler,"BrowserContext.new_page: Target page, context or browser has been closed",
2026-06-30T15:26:16,2390007,https://smotrim.ru/video/2390007,,fehler,"BrowserContext.new_page: Target page, context or browser has been closed",
2026-06-30T15:26:16,2389885,https://smotrim.ru/video/2389885,,fehler,"BrowserContext.new_page: Target page, context or browser has been closed",
2026-06-30T15:26:16,2389840,https://smotrim.ru/video/2389840,,fehler,"BrowserContext.new_page: Target page, context or browser has been closed",
2026-06-30T15:26:16,2389819,https://smotrim.ru/video/2389819,,fehler,"BrowserContext.new_page: Target page, context or browser has been closed",
2026-06-30T15:26:16,2389665,https://smotrim.ru/video/2389665,,fehler,"BrowserContext.new_page: Target page, context or browser has been closed",
2026-06-30T15:26:16,2389666,https://smotrim.ru/video/2389666,,fehler,"BrowserContext.new_page: Target page, context or browser has been closed",
2026-06-30T15:26:16,2389592,https://smotrim.ru/video/2389592,,fehler,"BrowserContext.new_page: Target page, context or browser has been closed",
2026-06-30T15:26:16,2389471,https://smotrim.ru/video/2389471,,fehler,"BrowserContext.new_page: Target page, context or browser has been closed",
2026-06-30T15:26:16,2389365,https://smotrim.ru/video/2389365,,fehler,"BrowserContext.new_page: Target page, context or browser has been closed",
2026-06-30T15:26:16,2389121,https://smotrim.ru/video/2389121,,fehler,"BrowserContext.new_page: Target page, context or browser has been closed",
2026-06-30T15:26:16,2389026,https://smotrim.ru/video/2389026,,fehler,"BrowserContext.new_page: Target page, context or browser has been closed",
2026-06-30T15:26:16,2388798,https://smotrim.ru/video/2388798,,fehler,"BrowserContext.new_page: Target page, context or browser has been closed",
2026-06-30T15:26:16,2388733,https://smotrim.ru/video/2388733,,fehler,"BrowserContext.new_page: Target page, context or browser has been closed",
2026-06-30T15:26:16,2388499,https://smotrim.ru/video/2388499,,fehler,"BrowserContext.new_page: Target page, context or browser has been closed",
2026-06-30T15:26:16,2388411,https://smotrim.ru/video/2388411,,fehler,"BrowserContext.new_page: Target page, context or browser has been closed",
2026-06-30T15:26:16,2388225,https://smotrim.ru/video/2388225,,fehler,"BrowserContext.new_page: Target page, context or browser has been closed",
2026-06-30T15:26:16,2388007,https://smotrim.ru/video/2388007,,fehler,"BrowserContext.new_page: Target page, context or browser has been closed",
2026-06-30T15:26:16,2387690,https://smotrim.ru/video/2387690,,fehler,"BrowserContext.new_page: Target page, context or browser has been closed",
2026-06-30T15:26:16,2387561,https://smotrim.ru/video/2387561,,fehler,"BrowserContext.new_page: Target page, context or browser has been closed",
2026-06-30T15:26:16,2387521,https://smotrim.ru/video/2387521,,fehler,"BrowserContext.new_page: Target page, context or browser has been closed",
2026-06-30T15:26:16,2387219,https://smotrim.ru/video/2387219,,fehler,"BrowserContext.new_page: Target page, context or browser has been closed",
2026-06-30T15:26:16,2387090,https://smotrim.ru/video/2387090,,fehler,"BrowserContext.new_page: Target page, context or browser has been closed",
2026-06-30T15:26:16,2386662,https://smotrim.ru/video/2386662,,fehler,"BrowserContext.new_page: Target page, context or browser has been closed",
2026-06-30T15:26:16,2386530,https://smotrim.ru/video/2386530,,fehler,"BrowserContext.new_page: Target page, context or browser has been closed",
2026-06-30T15:26:16,2386394,https://smotrim.ru/video/2386394,,fehler,"BrowserContext.new_page: Target page, context or browser has been closed",
2026-06-30T15:26:16,2386215,https://smotrim.ru/video/2386215,,fehler,"BrowserContext.new_page: Target page, context or browser has been closed",
2026-06-30T15:26:16,2385650,https://smotrim.ru/video/2385650,,fehler,"BrowserContext.new_page: Target page, context or browser has been closed",
2026-06-30T15:26:16,2385438,https://smotrim.ru/video/2385438,,fehler,"BrowserContext.new_page: Target page, context or browser has been closed",
2026-06-30T15:26:16,2385147,https://smotrim.ru/video/2385147,,fehler,"BrowserContext.new_page: Target page, context or browser has been closed",
2026-06-30T15:26:16,2384965,https://smotrim.ru/video/2384965,,fehler,"BrowserContext.new_page: Target page, context or browser has been closed",
2026-06-30T15:26:16,2384785,https://smotrim.ru/video/2384785,,fehler,"BrowserContext.new_page: Target page, context or browser has been closed",
2026-06-30T15:26:16,2384659,https://smotrim.ru/video/2384659,,fehler,"BrowserContext.new_page: Target page, context or browser has been closed",
2026-06-30T15:26:16,2384393,https://smotrim.ru/video/2384393,,fehler,"BrowserContext.new_page: Target page, context or browser has been closed",
2026-06-30T15:26:16,2384248,https://smotrim.ru/video/2384248,,fehler,"BrowserContext.new_page: Target page, context or browser has been closed",
2026-06-30T15:26:16,2384108,https://smotrim.ru/video/2384108,,fehler,"BrowserContext.new_page: Target page, context or browser has been closed",
2026-06-30T15:26:16,2384004,https://smotrim.ru/video/2384004,,fehler,"BrowserContext.new_page: Target page, context or browser has been closed",
2026-06-30T15:26:16,2383189,https://smotrim.ru/video/2383189,,fehler,"BrowserContext.new_page: Target page, context or browser has been closed",
2026-06-30T15:26:16,2383038,https://smotrim.ru/video/2383038,,fehler,"BrowserContext.new_page: Target page, context or browser has been closed",
2026-06-30T15:26:16,2382796,https://smotrim.ru/video/2382796,,fehler,"BrowserContext.new_page: Target page, context or browser has been closed",
2026-06-30T15:26:16,2382653,https://smotrim.ru/video/2382653,,fehler,"BrowserContext.new_page: Target page, context or browser has been closed",
2026-06-30T15:26:16,2382436,https://smotrim.ru/video/2382436,,fehler,"BrowserContext.new_page: Target page, context or browser has been closed",
2026-06-30T15:26:16,2382155,https://smotrim.ru/video/2382155,,fehler,"BrowserContext.new_page: Target page, context or browser has been closed",
2026-06-30T15:26:16,2381862,https://smotrim.ru/video/2381862,,fehler,"BrowserContext.new_page: Target page, context or browser has been closed",
2026-06-30T15:26:16,2381022,https://smotrim.ru/video/2381022,,fehler,"BrowserContext.new_page: Target page, context or browser has been closed",
2026-06-30T15:26:16,2380899,https://smotrim.ru/video/2380899,,fehler,"BrowserContext.new_page: Target page, context or browser has been closed",
2026-06-30T15:26:16,2380675,https://smotrim.ru/video/2380675,,fehler,"BrowserContext.new_page: Target page, context or browser has been closed",
2026-06-30T15:26:16,2380550,https://smotrim.ru/video/2380550,,fehler,"BrowserContext.new_page: Target page, context or browser has been closed",
2026-06-30T15:26:16,2380350,https://smotrim.ru/video/2380350,,fehler,"BrowserContext.new_page: Target page, context or browser has been closed",
2026-06-30T15:26:16,2380241,https://smotrim.ru/video/2380241,,fehler,"BrowserContext.new_page: Target page, context or browser has been closed",
2026-06-30T15:26:16,2380025,https://smotrim.ru/video/2380025,,fehler,"BrowserContext.new_page: Target page, context or browser has been closed",
2026-06-30T15:26:16,2379920,https://smotrim.ru/video/2379920,,fehler,"BrowserContext.new_page: Target page, context or browser has been closed",
2026-06-30T15:26:16,2379756,https://smotrim.ru/video/2379756,,fehler,"BrowserContext.new_page: Target page, context or browser has been closed",
2026-06-30T15:26:16,2379668,https://smotrim.ru/video/2379668,,fehler,"BrowserContext.new_page: Target page, context or browser has been closed",
2026-06-30T15:26:16,2379146,https://smotrim.ru/video/2379146,,fehler,"BrowserContext.new_page: Target page, context or browser has been closed",
2026-06-30T15:26:16,2379021,https://smotrim.ru/video/2379021,,fehler,"BrowserContext.new_page: Target page, context or browser has been closed",
2026-06-30T15:26:16,2378760,https://smotrim.ru/video/2378760,,fehler,"BrowserContext.new_page: Target page, context or browser has been closed",
2026-06-30T15:26:16,2378648,https://smotrim.ru/video/2378648,,fehler,"BrowserContext.new_page: Target page, context or browser has been closed",
2026-06-30T15:26:16,2378437,https://smotrim.ru/video/2378437,,fehler,"BrowserContext.new_page: Target page, context or browser has been closed",
2026-06-30T15:26:16,2378292,https://smotrim.ru/video/2378292,,fehler,"BrowserContext.new_page: Target page, context or browser has been closed",
2026-06-30T15:26:16,2378088,https://smotrim.ru/video/2378088,,fehler,"BrowserContext.new_page: Target page, context or browser has been closed",
2026-06-30T15:26:16,2377949,https://smotrim.ru/video/2377949,,fehler,"BrowserContext.new_page: Target page, context or browser has been closed",
2026-06-30T15:26:16,2377712,https://smotrim.ru/video/2377712,,fehler,"BrowserContext.new_page: Target page, context or browser has been closed",
2026-06-30T15:26:16,2377604,https://smotrim.ru/video/2377604,,fehler,"BrowserContext.new_page: Target page, context or browser has been closed",
2026-06-30T15:26:16,2377125,https://smotrim.ru/video/2377125,,fehler,"BrowserContext.new_page: Target page, context or browser has been closed",
2026-06-30T15:26:16,2376971,https://smotrim.ru/video/2376971,,fehler,"BrowserContext.new_page: Target page, context or browser has been closed",
2026-06-30T15:26:16,2376751,https://smotrim.ru/video/2376751,,fehler,"BrowserContext.new_page: Target page, context or browser has been closed",
2026-06-30T15:26:16,2376631,https://smotrim.ru/video/2376631,,fehler,"BrowserContext.new_page: Target page, context or browser has been closed",
2026-06-30T15:26:16,2376394,https://smotrim.ru/video/2376394,,fehler,"BrowserContext.new_page: Target page, context or browser has been closed",
2026-06-30T15:26:16,2376271,https://smotrim.ru/video/2376271,,fehler,"BrowserContext.new_page: Target page, context or browser has been closed",
2026-06-30T15:26:16,2376105,https://smotrim.ru/video/2376105,,fehler,"BrowserContext.new_page: Target page, context or browser has been closed",
2026-06-30T15:26:16,2375981,https://smotrim.ru/video/2375981,,fehler,"BrowserContext.new_page: Target page, context or browser has been closed",
2026-06-30T15:26:16,2375703,https://smotrim.ru/video/2375703,,fehler,"BrowserContext.new_page: Target page, context or browser has been closed",
2026-06-30T15:26:16,2375595,https://smotrim.ru/video/2375595,,fehler,"BrowserContext.new_page: Target page, context or browser has been closed",
2026-06-30T15:26:16,2375017,https://smotrim.ru/video/2375017,,fehler,"BrowserContext.new_page: Target page, context or browser has been closed",
2026-06-30T15:26:16,2374900,https://smotrim.ru/video/2374900,,fehler,"BrowserContext.new_page: Target page, context or browser has been closed",
2026-06-30T15:26:16,2374642,https://smotrim.ru/video/2374642,,fehler,"BrowserContext.new_page: Target page, context or browser has been closed",
2026-06-30T15:26:16,2374522,https://smotrim.ru/video/2374522,,fehler,"BrowserContext.new_page: Target page, context or browser has been closed",
2026-06-30T15:26:16,2374339,https://smotrim.ru/video/2374339,,fehler,"BrowserContext.new_page: Target page, context or browser has been closed",
2026-06-30T15:26:16,2374224,https://smotrim.ru/video/2374224,,fehler,"BrowserContext.new_page: Target page, context or browser has been closed",
2026-06-30T15:26:16,2373916,https://smotrim.ru/video/2373916,,fehler,"BrowserContext.new_page: Target page, context or browser has been closed",
2026-06-30T15:26:16,2373824,https://smotrim.ru/video/2373824,,fehler,"BrowserContext.new_page: Target page, context or browser has been closed",
2026-06-30T15:26:16,2373631,https://smotrim.ru/video/2373631,,fehler,"BrowserContext.new_page: Target page, context or browser has been closed",
2026-06-30T15:26:16,2373577,https://smotrim.ru/video/2373577,,fehler,"BrowserContext.new_page: Target page, context or browser has been closed",
2026-06-30T15:26:16,4003498,https://smotrim.ru/video/4003498,,fehler,"BrowserContext.new_page: Target page, context or browser has been closed",
2026-06-30T15:26:16,3088811,https://smotrim.ru/video/3088811,,fehler,"BrowserContext.new_page: Target page, context or browser has been closed",
2026-06-30T15:26:16,3088726,https://smotrim.ru/video/3088726,,fehler,"BrowserContext.new_page: Target page, context or browser has been closed",
2026-06-30T15:26:16,3088354,https://smotrim.ru/video/3088354,,fehler,"BrowserContext.new_page: Target page, context or browser has been closed",
2026-06-30T15:26:16,3087722,https://smotrim.ru/video/3087722,,fehler,"BrowserContext.new_page: Target page, context or browser has been closed",
2026-06-30T15:26:16,3085353,https://smotrim.ru/video/3085353,,fehler,"BrowserContext.new_page: Target page, context or browser has been closed",
2026-06-30T15:29:50,2539109,https://smotrim.ru/video/2539109,,fehler,"Command '['D:\\yt-dlp\\yt-dlp.exe', '-f', '400', '-x', '--audio-format', 'wav', '--audio-quality', '0', '--concurrent-fragments', '8', '--no-keep-video', '--cookies-from-browser', 'firefox', '--hls-use-mpegts', '--download-archive', 'C:\\Users\\PeppermintButler\\Desktop\\Bachelorarbeit\\Audio\\logs\\yt_dlp_archive.txt', '--referer', 'https://smotrim.ru/video/2539109', '--postprocessor-args', 'ffmpeg:-ar 16000 -ac 1 -c:a pcm_s16le', '-o', 'C:\\Users\\PeppermintButler\\Desktop\\Bachelorarbeit\\Audio\\roh\\2022_2539109.%(ext)s', 'https://vod.smotrim.ru/vod/definst/amlst:2706391/playlist.m3u8?entity=episode&id=2706391&sign=4f7da4b7aec764e3f1408ad7671a0e16']' returned non-zero exit status 1.",
2026-06-30T15:30:05,2538677,https://smotrim.ru/video/2538677,,fehler,WAV nicht erzeugt: C:\Users\PeppermintButler\Desktop\Bachelorarbeit\Audio\roh\2022_2538677.wav,
2026-06-30T15:30:18,2538308,https://smotrim.ru/video/2538308,,fehler,WAV nicht erzeugt: C:\Users\PeppermintButler\Desktop\Bachelorarbeit\Audio\roh\2022_2538308.wav,
2026-06-30T15:30:30,2537855,https://smotrim.ru/video/2537855,,fehler,WAV nicht erzeugt: C:\Users\PeppermintButler\Desktop\Bachelorarbeit\Audio\roh\2022_2537855.wav,
2026-07-02T10:33:09,2539395,https://smotrim.ru/video/2539395,,fehler,WAV nach 3 Versuchen nicht erzeugt: C:\Users\PeppermintButler\Desktop\Bachelorarbeit\Audio\roh\2022-12-29_2539395.wav,
2026-07-02T10:33:43,2539109,https://smotrim.ru/video/2539109,,fehler,WAV nach 3 Versuchen nicht erzeugt: C:\Users\PeppermintButler\Desktop\Bachelorarbeit\Audio\roh\2022-12-29_2539109.wav,
2026-07-02T10:34:19,2538677,https://smotrim.ru/video/2538677,,fehler,WAV nach 3 Versuchen nicht erzeugt: C:\Users\PeppermintButler\Desktop\Bachelorarbeit\Audio\roh\2022-12-28_2538677.wav,
2026-07-02T10:34:55,2538308,https://smotrim.ru/video/2538308,,fehler,WAV nach 3 Versuchen nicht erzeugt: C:\Users\PeppermintButler\Desktop\Bachelorarbeit\Audio\roh\2022-12-28_2538308.wav,
2026-07-02T10:35:32,2537855,https://smotrim.ru/video/2537855,,fehler,WAV nach 3 Versuchen nicht erzeugt: C:\Users\PeppermintButler\Desktop\Bachelorarbeit\Audio\roh\2022-12-27_2537855.wav,
2026-07-02T10:37:57,2539395,https://smotrim.ru/video/2539395,https://vod.smotrim.ru/vod/definst/amlst:2706680/playlist.m3u8?entity=episode&id=2706680&sign=046ba45a747a6c1dfc3565444c33c23f,ok,,C:\Users\PeppermintButler\Desktop\Bachelorarbeit\Audio\roh\2022-12-29_2539395.wav
2026-07-02T10:38:29,2539109,https://smotrim.ru/video/2539109,,fehler,WAV nach 3 Versuchen nicht erzeugt: C:\Users\PeppermintButler\Desktop\Bachelorarbeit\Audio\roh\2022-12-29_2539109.wav,
2026-07-02T10:39:00,2538677,https://smotrim.ru/video/2538677,,fehler,WAV nach 3 Versuchen nicht erzeugt: C:\Users\PeppermintButler\Desktop\Bachelorarbeit\Audio\roh\2022-12-28_2538677.wav,
2026-07-02T10:39:33,2538308,https://smotrim.ru/video/2538308,,fehler,WAV nach 3 Versuchen nicht erzeugt: C:\Users\PeppermintButler\Desktop\Bachelorarbeit\Audio\roh\2022-12-28_2538308.wav,
2026-07-02T10:40:05,2537855,https://smotrim.ru/video/2537855,,fehler,WAV nach 3 Versuchen nicht erzeugt: C:\Users\PeppermintButler\Desktop\Bachelorarbeit\Audio\roh\2022-12-27_2537855.wav,
2026-07-02T10:44:08,2539109,https://smotrim.ru/video/2539109,https://vod.smotrim.ru/vod/definst/amlst:2706391/playlist.m3u8?entity=episode&id=2706391&sign=4f7da4b7aec764e3f1408ad7671a0e16,ok,,C:\Users\PeppermintButler\Desktop\Bachelorarbeit\Audio\roh\2022-12-29_2539109.wav
2026-07-02T10:45:15,2538677,https://smotrim.ru/video/2538677,https://vod.smotrim.ru/vod/definst/amlst:2705863/playlist.m3u8?entity=episode&id=2705863&sign=c5b1a3524297416c6b97d33a6a82c7ca,ok,,C:\Users\PeppermintButler\Desktop\Bachelorarbeit\Audio\roh\2022-12-28_2538677.wav
2026-07-02T10:46:16,2538308,https://smotrim.ru/video/2538308,https://vod.smotrim.ru/vod/definst/amlst:2705547/playlist.m3u8?entity=episode&id=2705547&sign=5b13d70855df20792055ac73482e9648,ok,,C:\Users\PeppermintButler\Desktop\Bachelorarbeit\Audio\roh\2022-12-28_2538308.wav
2026-07-02T10:48:20,2537855,https://smotrim.ru/video/2537855,https://vod.smotrim.ru/vod/definst/amlst:2705134/playlist.m3u8?entity=episode&id=2705134&sign=b37ab928505af1c85571a73d2ca87c27,ok,,C:\Users\PeppermintButler\Desktop\Bachelorarbeit\Audio\roh\2022-12-27_2537855.wav
2026-07-02T12:33:39,1980631,https://smotrim.ru/video/1980631,ok,,C:\Users\PeppermintButler\Desktop\Bachelorarbeit\Audio\transkripte\2019-12-27_1980631.txt
2026-07-03T09:49:31,1978106,https://smotrim.ru/video/1978106,ok,,C:\Users\PeppermintButler\Desktop\Bachelorarbeit\Audio\transkripte\2019-12-20_1978106.txt
2026-07-03T10:02:36,1977582,https://smotrim.ru/video/1977582,ok,,C:\Users\PeppermintButler\Desktop\Bachelorarbeit\Audio\transkripte\2019-12-19_1977582.txt
2026-07-03T10:14:43,1977160,https://smotrim.ru/video/1977160,ok,,C:\Users\PeppermintButler\Desktop\Bachelorarbeit\Audio\transkripte\2019-12-18_1977160.txt
2026-07-03T10:29:24,1976758,https://smotrim.ru/video/1976758,ok,,C:\Users\PeppermintButler\Desktop\Bachelorarbeit\Audio\transkripte\2019-12-17_1976758.txt
2026-07-03T10:44:31,1976354,https://smotrim.ru/video/1976354,ok,,C:\Users\PeppermintButler\Desktop\Bachelorarbeit\Audio\transkripte\2019-12-16_1976354.txt
2026-07-03T10:59:46,1975512,https://smotrim.ru/video/1975512,ok,,C:\Users\PeppermintButler\Desktop\Bachelorarbeit\Audio\transkripte\2019-12-13_1975512.txt
2026-07-03T11:13:17,1975034,https://smotrim.ru/video/1975034,ok,,C:\Users\PeppermintButler\Desktop\Bachelorarbeit\Audio\transkripte\2019-12-12_1975034.txt
2026-07-03T11:26:01,1974547,https://smotrim.ru/video/1974547,ok,,C:\Users\PeppermintButler\Desktop\Bachelorarbeit\Audio\transkripte\2019-12-11_1974547.txt
2026-07-03T11:37:12,1974122,https://smotrim.ru/video/1974122,ok,,C:\Users\PeppermintButler\Desktop\Bachelorarbeit\Audio\transkripte\2019-12-10_1974122.txt
2026-07-03T11:51:11,1973701,https://smotrim.ru/video/1973701,ok,,C:\Users\PeppermintButler\Desktop\Bachelorarbeit\Audio\transkripte\2019-12-09_1973701.txt
2026-07-03T12:06:22,1972747,https://smotrim.ru/video/1972747,ok,,C:\Users\PeppermintButler\Desktop\Bachelorarbeit\Audio\transkripte\2019-12-06_1972747.txt
2026-07-03T12:19:17,1972246,https://smotrim.ru/video/1972246,ok,,C:\Users\PeppermintButler\Desktop\Bachelorarbeit\Audio\transkripte\2019-12-05_1972246.txt
2026-07-03T12:32:26,1971716,https://smotrim.ru/video/1971716,ok,,C:\Users\PeppermintButler\Desktop\Bachelorarbeit\Audio\transkripte\2019-12-04_1971716.txt
2026-07-03T12:44:46,1971264,https://smotrim.ru/video/1971264,ok,,C:\Users\PeppermintButler\Desktop\Bachelorarbeit\Audio\transkripte\2019-12-03_1971264.txt
2026-07-03T12:57:14,1970829,https://smotrim.ru/video/1970829,ok,,C:\Users\PeppermintButler\Desktop\Bachelorarbeit\Audio\transkripte\2019-12-02_1970829.txt
2026-07-03T13:10:18,1969968,https://smotrim.ru/video/1969968,ok,,C:\Users\PeppermintButler\Desktop\Bachelorarbeit\Audio\transkripte\2019-11-29_1969968.txt
2026-07-03T13:23:48,1969542,https://smotrim.ru/video/1969542,ok,,C:\Users\PeppermintButler\Desktop\Bachelorarbeit\Audio\transkripte\2019-11-28_1969542.txt
2026-07-03T13:35:13,1969085,https://smotrim.ru/video/1969085,ok,,C:\Users\PeppermintButler\Desktop\Bachelorarbeit\Audio\transkripte\2019-11-27_1969085.txt
2026-07-03T13:47:53,1968614,https://smotrim.ru/video/1968614,ok,,C:\Users\PeppermintButler\Desktop\Bachelorarbeit\Audio\transkripte\2019-11-26_1968614.txt
2026-07-03T13:59:11,1968180,https://smotrim.ru/video/1968180,ok,,C:\Users\PeppermintButler\Desktop\Bachelorarbeit\Audio\transkripte\2019-11-25_1968180.txt
2026-07-03T14:13:31,1967299,https://smotrim.ru/video/1967299,ok,,C:\Users\PeppermintButler\Desktop\Bachelorarbeit\Audio\transkripte\2019-11-22_1967299.txt
2026-07-03T14:26:39,1966849,https://smotrim.ru/video/1966849,ok,,C:\Users\PeppermintButler\Desktop\Bachelorarbeit\Audio\transkripte\2019-11-21_1966849.txt
2026-07-03T14:40:37,1966339,https://smotrim.ru/video/1966339,ok,,C:\Users\PeppermintButler\Desktop\Bachelorarbeit\Audio\transkripte\2019-11-20_1966339.txt
2026-07-03T14:53:42,1965805,https://smotrim.ru/video/1965805,ok,,C:\Users\PeppermintButler\Desktop\Bachelorarbeit\Audio\transkripte\2019-11-19_1965805.txt
2026-07-03T15:06:14,1965351,https://smotrim.ru/video/1965351,ok,,C:\Users\PeppermintButler\Desktop\Bachelorarbeit\Audio\transkripte\2019-11-18_1965351.txt
2026-07-03T15:18:42,1964480,https://smotrim.ru/video/1964480,ok,,C:\Users\PeppermintButler\Desktop\Bachelorarbeit\Audio\transkripte\2019-11-15_1964480.txt
2026-07-03T15:29:48,1963983,https://smotrim.ru/video/1963983,ok,,C:\Users\PeppermintButler\Desktop\Bachelorarbeit\Audio\transkripte\2019-11-14_1963983.txt
2026-07-03T15:43:36,1963548,https://smotrim.ru/video/1963548,ok,,C:\Users\PeppermintButler\Desktop\Bachelorarbeit\Audio\transkripte\2019-11-13_1963548.txt
2026-07-03T15:54:38,1963104,https://smotrim.ru/video/1963104,ok,,C:\Users\PeppermintButler\Desktop\Bachelorarbeit\Audio\transkripte\2019-11-12_1963104.txt
2026-07-03T15:57:52,1962712,https://smotrim.ru/video/1962712,ok,,C:\Users\PeppermintButler\Desktop\Bachelorarbeit\Audio\transkripte\2019-11-11_1962712.txt
2026-07-03T16:04:07,1961848,https://smotrim.ru/video/1961848,ok,,C:\Users\PeppermintButler\Desktop\Bachelorarbeit\Audio\transkripte\2019-11-08_1961848.txt
2026-07-03T16:17:38,1961425,https://smotrim.ru/video/1961425,ok,,C:\Users\PeppermintButler\Desktop\Bachelorarbeit\Audio\transkripte\2019-11-07_1961425.txt
2026-07-03T16:29:21,1961038,https://smotrim.ru/video/1961038,ok,,C:\Users\PeppermintButler\Desktop\Bachelorarbeit\Audio\transkripte\2019-11-06_1961038.txt
2026-07-03T16:42:33,1960593,https://smotrim.ru/video/1960593,ok,,C:\Users\PeppermintButler\Desktop\Bachelorarbeit\Audio\transkripte\2019-11-05_1960593.txt
2026-07-03T16:55:20,1959647,https://smotrim.ru/video/1959647,ok,,C:\Users\PeppermintButler\Desktop\Bachelorarbeit\Audio\transkripte\2019-11-01_1959647.txt
2026-07-03T16:56:17,1959249,https://smotrim.ru/video/1959249,ok,,C:\Users\PeppermintButler\Desktop\Bachelorarbeit\Audio\transkripte\2019-10-31_1959249.txt
2026-07-03T17:08:17,1958832,https://smotrim.ru/video/1958832,ok,,C:\Users\PeppermintButler\Desktop\Bachelorarbeit\Audio\transkripte\2019-10-30_1958832.txt
2026-07-03T17:20:56,1958419,https://smotrim.ru/video/1958419,ok,,C:\Users\PeppermintButler\Desktop\Bachelorarbeit\Audio\transkripte\2019-10-29_1958419.txt
2026-07-03T17:32:54,1958007,https://smotrim.ru/video/1958007,ok,,C:\Users\PeppermintButler\Desktop\Bachelorarbeit\Audio\transkripte\2019-10-28_1958007.txt
2026-07-03T17:45:31,1957193,https://smotrim.ru/video/1957193,ok,,C:\Users\PeppermintButler\Desktop\Bachelorarbeit\Audio\transkripte\2019-10-25_1957193.txt
2026-07-03T17:58:29,1956769,https://smotrim.ru/video/1956769,ok,,C:\Users\PeppermintButler\Desktop\Bachelorarbeit\Audio\transkripte\2019-10-24_1956769.txt
2026-07-03T18:11:25,1956321,https://smotrim.ru/video/1956321,ok,,C:\Users\PeppermintButler\Desktop\Bachelorarbeit\Audio\transkripte\2019-10-23_1956321.txt
2026-07-03T18:23:52,1955908,https://smotrim.ru/video/1955908,ok,,C:\Users\PeppermintButler\Desktop\Bachelorarbeit\Audio\transkripte\2019-10-22_1955908.txt
2026-07-03T18:35:53,1955474,https://smotrim.ru/video/1955474,ok,,C:\Users\PeppermintButler\Desktop\Bachelorarbeit\Audio\transkripte\2019-10-21_1955474.txt
2026-07-03T18:50:03,1954629,https://smotrim.ru/video/1954629,ok,,C:\Users\PeppermintButler\Desktop\Bachelorarbeit\Audio\transkripte\2019-10-18_1954629.txt
2026-07-03T19:03:54,1954209,https://smotrim.ru/video/1954209,ok,,C:\Users\PeppermintButler\Desktop\Bachelorarbeit\Audio\transkripte\2019-10-17_1954209.txt
2026-07-03T19:15:28,1953845,https://smotrim.ru/video/1953845,ok,,C:\Users\PeppermintButler\Desktop\Bachelorarbeit\Audio\transkripte\2019-10-16_1953845.txt
2026-07-03T19:27:47,1953438,https://smotrim.ru/video/1953438,ok,,C:\Users\PeppermintButler\Desktop\Bachelorarbeit\Audio\transkripte\2019-10-15_1953438.txt
2026-07-03T19:39:44,1953066,https://smotrim.ru/video/1953066,ok,,C:\Users\PeppermintButler\Desktop\Bachelorarbeit\Audio\transkripte\2019-10-14_1953066.txt
2026-07-03T19:52:39,1952276,https://smotrim.ru/video/1952276,ok,,C:\Users\PeppermintButler\Desktop\Bachelorarbeit\Audio\transkripte\2019-10-11_1952276.txt
2026-07-03T20:05:35,1951846,https://smotrim.ru/video/1951846,ok,,C:\Users\PeppermintButler\Desktop\Bachelorarbeit\Audio\transkripte\2019-10-10_1951846.txt
2026-07-03T20:17:43,1951390,https://smotrim.ru/video/1951390,ok,,C:\Users\PeppermintButler\Desktop\Bachelorarbeit\Audio\transkripte\2019-10-09_1951390.txt
2026-07-03T20:30:34,1951004,https://smotrim.ru/video/1951004,ok,,C:\Users\PeppermintButler\Desktop\Bachelorarbeit\Audio\transkripte\2019-10-08_1951004.txt
2026-07-03T20:43:49,1950617,https://smotrim.ru/video/1950617,ok,,C:\Users\PeppermintButler\Desktop\Bachelorarbeit\Audio\transkripte\2019-10-07_1950617.txt
2026-07-03T20:56:12,1949773,https://smotrim.ru/video/1949773,ok,,C:\Users\PeppermintButler\Desktop\Bachelorarbeit\Audio\transkripte\2019-10-04_1949773.txt
2026-07-03T21:10:09,1949374,https://smotrim.ru/video/1949374,ok,,C:\Users\PeppermintButler\Desktop\Bachelorarbeit\Audio\transkripte\2019-10-03_1949374.txt
2026-07-03T21:22:28,1948979,https://smotrim.ru/video/1948979,ok,,C:\Users\PeppermintButler\Desktop\Bachelorarbeit\Audio\transkripte\2019-10-02_1948979.txt
2026-07-03T21:36:07,1948547,https://smotrim.ru/video/1948547,ok,,C:\Users\PeppermintButler\Desktop\Bachelorarbeit\Audio\transkripte\2019-10-01_1948547.txt
2026-07-03T21:48:57,1948139,https://smotrim.ru/video/1948139,ok,,C:\Users\PeppermintButler\Desktop\Bachelorarbeit\Audio\transkripte\2019-09-30_1948139.txt
2026-07-03T22:01:59,1947291,https://smotrim.ru/video/1947291,ok,,C:\Users\PeppermintButler\Desktop\Bachelorarbeit\Audio\transkripte\2019-09-27_1947291.txt
2026-07-03T22:14:59,1946894,https://smotrim.ru/video/1946894,ok,,C:\Users\PeppermintButler\Desktop\Bachelorarbeit\Audio\transkripte\2019-09-26_1946894.txt
2026-07-03T22:26:48,1946456,https://smotrim.ru/video/1946456,ok,,C:\Users\PeppermintButler\Desktop\Bachelorarbeit\Audio\transkripte\2019-09-25_1946456.txt
2026-07-03T22:38:40,1946034,https://smotrim.ru/video/1946034,ok,,C:\Users\PeppermintButler\Desktop\Bachelorarbeit\Audio\transkripte\2019-09-24_1946034.txt
2026-07-03T22:48:46,1945635,https://smotrim.ru/video/1945635,ok,,C:\Users\PeppermintButler\Desktop\Bachelorarbeit\Audio\transkripte\2019-09-23_1945635.txt
2026-07-03T23:00:30,1944804,https://smotrim.ru/video/1944804,ok,,C:\Users\PeppermintButler\Desktop\Bachelorarbeit\Audio\transkripte\2019-09-20_1944804.txt
2026-07-03T23:13:27,1944379,https://smotrim.ru/video/1944379,ok,,C:\Users\PeppermintButler\Desktop\Bachelorarbeit\Audio\transkripte\2019-09-19_1944379.txt
2026-07-03T23:25:36,1943971,https://smotrim.ru/video/1943971,ok,,C:\Users\PeppermintButler\Desktop\Bachelorarbeit\Audio\transkripte\2019-09-18_1943971.txt
2026-07-03T23:38:50,1943597,https://smotrim.ru/video/1943597,ok,,C:\Users\PeppermintButler\Desktop\Bachelorarbeit\Audio\transkripte\2019-09-17_1943597.txt
2026-07-03T23:50:58,1943201,https://smotrim.ru/video/1943201,ok,,C:\Users\PeppermintButler\Desktop\Bachelorarbeit\Audio\transkripte\2019-09-16_1943201.txt
2026-07-04T00:02:13,1942387,https://smotrim.ru/video/1942387,ok,,C:\Users\PeppermintButler\Desktop\Bachelorarbeit\Audio\transkripte\2019-09-13_1942387.txt
2026-07-04T00:14:29,1941970,https://smotrim.ru/video/1941970,ok,,C:\Users\PeppermintButler\Desktop\Bachelorarbeit\Audio\transkripte\2019-09-12_1941970.txt
2026-07-04T00:26:12,1941581,https://smotrim.ru/video/1941581,ok,,C:\Users\PeppermintButler\Desktop\Bachelorarbeit\Audio\transkripte\2019-09-11_1941581.txt
2026-07-04T00:40:20,1941146,https://smotrim.ru/video/1941146,ok,,C:\Users\PeppermintButler\Desktop\Bachelorarbeit\Audio\transkripte\2019-09-10_1941146.txt
2026-07-04T00:53:24,1940766,https://smotrim.ru/video/1940766,ok,,C:\Users\PeppermintButler\Desktop\Bachelorarbeit\Audio\transkripte\2019-09-09_1940766.txt
2026-07-04T01:06:19,1939956,https://smotrim.ru/video/1939956,ok,,C:\Users\PeppermintButler\Desktop\Bachelorarbeit\Audio\transkripte\2019-09-06_1939956.txt
2026-07-04T01:18:02,1939556,https://smotrim.ru/video/1939556,ok,,C:\Users\PeppermintButler\Desktop\Bachelorarbeit\Audio\transkripte\2019-09-05_1939556.txt
2026-07-04T01:30:48,1939123,https://smotrim.ru/video/1939123,ok,,C:\Users\PeppermintButler\Desktop\Bachelorarbeit\Audio\transkripte\2019-09-04_1939123.txt
2026-07-04T01:44:19,1938656,https://smotrim.ru/video/1938656,ok,,C:\Users\PeppermintButler\Desktop\Bachelorarbeit\Audio\transkripte\2019-09-03_1938656.txt
2026-07-04T01:56:25,1938235,https://smotrim.ru/video/1938235,ok,,C:\Users\PeppermintButler\Desktop\Bachelorarbeit\Audio\transkripte\2019-09-02_1938235.txt
2026-07-04T02:08:55,1937507,https://smotrim.ru/video/1937507,ok,,C:\Users\PeppermintButler\Desktop\Bachelorarbeit\Audio\transkripte\2019-08-30_1937507.txt
2026-07-04T02:19:58,1937082,https://smotrim.ru/video/1937082,ok,,C:\Users\PeppermintButler\Desktop\Bachelorarbeit\Audio\transkripte\2019-08-29_1937082.txt
2026-07-04T02:32:19,1936812,https://smotrim.ru/video/1936812,ok,,C:\Users\PeppermintButler\Desktop\Bachelorarbeit\Audio\transkripte\2019-08-28_1936812.txt
2026-07-04T02:44:52,1936268,https://smotrim.ru/video/1936268,ok,,C:\Users\PeppermintButler\Desktop\Bachelorarbeit\Audio\transkripte\2019-08-27_1936268.txt
2026-07-04T02:56:16,1935853,https://smotrim.ru/video/1935853,ok,,C:\Users\PeppermintButler\Desktop\Bachelorarbeit\Audio\transkripte\2019-08-26_1935853.txt
2026-07-04T03:08:24,1935095,https://smotrim.ru/video/1935095,ok,,C:\Users\PeppermintButler\Desktop\Bachelorarbeit\Audio\transkripte\2019-08-23_1935095.txt
2026-07-04T03:22:07,1934730,https://smotrim.ru/video/1934730,ok,,C:\Users\PeppermintButler\Desktop\Bachelorarbeit\Audio\transkripte\2019-08-22_1934730.txt
2026-07-04T03:34:08,1934331,https://smotrim.ru/video/1934331,ok,,C:\Users\PeppermintButler\Desktop\Bachelorarbeit\Audio\transkripte\2019-08-21_1934331.txt
2026-07-04T03:47:09,1933938,https://smotrim.ru/video/1933938,ok,,C:\Users\PeppermintButler\Desktop\Bachelorarbeit\Audio\transkripte\2019-08-20_1933938.txt
2026-07-04T04:01:18,1933607,https://smotrim.ru/video/1933607,ok,,C:\Users\PeppermintButler\Desktop\Bachelorarbeit\Audio\transkripte\2019-08-19_1933607.txt
2026-07-04T04:14:16,1932896,https://smotrim.ru/video/1932896,ok,,C:\Users\PeppermintButler\Desktop\Bachelorarbeit\Audio\transkripte\2019-08-16_1932896.txt
2026-07-04T04:26:15,1932504,https://smotrim.ru/video/1932504,ok,,C:\Users\PeppermintButler\Desktop\Bachelorarbeit\Audio\transkripte\2019-08-15_1932504.txt
2026-07-04T04:39:03,1932109,https://smotrim.ru/video/1932109,ok,,C:\Users\PeppermintButler\Desktop\Bachelorarbeit\Audio\transkripte\2019-08-14_1932109.txt
2026-07-04T04:51:40,1931738,https://smotrim.ru/video/1931738,ok,,C:\Users\PeppermintButler\Desktop\Bachelorarbeit\Audio\transkripte\2019-08-13_1931738.txt
2026-07-04T05:05:04,1931381,https://smotrim.ru/video/1931381,ok,,C:\Users\PeppermintButler\Desktop\Bachelorarbeit\Audio\transkripte\2019-08-12_1931381.txt
2026-07-04T05:17:54,1930666,https://smotrim.ru/video/1930666,ok,,C:\Users\PeppermintButler\Desktop\Bachelorarbeit\Audio\transkripte\2019-08-09_1930666.txt
2026-07-04T05:29:41,1930277,https://smotrim.ru/video/1930277,ok,,C:\Users\PeppermintButler\Desktop\Bachelorarbeit\Audio\transkripte\2019-08-08_1930277.txt
2026-07-04T05:41:16,1929839,https://smotrim.ru/video/1929839,ok,,C:\Users\PeppermintButler\Desktop\Bachelorarbeit\Audio\transkripte\2019-08-07_1929839.txt
2026-07-04T05:53:26,1929434,https://smotrim.ru/video/1929434,ok,,C:\Users\PeppermintButler\Desktop\Bachelorarbeit\Audio\transkripte\2019-08-06_1929434.txt
2026-07-04T06:05:20,1929084,https://smotrim.ru/video/1929084,ok,,C:\Users\PeppermintButler\Desktop\Bachelorarbeit\Audio\transkripte\2019-08-05_1929084.txt
2026-07-04T06:19:07,1928407,https://smotrim.ru/video/1928407,ok,,C:\Users\PeppermintButler\Desktop\Bachelorarbeit\Audio\transkripte\2019-08-02_1928407.txt
2026-07-04T06:30:12,1928013,https://smotrim.ru/video/1928013,ok,,C:\Users\PeppermintButler\Desktop\Bachelorarbeit\Audio\transkripte\2019-08-01_1928013.txt
2026-07-04T06:43:12,1927587,https://smotrim.ru/video/1927587,ok,,C:\Users\PeppermintButler\Desktop\Bachelorarbeit\Audio\transkripte\2019-07-31_1927587.txt
2026-07-04T06:54:56,1927201,https://smotrim.ru/video/1927201,ok,,C:\Users\PeppermintButler\Desktop\Bachelorarbeit\Audio\transkripte\2019-07-30_1927201.txt
2026-07-04T07:06:43,1926799,https://smotrim.ru/video/1926799,ok,,C:\Users\PeppermintButler\Desktop\Bachelorarbeit\Audio\transkripte\2019-07-29_1926799.txt
2026-07-04T07:18:36,1926112,https://smotrim.ru/video/1926112,ok,,C:\Users\PeppermintButler\Desktop\Bachelorarbeit\Audio\transkripte\2019-07-26_1926112.txt
2026-07-04T07:19:26,1925777,https://smotrim.ru/video/1925777,ok,,C:\Users\PeppermintButler\Desktop\Bachelorarbeit\Audio\transkripte\2019-07-25_1925777.txt
2026-07-04T07:31:32,1925332,https://smotrim.ru/video/1925332,ok,,C:\Users\PeppermintButler\Desktop\Bachelorarbeit\Audio\transkripte\2019-07-24_1925332.txt
2026-07-04T07:44:42,1924957,https://smotrim.ru/video/1924957,ok,,C:\Users\PeppermintButler\Desktop\Bachelorarbeit\Audio\transkripte\2019-07-23_1924957.txt
2026-07-04T07:56:32,1924578,https://smotrim.ru/video/1924578,ok,,C:\Users\PeppermintButler\Desktop\Bachelorarbeit\Audio\transkripte\2019-07-22_1924578.txt
2026-07-04T08:09:32,1923891,https://smotrim.ru/video/1923891,ok,,C:\Users\PeppermintButler\Desktop\Bachelorarbeit\Audio\transkripte\2019-07-19_1923891.txt
2026-07-04T08:23:03,1923521,https://smotrim.ru/video/1923521,ok,,C:\Users\PeppermintButler\Desktop\Bachelorarbeit\Audio\transkripte\2019-07-18_1923521.txt
2026-07-04T08:35:19,1923125,https://smotrim.ru/video/1923125,ok,,C:\Users\PeppermintButler\Desktop\Bachelorarbeit\Audio\transkripte\2019-07-17_1923125.txt
2026-07-04T08:48:13,1922748,https://smotrim.ru/video/1922748,ok,,C:\Users\PeppermintButler\Desktop\Bachelorarbeit\Audio\transkripte\2019-07-16_1922748.txt
2026-07-04T09:00:31,1914101,https://smotrim.ru/video/1914101,ok,,C:\Users\PeppermintButler\Desktop\Bachelorarbeit\Audio\transkripte\2019-06-20_1914101.txt
2026-07-04T09:13:35,1913784,https://smotrim.ru/video/1913784,ok,,C:\Users\PeppermintButler\Desktop\Bachelorarbeit\Audio\transkripte\2019-06-19_1913784.txt
2026-07-04T09:25:29,1913356,https://smotrim.ru/video/1913356,ok,,C:\Users\PeppermintButler\Desktop\Bachelorarbeit\Audio\transkripte\2019-06-18_1913356.txt
2026-07-04T09:38:02,1912970,https://smotrim.ru/video/1912970,ok,,C:\Users\PeppermintButler\Desktop\Bachelorarbeit\Audio\transkripte\2019-06-17_1912970.txt
2026-07-04T09:52:40,1912158,https://smotrim.ru/video/1912158,ok,,C:\Users\PeppermintButler\Desktop\Bachelorarbeit\Audio\transkripte\2019-06-14_1912158.txt
2026-07-04T10:04:24,1911737,https://smotrim.ru/video/1911737,ok,,C:\Users\PeppermintButler\Desktop\Bachelorarbeit\Audio\transkripte\2019-06-13_1911737.txt
2026-07-04T10:18:50,1911170,https://smotrim.ru/video/1911170,ok,,C:\Users\PeppermintButler\Desktop\Bachelorarbeit\Audio\transkripte\2019-06-11_1911170.txt
2026-07-04T10:32:30,1910782,https://smotrim.ru/video/1910782,ok,,C:\Users\PeppermintButler\Desktop\Bachelorarbeit\Audio\transkripte\2019-06-10_1910782.txt
2026-07-04T10:43:51,1909908,https://smotrim.ru/video/1909908,ok,,C:\Users\PeppermintButler\Desktop\Bachelorarbeit\Audio\transkripte\2019-06-07_1909908.txt
2026-07-04T10:58:38,1909430,https://smotrim.ru/video/1909430,ok,,C:\Users\PeppermintButler\Desktop\Bachelorarbeit\Audio\transkripte\2019-06-06_1909430.txt
2026-07-04T11:12:08,1908986,https://smotrim.ru/video/1908986,ok,,C:\Users\PeppermintButler\Desktop\Bachelorarbeit\Audio\transkripte\2019-06-05_1908986.txt
2026-07-04T11:24:28,1908558,https://smotrim.ru/video/1908558,ok,,C:\Users\PeppermintButler\Desktop\Bachelorarbeit\Audio\transkripte\2019-06-04_1908558.txt
2026-07-04T11:37:33,1908114,https://smotrim.ru/video/1908114,ok,,C:\Users\PeppermintButler\Desktop\Bachelorarbeit\Audio\transkripte\2019-06-03_1908114.txt
2026-07-04T11:50:10,1907328,https://smotrim.ru/video/1907328,ok,,C:\Users\PeppermintButler\Desktop\Bachelorarbeit\Audio\transkripte\2019-05-31_1907328.txt
2026-07-04T12:02:21,1906895,https://smotrim.ru/video/1906895,ok,,C:\Users\PeppermintButler\Desktop\Bachelorarbeit\Audio\transkripte\2019-05-30_1906895.txt
2026-07-04T12:15:47,1906424,https://smotrim.ru/video/1906424,ok,,C:\Users\PeppermintButler\Desktop\Bachelorarbeit\Audio\transkripte\2019-05-29_1906424.txt
2026-07-04T12:29:06,1906015,https://smotrim.ru/video/1906015,ok,,C:\Users\PeppermintButler\Desktop\Bachelorarbeit\Audio\transkripte\2019-05-28_1906015.txt
2026-07-04T14:19:59,1905600,https://smotrim.ru/video/1905600,fehler,Keine m3u8-URL gefunden,
2026-07-04T14:21:03,1905407,https://smotrim.ru/video/1905407,fehler,Keine m3u8-URL gefunden,
2026-07-04T14:22:07,1904753,https://smotrim.ru/video/1904753,fehler,Keine m3u8-URL gefunden,
2026-07-04T14:23:12,1904535,https://smotrim.ru/video/1904535,fehler,Keine m3u8-URL gefunden,
2026-07-04T14:24:16,1904306,https://smotrim.ru/video/1904306,fehler,Keine m3u8-URL gefunden,
2026-07-04T14:25:20,1904103,https://smotrim.ru/video/1904103,fehler,Keine m3u8-URL gefunden,
2026-07-04T14:26:24,1903876,https://smotrim.ru/video/1903876,fehler,Keine m3u8-URL gefunden,
2026-07-04T14:27:28,1903705,https://smotrim.ru/video/1903705,fehler,Keine m3u8-URL gefunden,
2026-07-04T14:28:33,1903472,https://smotrim.ru/video/1903472,fehler,Keine m3u8-URL gefunden,
2026-07-04T14:29:37,1903300,https://smotrim.ru/video/1903300,fehler,Keine m3u8-URL gefunden,
2026-07-04T14:30:41,1903061,https://smotrim.ru/video/1903061,fehler,Keine m3u8-URL gefunden,
2026-07-04T14:31:45,1902894,https://smotrim.ru/video/1902894,fehler,Keine m3u8-URL gefunden,
2026-07-04T14:32:49,1902182,https://smotrim.ru/video/1902182,fehler,Keine m3u8-URL gefunden,
2026-07-04T14:33:54,1901961,https://smotrim.ru/video/1901961,fehler,Keine m3u8-URL gefunden,
2026-07-04T14:34:58,1901719,https://smotrim.ru/video/1901719,fehler,Keine m3u8-URL gefunden,
2026-07-04T14:36:02,1901535,https://smotrim.ru/video/1901535,fehler,Keine m3u8-URL gefunden,
2026-07-04T14:37:06,1901294,https://smotrim.ru/video/1901294,fehler,Keine m3u8-URL gefunden,
2026-07-04T14:38:10,1901125,https://smotrim.ru/video/1901125,fehler,Keine m3u8-URL gefunden,
2026-07-04T14:39:14,1900866,https://smotrim.ru/video/1900866,fehler,Keine m3u8-URL gefunden,
2026-07-04T14:40:19,1900680,https://smotrim.ru/video/1900680,fehler,Keine m3u8-URL gefunden,
2026-07-04T14:41:23,1900440,https://smotrim.ru/video/1900440,fehler,Keine m3u8-URL gefunden,
2026-07-04T14:42:27,1900283,https://smotrim.ru/video/1900283,fehler,Keine m3u8-URL gefunden,
2026-07-04T14:43:31,1897113,https://smotrim.ru/video/1897113,fehler,Keine m3u8-URL gefunden,
2026-07-04T14:44:35,1896954,https://smotrim.ru/video/1896954,fehler,Keine m3u8-URL gefunden,
2026-07-04T14:45:39,1896716,https://smotrim.ru/video/1896716,fehler,Keine m3u8-URL gefunden,
2026-07-04T14:46:44,1896499,https://smotrim.ru/video/1896499,fehler,Keine m3u8-URL gefunden,
2026-07-04T14:47:48,1895892,https://smotrim.ru/video/1895892,fehler,Keine m3u8-URL gefunden,
2026-07-04T14:48:52,1895657,https://smotrim.ru/video/1895657,fehler,Keine m3u8-URL gefunden,
2026-07-04T14:49:56,1895395,https://smotrim.ru/video/1895395,fehler,Keine m3u8-URL gefunden,
2026-07-04T14:51:00,1895230,https://smotrim.ru/video/1895230,fehler,Keine m3u8-URL gefunden,
2026-07-04T14:52:04,1894984,https://smotrim.ru/video/1894984,fehler,Keine m3u8-URL gefunden,
2026-07-04T14:53:09,1894814,https://smotrim.ru/video/1894814,fehler,Keine m3u8-URL gefunden,
2026-07-04T14:54:13,1894554,https://smotrim.ru/video/1894554,fehler,Keine m3u8-URL gefunden,
2026-07-04T14:55:17,1894370,https://smotrim.ru/video/1894370,fehler,Keine m3u8-URL gefunden,
2026-07-04T14:56:21,1894127,https://smotrim.ru/video/1894127,fehler,Keine m3u8-URL gefunden,
2026-07-04T14:57:25,1893934,https://smotrim.ru/video/1893934,fehler,Keine m3u8-URL gefunden,
2026-07-04T14:58:29,1893249,https://smotrim.ru/video/1893249,fehler,Keine m3u8-URL gefunden,
2026-07-04T14:59:33,1893091,https://smotrim.ru/video/1893091,fehler,Keine m3u8-URL gefunden,
2026-07-04T15:00:38,1892825,https://smotrim.ru/video/1892825,fehler,Keine m3u8-URL gefunden,
2026-07-04T15:01:42,1892649,https://smotrim.ru/video/1892649,fehler,Keine m3u8-URL gefunden,
2026-07-04T15:02:46,1892382,https://smotrim.ru/video/1892382,fehler,Keine m3u8-URL gefunden,
2026-07-04T15:03:50,1892202,https://smotrim.ru/video/1892202,fehler,Keine m3u8-URL gefunden,
2026-07-04T15:04:54,1891938,https://smotrim.ru/video/1891938,fehler,Keine m3u8-URL gefunden,
2026-07-04T15:05:58,1891753,https://smotrim.ru/video/1891753,fehler,Keine m3u8-URL gefunden,
2026-07-04T15:07:03,1891512,https://smotrim.ru/video/1891512,fehler,Keine m3u8-URL gefunden,
2026-07-04T15:08:07,1891315,https://smotrim.ru/video/1891315,fehler,Keine m3u8-URL gefunden,
2026-07-04T15:09:11,1890703,https://smotrim.ru/video/1890703,fehler,Keine m3u8-URL gefunden,
2026-07-04T15:10:15,1890513,https://smotrim.ru/video/1890513,fehler,Keine m3u8-URL gefunden,
2026-07-04T15:11:19,1890237,https://smotrim.ru/video/1890237,fehler,Keine m3u8-URL gefunden,
2026-07-04T15:12:23,1890060,https://smotrim.ru/video/1890060,fehler,Keine m3u8-URL gefunden,
2026-07-04T15:13:28,1889780,https://smotrim.ru/video/1889780,fehler,Keine m3u8-URL gefunden,
2026-07-04T15:14:32,1889605,https://smotrim.ru/video/1889605,fehler,Keine m3u8-URL gefunden,
2026-07-04T15:15:36,1889334,https://smotrim.ru/video/1889334,fehler,Keine m3u8-URL gefunden,
2026-07-04T15:16:40,1889156,https://smotrim.ru/video/1889156,fehler,Keine m3u8-URL gefunden,
2026-07-04T15:17:44,1888940,https://smotrim.ru/video/1888940,fehler,Keine m3u8-URL gefunden,
2026-07-04T15:18:48,1888759,https://smotrim.ru/video/1888759,fehler,Keine m3u8-URL gefunden,
2026-07-04T15:19:53,1888222,https://smotrim.ru/video/1888222,fehler,Keine m3u8-URL gefunden,
2026-07-04T15:20:57,1888049,https://smotrim.ru/video/1888049,fehler,Keine m3u8-URL gefunden,
2026-07-04T15:22:01,1887799,https://smotrim.ru/video/1887799,fehler,Keine m3u8-URL gefunden,
2026-07-04T15:23:05,1887619,https://smotrim.ru/video/1887619,fehler,Keine m3u8-URL gefunden,
2026-07-04T15:24:09,1887415,https://smotrim.ru/video/1887415,fehler,Keine m3u8-URL gefunden,
2026-07-04T15:25:13,1887250,https://smotrim.ru/video/1887250,fehler,Keine m3u8-URL gefunden,
2026-07-04T15:26:18,1887004,https://smotrim.ru/video/1887004,fehler,Keine m3u8-URL gefunden,
2026-07-04T15:27:22,1886828,https://smotrim.ru/video/1886828,fehler,Keine m3u8-URL gefunden,
2026-07-04T15:28:26,1886598,https://smotrim.ru/video/1886598,fehler,Keine m3u8-URL gefunden,
2026-07-04T15:29:30,1886409,https://smotrim.ru/video/1886409,fehler,Keine m3u8-URL gefunden,
2026-07-04T15:30:34,1885808,https://smotrim.ru/video/1885808,fehler,Keine m3u8-URL gefunden,
2026-07-04T15:31:38,1885620,https://smotrim.ru/video/1885620,fehler,Keine m3u8-URL gefunden,
2026-07-04T15:32:43,1878163,https://smotrim.ru/video/1878163,fehler,Keine m3u8-URL gefunden,
2026-07-04T15:33:47,1877982,https://smotrim.ru/video/1877982,fehler,Keine m3u8-URL gefunden,
2026-07-04T15:34:51,1877759,https://smotrim.ru/video/1877759,fehler,Keine m3u8-URL gefunden,
2026-07-04T15:35:55,1877593,https://smotrim.ru/video/1877593,fehler,Keine m3u8-URL gefunden,
2026-07-04T15:36:59,1877373,https://smotrim.ru/video/1877373,fehler,Keine m3u8-URL gefunden,
2026-07-04T15:38:03,1877197,https://smotrim.ru/video/1877197,fehler,Keine m3u8-URL gefunden,
2026-07-04T15:39:07,1876657,https://smotrim.ru/video/1876657,fehler,Keine m3u8-URL gefunden,
2026-07-04T15:40:12,1876443,https://smotrim.ru/video/1876443,fehler,Keine m3u8-URL gefunden,
2026-07-04T15:41:16,1876217,https://smotrim.ru/video/1876217,fehler,Keine m3u8-URL gefunden,
2026-07-04T15:42:20,1876027,https://smotrim.ru/video/1876027,fehler,Keine m3u8-URL gefunden,
2026-07-04T15:43:24,1875763,https://smotrim.ru/video/1875763,fehler,Keine m3u8-URL gefunden,
2026-07-04T15:44:28,1875592,https://smotrim.ru/video/1875592,fehler,Keine m3u8-URL gefunden,
2026-07-04T15:45:32,1875360,https://smotrim.ru/video/1875360,fehler,Keine m3u8-URL gefunden,
2026-07-04T15:46:37,1875176,https://smotrim.ru/video/1875176,fehler,Keine m3u8-URL gefunden,
2026-07-04T15:47:41,1874951,https://smotrim.ru/video/1874951,fehler,Keine m3u8-URL gefunden,
2026-07-04T15:48:45,1874780,https://smotrim.ru/video/1874780,fehler,Keine m3u8-URL gefunden,
2026-07-04T15:49:49,1874277,https://smotrim.ru/video/1874277,fehler,Keine m3u8-URL gefunden,
2026-07-04T15:50:53,1874114,https://smotrim.ru/video/1874114,fehler,Keine m3u8-URL gefunden,
2026-07-04T15:51:57,1873877,https://smotrim.ru/video/1873877,fehler,Keine m3u8-URL gefunden,
2026-07-04T15:53:02,1873662,https://smotrim.ru/video/1873662,fehler,Keine m3u8-URL gefunden,
2026-07-04T15:54:06,1873469,https://smotrim.ru/video/1873469,fehler,Keine m3u8-URL gefunden,
2026-07-04T15:55:10,1873302,https://smotrim.ru/video/1873302,fehler,Keine m3u8-URL gefunden,
2026-07-04T15:56:14,1873260,https://smotrim.ru/video/1873260,fehler,Keine m3u8-URL gefunden,
2026-07-04T15:57:18,1873047,https://smotrim.ru/video/1873047,fehler,Keine m3u8-URL gefunden,
2026-07-04T15:58:22,1872870,https://smotrim.ru/video/1872870,fehler,Keine m3u8-URL gefunden,
2026-07-04T15:59:27,1872631,https://smotrim.ru/video/1872631,fehler,Keine m3u8-URL gefunden,
2026-07-04T16:00:31,1872443,https://smotrim.ru/video/1872443,fehler,Keine m3u8-URL gefunden,
2026-07-04T16:01:35,1871907,https://smotrim.ru/video/1871907,fehler,Keine m3u8-URL gefunden,
2026-07-04T16:02:39,1871721,https://smotrim.ru/video/1871721,fehler,Keine m3u8-URL gefunden,
2026-07-04T16:03:43,1871446,https://smotrim.ru/video/1871446,fehler,Keine m3u8-URL gefunden,
2026-07-04T16:04:47,1871254,https://smotrim.ru/video/1871254,fehler,Keine m3u8-URL gefunden,
2026-07-04T16:05:52,1871020,https://smotrim.ru/video/1871020,fehler,Keine m3u8-URL gefunden,
2026-07-04T16:06:56,1870875,https://smotrim.ru/video/1870875,fehler,Keine m3u8-URL gefunden,
2026-07-04T16:08:00,1870621,https://smotrim.ru/video/1870621,fehler,Keine m3u8-URL gefunden,
2026-07-04T16:09:04,1870458,https://smotrim.ru/video/1870458,fehler,Keine m3u8-URL gefunden,
2026-07-04T16:10:08,1870205,https://smotrim.ru/video/1870205,fehler,Keine m3u8-URL gefunden,
2026-07-04T16:11:12,1870010,https://smotrim.ru/video/1870010,fehler,Keine m3u8-URL gefunden,
2026-07-04T16:12:16,1869437,https://smotrim.ru/video/1869437,fehler,Keine m3u8-URL gefunden,
2026-07-04T16:13:21,1869251,https://smotrim.ru/video/1869251,fehler,Keine m3u8-URL gefunden,
2026-07-04T16:14:25,1869015,https://smotrim.ru/video/1869015,fehler,Keine m3u8-URL gefunden,
2026-07-04T16:15:29,1869008,https://smotrim.ru/video/1869008,fehler,Keine m3u8-URL gefunden,
2026-07-04T16:16:33,1868832,https://smotrim.ru/video/1868832,fehler,Keine m3u8-URL gefunden,
2026-07-04T16:17:37,1868576,https://smotrim.ru/video/1868576,fehler,Keine m3u8-URL gefunden,
2026-07-04T16:18:41,1868386,https://smotrim.ru/video/1868386,fehler,Keine m3u8-URL gefunden,
2026-07-04T16:19:46,1868135,https://smotrim.ru/video/1868135,fehler,Keine m3u8-URL gefunden,
2026-07-04T16:20:50,1867986,https://smotrim.ru/video/1867986,fehler,Keine m3u8-URL gefunden,
2026-07-04T16:21:54,1867775,https://smotrim.ru/video/1867775,fehler,Keine m3u8-URL gefunden,
2026-07-04T16:22:58,1867605,https://smotrim.ru/video/1867605,fehler,Keine m3u8-URL gefunden,
2026-07-04T16:24:02,1867060,https://smotrim.ru/video/1867060,fehler,Keine m3u8-URL gefunden,
2026-07-04T16:25:06,1866899,https://smotrim.ru/video/1866899,fehler,Keine m3u8-URL gefunden,
2026-07-04T16:26:11,1866668,https://smotrim.ru/video/1866668,fehler,Keine m3u8-URL gefunden,
2026-07-04T16:27:15,1866489,https://smotrim.ru/video/1866489,fehler,Keine m3u8-URL gefunden,
2026-07-04T16:28:19,1866265,https://smotrim.ru/video/1866265,fehler,Keine m3u8-URL gefunden,
2026-07-04T16:29:23,1866121,https://smotrim.ru/video/1866121,fehler,Keine m3u8-URL gefunden,
2026-07-04T16:30:27,1865885,https://smotrim.ru/video/1865885,fehler,Keine m3u8-URL gefunden,
2026-07-04T16:31:31,1865713,https://smotrim.ru/video/1865713,fehler,Keine m3u8-URL gefunden,
2026-07-04T16:32:35,1865479,https://smotrim.ru/video/1865479,fehler,Keine m3u8-URL gefunden,
2026-07-04T16:33:40,1865342,https://smotrim.ru/video/1865342,fehler,Keine m3u8-URL gefunden,
2026-07-04T16:34:44,1864784,https://smotrim.ru/video/1864784,fehler,Keine m3u8-URL gefunden,
2026-07-04T16:35:48,1864622,https://smotrim.ru/video/1864622,fehler,Keine m3u8-URL gefunden,
2026-07-04T16:36:52,1864366,https://smotrim.ru/video/1864366,fehler,Keine m3u8-URL gefunden,
2026-07-04T16:37:56,1864205,https://smotrim.ru/video/1864205,fehler,Keine m3u8-URL gefunden,
2026-07-04T16:39:00,1863967,https://smotrim.ru/video/1863967,fehler,Keine m3u8-URL gefunden,
2026-07-04T16:40:05,1863807,https://smotrim.ru/video/1863807,fehler,Keine m3u8-URL gefunden,
2026-07-04T16:41:09,1863586,https://smotrim.ru/video/1863586,fehler,Keine m3u8-URL gefunden,
2026-07-04T16:42:13,1863408,https://smotrim.ru/video/1863408,fehler,Keine m3u8-URL gefunden,
2026-07-04T16:43:17,1863180,https://smotrim.ru/video/1863180,fehler,Keine m3u8-URL gefunden,
2026-07-04T16:44:21,1862988,https://smotrim.ru/video/1862988,fehler,Keine m3u8-URL gefunden,
2026-07-04T16:45:25,1862522,https://smotrim.ru/video/1862522,fehler,Keine m3u8-URL gefunden,
2026-07-04T16:46:30,1862364,https://smotrim.ru/video/1862364,fehler,Keine m3u8-URL gefunden,
2026-07-04T16:47:34,1861923,https://smotrim.ru/video/1861923,fehler,Keine m3u8-URL gefunden,
2026-07-04T16:48:38,1861723,https://smotrim.ru/video/1861723,fehler,Keine m3u8-URL gefunden,
2026-07-04T16:49:42,1861533,https://smotrim.ru/video/1861533,fehler,Keine m3u8-URL gefunden,
2026-07-04T16:50:46,1861341,https://smotrim.ru/video/1861341,fehler,Keine m3u8-URL gefunden,
2026-07-04T16:51:50,1861179,https://smotrim.ru/video/1861179,fehler,Keine m3u8-URL gefunden,
2026-07-04T16:52:55,1860955,https://smotrim.ru/video/1860955,fehler,Keine m3u8-URL gefunden,
2026-07-04T16:53:59,1860799,https://smotrim.ru/video/1860799,fehler,Keine m3u8-URL gefunden,
2026-07-04T16:55:03,1860280,https://smotrim.ru/video/1860280,fehler,Keine m3u8-URL gefunden,
2026-07-04T16:56:07,1860125,https://smotrim.ru/video/1860125,fehler,Keine m3u8-URL gefunden,
2026-07-04T16:57:11,1859920,https://smotrim.ru/video/1859920,fehler,Keine m3u8-URL gefunden,
2026-07-04T16:58:15,1859761,https://smotrim.ru/video/1859761,fehler,Keine m3u8-URL gefunden,
2026-07-04T16:59:19,1859550,https://smotrim.ru/video/1859550,fehler,Keine m3u8-URL gefunden,
2026-07-04T17:00:24,1859410,https://smotrim.ru/video/1859410,fehler,Keine m3u8-URL gefunden,
2026-07-04T17:01:28,4003498,https://smotrim.ru/video/4003498,fehler,Keine m3u8-URL gefunden,
2026-07-04T17:02:32,3088811,https://smotrim.ru/video/3088811,fehler,Keine m3u8-URL gefunden,
2026-07-04T17:03:36,3088726,https://smotrim.ru/video/3088726,fehler,Keine m3u8-URL gefunden,
2026-07-04T17:04:40,3088354,https://smotrim.ru/video/3088354,fehler,Keine m3u8-URL gefunden,
2026-07-04T17:05:45,3087722,https://smotrim.ru/video/3087722,fehler,Keine m3u8-URL gefunden,
2026-07-04T17:06:49,3085353,https://smotrim.ru/video/3085353,fehler,Keine m3u8-URL gefunden,
2026-07-04T17:07:53,2252223,https://smotrim.ru/video/2252223,fehler,Keine m3u8-URL gefunden,
2026-07-04T17:08:57,2252090,https://smotrim.ru/video/2252090,fehler,Keine m3u8-URL gefunden,
2026-07-04T17:10:01,2251544,https://smotrim.ru/video/2251544,fehler,Keine m3u8-URL gefunden,
2026-07-04T17:11:05,2251429,https://smotrim.ru/video/2251429,fehler,Keine m3u8-URL gefunden,
2026-07-04T17:12:10,2251153,https://smotrim.ru/video/2251153,fehler,Keine m3u8-URL gefunden,
2026-07-04T17:13:14,2250807,https://smotrim.ru/video/2250807,fehler,Keine m3u8-URL gefunden,
2026-07-04T17:14:18,2250693,https://smotrim.ru/video/2250693,fehler,Keine m3u8-URL gefunden,
2026-07-04T17:15:22,2250467,https://smotrim.ru/video/2250467,fehler,Keine m3u8-URL gefunden,
2026-07-04T17:16:26,2250321,https://smotrim.ru/video/2250321,fehler,Keine m3u8-URL gefunden,
2026-07-04T17:17:30,2250054,https://smotrim.ru/video/2250054,fehler,Keine m3u8-URL gefunden,
2026-07-04T17:18:34,2249948,https://smotrim.ru/video/2249948,fehler,Keine m3u8-URL gefunden,
2026-07-04T17:19:39,2249365,https://smotrim.ru/video/2249365,fehler,Keine m3u8-URL gefunden,
2026-07-04T17:20:43,2249214,https://smotrim.ru/video/2249214,fehler,Keine m3u8-URL gefunden,
2026-07-04T17:21:47,2248949,https://smotrim.ru/video/2248949,fehler,Keine m3u8-URL gefunden,
2026-07-04T17:22:51,2248803,https://smotrim.ru/video/2248803,fehler,Keine m3u8-URL gefunden,
2026-07-04T17:23:55,2248562,https://smotrim.ru/video/2248562,fehler,Keine m3u8-URL gefunden,
2026-07-04T17:24:59,2248432,https://smotrim.ru/video/2248432,fehler,Keine m3u8-URL gefunden,
2026-07-04T17:26:04,2248216,https://smotrim.ru/video/2248216,fehler,Keine m3u8-URL gefunden,
2026-07-04T17:27:08,2248092,https://smotrim.ru/video/2248092,fehler,Keine m3u8-URL gefunden,
2026-07-04T17:28:12,2247876,https://smotrim.ru/video/2247876,fehler,Keine m3u8-URL gefunden,
2026-07-04T17:29:16,2247751,https://smotrim.ru/video/2247751,fehler,Keine m3u8-URL gefunden,
2026-07-04T17:30:20,2247171,https://smotrim.ru/video/2247171,fehler,Keine m3u8-URL gefunden,
2026-07-04T17:31:24,2247042,https://smotrim.ru/video/2247042,fehler,Keine m3u8-URL gefunden,
2026-07-04T17:32:29,2246822,https://smotrim.ru/video/2246822,fehler,Keine m3u8-URL gefunden,
2026-07-04T17:33:33,2246679,https://smotrim.ru/video/2246679,fehler,Keine m3u8-URL gefunden,
2026-07-04T17:34:37,2246436,https://smotrim.ru/video/2246436,fehler,Keine m3u8-URL gefunden,
2026-07-04T17:35:41,2246305,https://smotrim.ru/video/2246305,fehler,Keine m3u8-URL gefunden,
2026-07-04T17:36:45,2246075,https://smotrim.ru/video/2246075,fehler,Keine m3u8-URL gefunden,
2026-07-04T17:37:49,2245967,https://smotrim.ru/video/2245967,fehler,Keine m3u8-URL gefunden,
2026-07-04T17:38:53,2245704,https://smotrim.ru/video/2245704,fehler,Keine m3u8-URL gefunden,
2026-07-04T17:39:58,2245597,https://smotrim.ru/video/2245597,fehler,Keine m3u8-URL gefunden,
2026-07-04T17:41:02,2245017,https://smotrim.ru/video/2245017,fehler,Keine m3u8-URL gefunden,
2026-07-04T17:42:06,2244894,https://smotrim.ru/video/2244894,fehler,Keine m3u8-URL gefunden,
2026-07-04T17:43:10,2244668,https://smotrim.ru/video/2244668,fehler,Keine m3u8-URL gefunden,
2026-07-04T17:44:14,2244514,https://smotrim.ru/video/2244514,fehler,Keine m3u8-URL gefunden,
2026-07-04T17:45:18,2244295,https://smotrim.ru/video/2244295,fehler,Keine m3u8-URL gefunden,
2026-07-04T17:46:23,2244184,https://smotrim.ru/video/2244184,fehler,Keine m3u8-URL gefunden,
2026-07-04T17:47:27,2243940,https://smotrim.ru/video/2243940,fehler,Keine m3u8-URL gefunden,
2026-07-04T17:48:31,2243822,https://smotrim.ru/video/2243822,fehler,Keine m3u8-URL gefunden,
2026-07-04T17:49:35,2243596,https://smotrim.ru/video/2243596,fehler,Keine m3u8-URL gefunden,
2026-07-04T17:50:39,2243475,https://smotrim.ru/video/2243475,fehler,Keine m3u8-URL gefunden,
2026-07-04T17:51:43,2242863,https://smotrim.ru/video/2242863,fehler,Keine m3u8-URL gefunden,
2026-07-04T17:52:48,2242712,https://smotrim.ru/video/2242712,fehler,Keine m3u8-URL gefunden,
2026-07-04T17:53:52,2242444,https://smotrim.ru/video/2242444,fehler,Keine m3u8-URL gefunden,
2026-07-04T17:54:56,2242306,https://smotrim.ru/video/2242306,fehler,Keine m3u8-URL gefunden,
2026-07-04T17:56:00,2242060,https://smotrim.ru/video/2242060,fehler,Keine m3u8-URL gefunden,
2026-07-04T17:57:04,2241931,https://smotrim.ru/video/2241931,fehler,Keine m3u8-URL gefunden,
2026-07-04T17:58:08,2241706,https://smotrim.ru/video/2241706,fehler,Keine m3u8-URL gefunden,
2026-07-04T17:59:13,2241575,https://smotrim.ru/video/2241575,fehler,Keine m3u8-URL gefunden,
2026-07-04T18:00:17,2241323,https://smotrim.ru/video/2241323,fehler,Keine m3u8-URL gefunden,
2026-07-04T18:01:21,2241185,https://smotrim.ru/video/2241185,fehler,Keine m3u8-URL gefunden,
2026-07-04T18:02:25,2240597,https://smotrim.ru/video/2240597,fehler,Keine m3u8-URL gefunden,
2026-07-04T18:03:29,2240485,https://smotrim.ru/video/2240485,fehler,Keine m3u8-URL gefunden,
2026-07-04T18:04:33,2240208,https://smotrim.ru/video/2240208,fehler,Keine m3u8-URL gefunden,
2026-07-04T18:05:37,2240057,https://smotrim.ru/video/2240057,fehler,Keine m3u8-URL gefunden,
2026-07-04T18:06:42,2239842,https://smotrim.ru/video/2239842,fehler,Keine m3u8-URL gefunden,
2026-07-04T18:07:46,2239711,https://smotrim.ru/video/2239711,fehler,Keine m3u8-URL gefunden,
2026-07-04T18:08:50,2239503,https://smotrim.ru/video/2239503,fehler,Keine m3u8-URL gefunden,
2026-07-04T18:09:54,2239354,https://smotrim.ru/video/2239354,fehler,Keine m3u8-URL gefunden,
2026-07-04T18:10:58,2239142,https://smotrim.ru/video/2239142,fehler,Keine m3u8-URL gefunden,
2026-07-04T18:12:02,2238999,https://smotrim.ru/video/2238999,fehler,Keine m3u8-URL gefunden,
2026-07-04T18:13:07,2238428,https://smotrim.ru/video/2238428,fehler,Keine m3u8-URL gefunden,
2026-07-04T18:14:11,2238283,https://smotrim.ru/video/2238283,fehler,Keine m3u8-URL gefunden,
2026-07-04T18:15:15,2238050,https://smotrim.ru/video/2238050,fehler,Keine m3u8-URL gefunden,
2026-07-04T18:16:19,2237915,https://smotrim.ru/video/2237915,fehler,Keine m3u8-URL gefunden,
2026-07-04T18:17:23,2237459,https://smotrim.ru/video/2237459,fehler,Keine m3u8-URL gefunden,
2026-07-04T18:18:28,2237320,https://smotrim.ru/video/2237320,fehler,Keine m3u8-URL gefunden,
2026-07-04T18:19:32,2237091,https://smotrim.ru/video/2237091,fehler,Keine m3u8-URL gefunden,
2026-07-04T18:20:36,2236971,https://smotrim.ru/video/2236971,fehler,Keine m3u8-URL gefunden,
2026-07-04T18:21:40,2236343,https://smotrim.ru/video/2236343,fehler,Keine m3u8-URL gefunden,
2026-07-04T18:22:44,2236253,https://smotrim.ru/video/2236253,fehler,Keine m3u8-URL gefunden,
2026-07-04T18:23:48,2236215,https://smotrim.ru/video/2236215,fehler,Keine m3u8-URL gefunden,
2026-07-04T18:24:53,2236016,https://smotrim.ru/video/2236016,fehler,Keine m3u8-URL gefunden,
2026-07-04T18:25:57,2235864,https://smotrim.ru/video/2235864,fehler,Keine m3u8-URL gefunden,
2026-07-04T18:27:01,2235660,https://smotrim.ru/video/2235660,fehler,Keine m3u8-URL gefunden,
2026-07-04T18:41:40,1905600,https://smotrim.ru/video/1905600,ok,,C:\Users\PeppermintButler\Desktop\Bachelorarbeit\Audio\transkripte\2019-05-27_1905600.txt
2026-07-04T18:56:01,1904753,https://smotrim.ru/video/1904753,ok,,C:\Users\PeppermintButler\Desktop\Bachelorarbeit\Audio\transkripte\2019-05-24_1904753.txt
2026-07-04T19:10:03,1904306,https://smotrim.ru/video/1904306,ok,,C:\Users\PeppermintButler\Desktop\Bachelorarbeit\Audio\transkripte\2019-05-23_1904306.txt
2026-07-04T19:21:45,1903876,https://smotrim.ru/video/1903876,ok,,C:\Users\PeppermintButler\Desktop\Bachelorarbeit\Audio\transkripte\2019-05-22_1903876.txt
2026-07-04T19:34:42,1903472,https://smotrim.ru/video/1903472,ok,,C:\Users\PeppermintButler\Desktop\Bachelorarbeit\Audio\transkripte\2019-05-21_1903472.txt
2026-07-04T19:47:34,1903061,https://smotrim.ru/video/1903061,ok,,C:\Users\PeppermintButler\Desktop\Bachelorarbeit\Audio\transkripte\2019-05-20_1903061.txt
2026-07-04T20:00:33,1902182,https://smotrim.ru/video/1902182,ok,,C:\Users\PeppermintButler\Desktop\Bachelorarbeit\Audio\transkripte\2019-05-17_1902182.txt
2026-07-04T20:12:05,1901719,https://smotrim.ru/video/1901719,ok,,C:\Users\PeppermintButler\Desktop\Bachelorarbeit\Audio\transkripte\2019-05-16_1901719.txt
2026-07-04T20:24:55,1901294,https://smotrim.ru/video/1901294,ok,,C:\Users\PeppermintButler\Desktop\Bachelorarbeit\Audio\transkripte\2019-05-15_1901294.txt
2026-07-04T20:37:54,1900866,https://smotrim.ru/video/1900866,ok,,C:\Users\PeppermintButler\Desktop\Bachelorarbeit\Audio\transkripte\2019-05-14_1900866.txt
2026-07-04T20:50:51,1900440,https://smotrim.ru/video/1900440,ok,,C:\Users\PeppermintButler\Desktop\Bachelorarbeit\Audio\transkripte\2019-05-13_1900440.txt
2026-07-04T21:05:56,1897113,https://smotrim.ru/video/1897113,ok,,C:\Users\PeppermintButler\Desktop\Bachelorarbeit\Audio\transkripte\2019-04-30_1897113.txt
2026-07-04T21:19:44,1896716,https://smotrim.ru/video/1896716,ok,,C:\Users\PeppermintButler\Desktop\Bachelorarbeit\Audio\transkripte\2019-04-29_1896716.txt
2026-07-04T21:32:42,1895892,https://smotrim.ru/video/1895892,ok,,C:\Users\PeppermintButler\Desktop\Bachelorarbeit\Audio\transkripte\2019-04-26_1895892.txt
2026-07-04T21:44:41,1895395,https://smotrim.ru/video/1895395,ok,,C:\Users\PeppermintButler\Desktop\Bachelorarbeit\Audio\transkripte\2019-04-25_1895395.txt
2026-07-04T21:56:30,1894984,https://smotrim.ru/video/1894984,ok,,C:\Users\PeppermintButler\Desktop\Bachelorarbeit\Audio\transkripte\2019-04-24_1894984.txt
2026-07-04T22:08:49,1894554,https://smotrim.ru/video/1894554,ok,,C:\Users\PeppermintButler\Desktop\Bachelorarbeit\Audio\transkripte\2019-04-23_1894554.txt
2026-07-04T22:21:32,1894127,https://smotrim.ru/video/1894127,ok,,C:\Users\PeppermintButler\Desktop\Bachelorarbeit\Audio\transkripte\2019-04-22_1894127.txt
2026-07-04T22:34:22,1893249,https://smotrim.ru/video/1893249,ok,,C:\Users\PeppermintButler\Desktop\Bachelorarbeit\Audio\transkripte\2019-04-19_1893249.txt
2026-07-04T22:48:02,1892825,https://smotrim.ru/video/1892825,ok,,C:\Users\PeppermintButler\Desktop\Bachelorarbeit\Audio\transkripte\2019-04-18_1892825.txt
2026-07-04T23:03:36,1892382,https://smotrim.ru/video/1892382,ok,,C:\Users\PeppermintButler\Desktop\Bachelorarbeit\Audio\transkripte\2019-04-17_1892382.txt
2026-07-04T23:15:54,1891938,https://smotrim.ru/video/1891938,ok,,C:\Users\PeppermintButler\Desktop\Bachelorarbeit\Audio\transkripte\2019-04-16_1891938.txt
2026-07-04T23:28:39,1891512,https://smotrim.ru/video/1891512,ok,,C:\Users\PeppermintButler\Desktop\Bachelorarbeit\Audio\transkripte\2019-04-15_1891512.txt
2026-07-04T23:40:24,1890703,https://smotrim.ru/video/1890703,ok,,C:\Users\PeppermintButler\Desktop\Bachelorarbeit\Audio\transkripte\2019-04-12_1890703.txt
2026-07-04T23:52:47,1890237,https://smotrim.ru/video/1890237,ok,,C:\Users\PeppermintButler\Desktop\Bachelorarbeit\Audio\transkripte\2019-04-11_1890237.txt
2026-07-05T00:05:06,1889780,https://smotrim.ru/video/1889780,ok,,C:\Users\PeppermintButler\Desktop\Bachelorarbeit\Audio\transkripte\2019-04-10_1889780.txt
2026-07-05T00:16:04,1889334,https://smotrim.ru/video/1889334,ok,,C:\Users\PeppermintButler\Desktop\Bachelorarbeit\Audio\transkripte\2019-04-09_1889334.txt
2026-07-05T00:28:37,1888940,https://smotrim.ru/video/1888940,ok,,C:\Users\PeppermintButler\Desktop\Bachelorarbeit\Audio\transkripte\2019-04-08_1888940.txt
2026-07-05T00:40:02,1888222,https://smotrim.ru/video/1888222,ok,,C:\Users\PeppermintButler\Desktop\Bachelorarbeit\Audio\transkripte\2019-04-05_1888222.txt
2026-07-05T00:52:44,1887799,https://smotrim.ru/video/1887799,ok,,C:\Users\PeppermintButler\Desktop\Bachelorarbeit\Audio\transkripte\2019-04-04_1887799.txt
2026-07-05T01:04:15,1887415,https://smotrim.ru/video/1887415,ok,,C:\Users\PeppermintButler\Desktop\Bachelorarbeit\Audio\transkripte\2019-04-03_1887415.txt
2026-07-05T01:15:47,1887004,https://smotrim.ru/video/1887004,ok,,C:\Users\PeppermintButler\Desktop\Bachelorarbeit\Audio\transkripte\2019-04-02_1887004.txt
2026-07-05T01:29:24,1886598,https://smotrim.ru/video/1886598,ok,,C:\Users\PeppermintButler\Desktop\Bachelorarbeit\Audio\transkripte\2019-04-01_1886598.txt
2026-07-05T01:40:54,1885808,https://smotrim.ru/video/1885808,ok,,C:\Users\PeppermintButler\Desktop\Bachelorarbeit\Audio\transkripte\2019-03-29_1885808.txt
2026-07-05T01:52:08,1878163,https://smotrim.ru/video/1878163,ok,,C:\Users\PeppermintButler\Desktop\Bachelorarbeit\Audio\transkripte\2019-03-06_1878163.txt
2026-07-05T02:05:27,1877759,https://smotrim.ru/video/1877759,ok,,C:\Users\PeppermintButler\Desktop\Bachelorarbeit\Audio\transkripte\2019-03-05_1877759.txt
2026-07-05T02:18:28,1877373,https://smotrim.ru/video/1877373,ok,,C:\Users\PeppermintButler\Desktop\Bachelorarbeit\Audio\transkripte\2019-03-04_1877373.txt
2026-07-05T02:32:54,1876657,https://smotrim.ru/video/1876657,ok,,C:\Users\PeppermintButler\Desktop\Bachelorarbeit\Audio\transkripte\2019-03-01_1876657.txt
2026-07-05T02:45:50,1876217,https://smotrim.ru/video/1876217,ok,,C:\Users\PeppermintButler\Desktop\Bachelorarbeit\Audio\transkripte\2019-02-28_1876217.txt
2026-07-05T02:57:55,1875763,https://smotrim.ru/video/1875763,ok,,C:\Users\PeppermintButler\Desktop\Bachelorarbeit\Audio\transkripte\2019-02-27_1875763.txt
2026-07-05T03:08:46,1875360,https://smotrim.ru/video/1875360,ok,,C:\Users\PeppermintButler\Desktop\Bachelorarbeit\Audio\transkripte\2019-02-26_1875360.txt
2026-07-05T03:24:05,1874951,https://smotrim.ru/video/1874951,ok,,C:\Users\PeppermintButler\Desktop\Bachelorarbeit\Audio\transkripte\2019-02-25_1874951.txt
2026-07-05T03:36:43,1874277,https://smotrim.ru/video/1874277,ok,,C:\Users\PeppermintButler\Desktop\Bachelorarbeit\Audio\transkripte\2019-02-22_1874277.txt
2026-07-05T03:39:11,1873877,https://smotrim.ru/video/1873877,ok,,C:\Users\PeppermintButler\Desktop\Bachelorarbeit\Audio\transkripte\2019-02-21_1873877.txt
2026-07-05T03:51:57,1873469,https://smotrim.ru/video/1873469,ok,,C:\Users\PeppermintButler\Desktop\Bachelorarbeit\Audio\transkripte\2019-02-20_1873469.txt
2026-07-05T04:04:21,1873047,https://smotrim.ru/video/1873047,ok,,C:\Users\PeppermintButler\Desktop\Bachelorarbeit\Audio\transkripte\2019-02-19_1873047.txt
2026-07-05T04:18:57,1872631,https://smotrim.ru/video/1872631,ok,,C:\Users\PeppermintButler\Desktop\Bachelorarbeit\Audio\transkripte\2019-02-18_1872631.txt
2026-07-05T04:32:23,1871907,https://smotrim.ru/video/1871907,ok,,C:\Users\PeppermintButler\Desktop\Bachelorarbeit\Audio\transkripte\2019-02-15_1871907.txt
2026-07-05T04:44:49,1871446,https://smotrim.ru/video/1871446,ok,,C:\Users\PeppermintButler\Desktop\Bachelorarbeit\Audio\transkripte\2019-02-14_1871446.txt
2026-07-05T04:57:03,1871020,https://smotrim.ru/video/1871020,ok,,C:\Users\PeppermintButler\Desktop\Bachelorarbeit\Audio\transkripte\2019-02-13_1871020.txt
2026-07-05T05:11:20,1870621,https://smotrim.ru/video/1870621,ok,,C:\Users\PeppermintButler\Desktop\Bachelorarbeit\Audio\transkripte\2019-02-12_1870621.txt
2026-07-05T05:26:03,1870205,https://smotrim.ru/video/1870205,ok,,C:\Users\PeppermintButler\Desktop\Bachelorarbeit\Audio\transkripte\2019-02-11_1870205.txt
2026-07-05T05:38:51,1869437,https://smotrim.ru/video/1869437,ok,,C:\Users\PeppermintButler\Desktop\Bachelorarbeit\Audio\transkripte\2019-02-08_1869437.txt
2026-07-05T05:40:09,1869015,https://smotrim.ru/video/1869015,ok,,C:\Users\PeppermintButler\Desktop\Bachelorarbeit\Audio\transkripte\2019-02-07_1869015.txt
2026-07-05T05:52:43,1868576,https://smotrim.ru/video/1868576,ok,,C:\Users\PeppermintButler\Desktop\Bachelorarbeit\Audio\transkripte\2019-02-06_1868576.txt
2026-07-05T06:06:39,1868135,https://smotrim.ru/video/1868135,ok,,C:\Users\PeppermintButler\Desktop\Bachelorarbeit\Audio\transkripte\2019-02-05_1868135.txt
2026-07-05T06:20:05,1867775,https://smotrim.ru/video/1867775,ok,,C:\Users\PeppermintButler\Desktop\Bachelorarbeit\Audio\transkripte\2019-02-04_1867775.txt
2026-07-05T06:31:46,1867060,https://smotrim.ru/video/1867060,ok,,C:\Users\PeppermintButler\Desktop\Bachelorarbeit\Audio\transkripte\2019-02-01_1867060.txt
2026-07-05T06:44:16,1866668,https://smotrim.ru/video/1866668,ok,,C:\Users\PeppermintButler\Desktop\Bachelorarbeit\Audio\transkripte\2019-01-31_1866668.txt
2026-07-05T06:57:34,1866265,https://smotrim.ru/video/1866265,ok,,C:\Users\PeppermintButler\Desktop\Bachelorarbeit\Audio\transkripte\2019-01-30_1866265.txt
2026-07-05T07:10:46,1865885,https://smotrim.ru/video/1865885,ok,,C:\Users\PeppermintButler\Desktop\Bachelorarbeit\Audio\transkripte\2019-01-29_1865885.txt
2026-07-05T07:23:30,1865479,https://smotrim.ru/video/1865479,ok,,C:\Users\PeppermintButler\Desktop\Bachelorarbeit\Audio\transkripte\2019-01-28_1865479.txt
2026-07-05T07:38:16,1864784,https://smotrim.ru/video/1864784,ok,,C:\Users\PeppermintButler\Desktop\Bachelorarbeit\Audio\transkripte\2019-01-25_1864784.txt
2026-07-05T07:51:33,1864366,https://smotrim.ru/video/1864366,ok,,C:\Users\PeppermintButler\Desktop\Bachelorarbeit\Audio\transkripte\2019-01-24_1864366.txt
2026-07-05T08:06:15,1863967,https://smotrim.ru/video/1863967,ok,,C:\Users\PeppermintButler\Desktop\Bachelorarbeit\Audio\transkripte\2019-01-23_1863967.txt
2026-07-05T08:18:27,1863586,https://smotrim.ru/video/1863586,ok,,C:\Users\PeppermintButler\Desktop\Bachelorarbeit\Audio\transkripte\2019-01-22_1863586.txt
2026-07-05T08:33:19,1863180,https://smotrim.ru/video/1863180,ok,,C:\Users\PeppermintButler\Desktop\Bachelorarbeit\Audio\transkripte\2019-01-21_1863180.txt
2026-07-05T08:38:56,1862522,https://smotrim.ru/video/1862522,ok,,C:\Users\PeppermintButler\Desktop\Bachelorarbeit\Audio\transkripte\2019-01-18_1862522.txt
2026-07-05T08:52:32,1861923,https://smotrim.ru/video/1861923,ok,,C:\Users\PeppermintButler\Desktop\Bachelorarbeit\Audio\transkripte\2019-01-17_1861923.txt
2026-07-05T09:07:38,1861723,https://smotrim.ru/video/1861723,ok,,C:\Users\PeppermintButler\Desktop\Bachelorarbeit\Audio\transkripte\2019-01-16_1861723.txt
2026-07-05T09:21:31,1861341,https://smotrim.ru/video/1861341,ok,,C:\Users\PeppermintButler\Desktop\Bachelorarbeit\Audio\transkripte\2019-01-15_1861341.txt
2026-07-05T09:35:17,1860955,https://smotrim.ru/video/1860955,ok,,C:\Users\PeppermintButler\Desktop\Bachelorarbeit\Audio\transkripte\2019-01-14_1860955.txt
2026-07-05T09:49:40,1860280,https://smotrim.ru/video/1860280,ok,,C:\Users\PeppermintButler\Desktop\Bachelorarbeit\Audio\transkripte\2019-01-11_1860280.txt
2026-07-05T10:02:51,1859920,https://smotrim.ru/video/1859920,ok,,C:\Users\PeppermintButler\Desktop\Bachelorarbeit\Audio\transkripte\2019-01-10_1859920.txt
2026-07-05T10:17:56,1859550,https://smotrim.ru/video/1859550,ok,,C:\Users\PeppermintButler\Desktop\Bachelorarbeit\Audio\transkripte\2019-01-09_1859550.txt
2026-07-05T10:18:29,4003498,https://smotrim.ru/video/4003498,fehler,WAV nach 3 Versuchen nicht erzeugt: C:\Users\PeppermintButler\Desktop\Bachelorarbeit\Audio\roh\2019-unbekannt_4003498.wav,
2026-07-05T10:19:26,3088811,https://smotrim.ru/video/3088811,ok,,C:\Users\PeppermintButler\Desktop\Bachelorarbeit\Audio\transkripte\2019-unbekannt_3088811.txt
2026-07-05T10:35:10,2252223,https://smotrim.ru/video/2252223,ok,,C:\Users\PeppermintButler\Desktop\Bachelorarbeit\Audio\transkripte\2020-12-21_2252223.txt
2026-07-05T10:51:20,2251544,https://smotrim.ru/video/2251544,ok,,C:\Users\PeppermintButler\Desktop\Bachelorarbeit\Audio\transkripte\2020-12-18_2251544.txt
2026-07-05T11:13:27,2251153,https://smotrim.ru/video/2251153,ok,,C:\Users\PeppermintButler\Desktop\Bachelorarbeit\Audio\transkripte\2020-12-17_2251153.txt
2026-07-05T11:32:16,2250807,https://smotrim.ru/video/2250807,ok,,C:\Users\PeppermintButler\Desktop\Bachelorarbeit\Audio\transkripte\2020-12-16_2250807.txt
2026-07-05T11:46:56,2250467,https://smotrim.ru/video/2250467,ok,,C:\Users\PeppermintButler\Desktop\Bachelorarbeit\Audio\transkripte\2020-12-15_2250467.txt
2026-07-05T12:00:33,2250054,https://smotrim.ru/video/2250054,ok,,C:\Users\PeppermintButler\Desktop\Bachelorarbeit\Audio\transkripte\2020-12-14_2250054.txt
2026-07-05T12:14:01,2249365,https://smotrim.ru/video/2249365,ok,,C:\Users\PeppermintButler\Desktop\Bachelorarbeit\Audio\transkripte\2020-12-11_2249365.txt
2026-07-05T12:28:00,2248949,https://smotrim.ru/video/2248949,ok,,C:\Users\PeppermintButler\Desktop\Bachelorarbeit\Audio\transkripte\2020-12-10_2248949.txt
2026-07-05T12:44:23,2248562,https://smotrim.ru/video/2248562,ok,,C:\Users\PeppermintButler\Desktop\Bachelorarbeit\Audio\transkripte\2020-12-09_2248562.txt
2026-07-05T12:59:45,2248216,https://smotrim.ru/video/2248216,ok,,C:\Users\PeppermintButler\Desktop\Bachelorarbeit\Audio\transkripte\2020-12-08_2248216.txt
2026-07-05T13:14:39,2247876,https://smotrim.ru/video/2247876,ok,,C:\Users\PeppermintButler\Desktop\Bachelorarbeit\Audio\transkripte\2020-12-07_2247876.txt
2026-07-05T13:30:09,2247171,https://smotrim.ru/video/2247171,ok,,C:\Users\PeppermintButler\Desktop\Bachelorarbeit\Audio\transkripte\2020-12-04_2247171.txt
2026-07-05T13:47:33,2246822,https://smotrim.ru/video/2246822,ok,,C:\Users\PeppermintButler\Desktop\Bachelorarbeit\Audio\transkripte\2020-12-03_2246822.txt
2026-07-05T14:02:26,2246436,https://smotrim.ru/video/2246436,ok,,C:\Users\PeppermintButler\Desktop\Bachelorarbeit\Audio\transkripte\2020-12-02_2246436.txt
2026-07-05T14:17:32,2246075,https://smotrim.ru/video/2246075,ok,,C:\Users\PeppermintButler\Desktop\Bachelorarbeit\Audio\transkripte\2020-12-01_2246075.txt
2026-07-05T14:31:39,2245704,https://smotrim.ru/video/2245704,ok,,C:\Users\PeppermintButler\Desktop\Bachelorarbeit\Audio\transkripte\2020-11-30_2245704.txt
2026-07-05T14:46:19,2245017,https://smotrim.ru/video/2245017,ok,,C:\Users\PeppermintButler\Desktop\Bachelorarbeit\Audio\transkripte\2020-11-27_2245017.txt
2026-07-05T15:02:00,2244668,https://smotrim.ru/video/2244668,ok,,C:\Users\PeppermintButler\Desktop\Bachelorarbeit\Audio\transkripte\2020-11-26_2244668.txt
2026-07-05T15:16:13,2244295,https://smotrim.ru/video/2244295,ok,,C:\Users\PeppermintButler\Desktop\Bachelorarbeit\Audio\transkripte\2020-11-25_2244295.txt
2026-07-05T15:32:37,2243940,https://smotrim.ru/video/2243940,ok,,C:\Users\PeppermintButler\Desktop\Bachelorarbeit\Audio\transkripte\2020-11-24_2243940.txt
2026-07-05T15:46:57,2243596,https://smotrim.ru/video/2243596,ok,,C:\Users\PeppermintButler\Desktop\Bachelorarbeit\Audio\transkripte\2020-11-23_2243596.txt
2026-07-05T16:01:22,2242863,https://smotrim.ru/video/2242863,ok,,C:\Users\PeppermintButler\Desktop\Bachelorarbeit\Audio\transkripte\2020-11-20_2242863.txt
2026-07-05T16:16:28,2242444,https://smotrim.ru/video/2242444,ok,,C:\Users\PeppermintButler\Desktop\Bachelorarbeit\Audio\transkripte\2020-11-19_2242444.txt
2026-07-05T16:30:31,2242060,https://smotrim.ru/video/2242060,ok,,C:\Users\PeppermintButler\Desktop\Bachelorarbeit\Audio\transkripte\2020-11-18_2242060.txt
2026-07-05T16:44:00,2241706,https://smotrim.ru/video/2241706,ok,,C:\Users\PeppermintButler\Desktop\Bachelorarbeit\Audio\transkripte\2020-11-17_2241706.txt
2026-07-05T16:58:12,2241323,https://smotrim.ru/video/2241323,ok,,C:\Users\PeppermintButler\Desktop\Bachelorarbeit\Audio\transkripte\2020-11-16_2241323.txt
2026-07-05T17:12:54,2240597,https://smotrim.ru/video/2240597,ok,,C:\Users\PeppermintButler\Desktop\Bachelorarbeit\Audio\transkripte\2020-11-13_2240597.txt
2026-07-05T17:28:37,2240208,https://smotrim.ru/video/2240208,ok,,C:\Users\PeppermintButler\Desktop\Bachelorarbeit\Audio\transkripte\2020-11-12_2240208.txt
2026-07-05T17:43:15,2239842,https://smotrim.ru/video/2239842,ok,,C:\Users\PeppermintButler\Desktop\Bachelorarbeit\Audio\transkripte\2020-11-11_2239842.txt
2026-07-05T17:56:09,2239503,https://smotrim.ru/video/2239503,ok,,C:\Users\PeppermintButler\Desktop\Bachelorarbeit\Audio\transkripte\2020-11-10_2239503.txt
2026-07-05T18:11:33,2239142,https://smotrim.ru/video/2239142,ok,,C:\Users\PeppermintButler\Desktop\Bachelorarbeit\Audio\transkripte\2020-11-09_2239142.txt
2026-07-05T18:27:00,2238428,https://smotrim.ru/video/2238428,ok,,C:\Users\PeppermintButler\Desktop\Bachelorarbeit\Audio\transkripte\2020-11-06_2238428.txt
2026-07-05T18:42:17,2238050,https://smotrim.ru/video/2238050,ok,,C:\Users\PeppermintButler\Desktop\Bachelorarbeit\Audio\transkripte\2020-11-05_2238050.txt
2026-07-05T18:55:56,2237459,https://smotrim.ru/video/2237459,ok,,C:\Users\PeppermintButler\Desktop\Bachelorarbeit\Audio\transkripte\2020-11-03_2237459.txt
2026-07-05T19:10:20,2237091,https://smotrim.ru/video/2237091,ok,,C:\Users\PeppermintButler\Desktop\Bachelorarbeit\Audio\transkripte\2020-11-02_2237091.txt
2026-07-05T19:23:33,2236343,https://smotrim.ru/video/2236343,ok,,C:\Users\PeppermintButler\Desktop\Bachelorarbeit\Audio\transkripte\2020-10-30_2236343.txt
2026-07-05T19:38:23,2236016,https://smotrim.ru/video/2236016,ok,,C:\Users\PeppermintButler\Desktop\Bachelorarbeit\Audio\transkripte\2020-10-29_2236016.txt
2026-07-05T19:53:39,2235660,https://smotrim.ru/video/2235660,ok,,C:\Users\PeppermintButler\Desktop\Bachelorarbeit\Audio\transkripte\2020-10-28_2235660.txt
2026-07-05T20:09:24,2235329,https://smotrim.ru/video/2235329,ok,,C:\Users\PeppermintButler\Desktop\Bachelorarbeit\Audio\transkripte\2020-10-27_2235329.txt
2026-07-05T20:23:40,2234993,https://smotrim.ru/video/2234993,ok,,C:\Users\PeppermintButler\Desktop\Bachelorarbeit\Audio\transkripte\2020-10-26_2234993.txt
2026-07-05T20:38:23,2234289,https://smotrim.ru/video/2234289,ok,,C:\Users\PeppermintButler\Desktop\Bachelorarbeit\Audio\transkripte\2020-10-23_2234289.txt
2026-07-05T20:52:32,2233935,https://smotrim.ru/video/2233935,ok,,C:\Users\PeppermintButler\Desktop\Bachelorarbeit\Audio\transkripte\2020-10-22_2233935.txt
2026-07-05T21:07:54,2233612,https://smotrim.ru/video/2233612,ok,,C:\Users\PeppermintButler\Desktop\Bachelorarbeit\Audio\transkripte\2020-10-21_2233612.txt
2026-07-05T21:22:37,2233268,https://smotrim.ru/video/2233268,ok,,C:\Users\PeppermintButler\Desktop\Bachelorarbeit\Audio\transkripte\2020-10-20_2233268.txt
2026-07-05T21:37:08,2232926,https://smotrim.ru/video/2232926,ok,,C:\Users\PeppermintButler\Desktop\Bachelorarbeit\Audio\transkripte\2020-10-19_2232926.txt
2026-07-05T21:50:52,2232181,https://smotrim.ru/video/2232181,ok,,C:\Users\PeppermintButler\Desktop\Bachelorarbeit\Audio\transkripte\2020-10-16_2232181.txt
2026-07-05T22:06:20,2231815,https://smotrim.ru/video/2231815,ok,,C:\Users\PeppermintButler\Desktop\Bachelorarbeit\Audio\transkripte\2020-10-15_2231815.txt
2026-07-05T22:21:32,2231435,https://smotrim.ru/video/2231435,ok,,C:\Users\PeppermintButler\Desktop\Bachelorarbeit\Audio\transkripte\2020-10-14_2231435.txt
2026-07-05T22:22:29,2231127,https://smotrim.ru/video/2231127,ok,,C:\Users\PeppermintButler\Desktop\Bachelorarbeit\Audio\transkripte\2020-10-13_2231127.txt
2026-07-05T22:36:37,2230760,https://smotrim.ru/video/2230760,ok,,C:\Users\PeppermintButler\Desktop\Bachelorarbeit\Audio\transkripte\2020-10-12_2230760.txt
2026-07-05T22:50:45,2230079,https://smotrim.ru/video/2230079,ok,,C:\Users\PeppermintButler\Desktop\Bachelorarbeit\Audio\transkripte\2020-10-09_2230079.txt
2026-07-05T23:07:08,2229732,https://smotrim.ru/video/2229732,ok,,C:\Users\PeppermintButler\Desktop\Bachelorarbeit\Audio\transkripte\2020-10-08_2229732.txt
2026-07-05T23:23:34,2229338,https://smotrim.ru/video/2229338,ok,,C:\Users\PeppermintButler\Desktop\Bachelorarbeit\Audio\transkripte\2020-10-07_2229338.txt
2026-07-05T23:38:25,2228983,https://smotrim.ru/video/2228983,ok,,C:\Users\PeppermintButler\Desktop\Bachelorarbeit\Audio\transkripte\2020-10-06_2228983.txt
2026-07-05T23:54:51,2228641,https://smotrim.ru/video/2228641,ok,,C:\Users\PeppermintButler\Desktop\Bachelorarbeit\Audio\transkripte\2020-10-05_2228641.txt
2026-07-06T00:09:51,2227995,https://smotrim.ru/video/2227995,ok,,C:\Users\PeppermintButler\Desktop\Bachelorarbeit\Audio\transkripte\2020-10-02_2227995.txt
2026-07-06T00:24:49,2227601,https://smotrim.ru/video/2227601,ok,,C:\Users\PeppermintButler\Desktop\Bachelorarbeit\Audio\transkripte\2020-10-01_2227601.txt
2026-07-06T00:39:31,2227247,https://smotrim.ru/video/2227247,ok,,C:\Users\PeppermintButler\Desktop\Bachelorarbeit\Audio\transkripte\2020-09-30_2227247.txt
2026-07-06T00:51:58,2226892,https://smotrim.ru/video/2226892,ok,,C:\Users\PeppermintButler\Desktop\Bachelorarbeit\Audio\transkripte\2020-09-29_2226892.txt
2026-07-06T01:07:27,2226547,https://smotrim.ru/video/2226547,ok,,C:\Users\PeppermintButler\Desktop\Bachelorarbeit\Audio\transkripte\2020-09-28_2226547.txt
2026-07-06T01:20:46,2225799,https://smotrim.ru/video/2225799,ok,,C:\Users\PeppermintButler\Desktop\Bachelorarbeit\Audio\transkripte\2020-09-25_2225799.txt
2026-07-06T01:36:03,2225409,https://smotrim.ru/video/2225409,ok,,C:\Users\PeppermintButler\Desktop\Bachelorarbeit\Audio\transkripte\2020-09-24_2225409.txt
2026-07-06T01:50:05,2225062,https://smotrim.ru/video/2225062,ok,,C:\Users\PeppermintButler\Desktop\Bachelorarbeit\Audio\transkripte\2020-09-23_2225062.txt
2026-07-06T02:04:13,2224710,https://smotrim.ru/video/2224710,ok,,C:\Users\PeppermintButler\Desktop\Bachelorarbeit\Audio\transkripte\2020-09-22_2224710.txt
2026-07-06T02:20:10,2224350,https://smotrim.ru/video/2224350,ok,,C:\Users\PeppermintButler\Desktop\Bachelorarbeit\Audio\transkripte\2020-09-21_2224350.txt
2026-07-06T02:36:04,2223662,https://smotrim.ru/video/2223662,ok,,C:\Users\PeppermintButler\Desktop\Bachelorarbeit\Audio\transkripte\2020-09-18_2223662.txt
2026-07-06T02:49:43,2223273,https://smotrim.ru/video/2223273,ok,,C:\Users\PeppermintButler\Desktop\Bachelorarbeit\Audio\transkripte\2020-09-17_2223273.txt
2026-07-06T03:05:19,2222904,https://smotrim.ru/video/2222904,ok,,C:\Users\PeppermintButler\Desktop\Bachelorarbeit\Audio\transkripte\2020-09-16_2222904.txt
2026-07-06T03:18:58,2222570,https://smotrim.ru/video/2222570,ok,,C:\Users\PeppermintButler\Desktop\Bachelorarbeit\Audio\transkripte\2020-09-15_2222570.txt
2026-07-06T03:35:29,2222220,https://smotrim.ru/video/2222220,ok,,C:\Users\PeppermintButler\Desktop\Bachelorarbeit\Audio\transkripte\2020-09-14_2222220.txt
2026-07-06T03:49:07,2221553,https://smotrim.ru/video/2221553,ok,,C:\Users\PeppermintButler\Desktop\Bachelorarbeit\Audio\transkripte\2020-09-11_2221553.txt
2026-07-06T04:04:22,2221164,https://smotrim.ru/video/2221164,ok,,C:\Users\PeppermintButler\Desktop\Bachelorarbeit\Audio\transkripte\2020-09-10_2221164.txt
2026-07-06T04:19:21,2220818,https://smotrim.ru/video/2220818,ok,,C:\Users\PeppermintButler\Desktop\Bachelorarbeit\Audio\transkripte\2020-09-09_2220818.txt
2026-07-06T04:32:23,2220473,https://smotrim.ru/video/2220473,ok,,C:\Users\PeppermintButler\Desktop\Bachelorarbeit\Audio\transkripte\2020-09-08_2220473.txt
2026-07-06T04:48:55,2220133,https://smotrim.ru/video/2220133,ok,,C:\Users\PeppermintButler\Desktop\Bachelorarbeit\Audio\transkripte\2020-09-07_2220133.txt
2026-07-06T05:04:43,2219100,https://smotrim.ru/video/2219100,ok,,C:\Users\PeppermintButler\Desktop\Bachelorarbeit\Audio\transkripte\2020-09-03_2219100.txt
2026-07-06T05:19:22,2218722,https://smotrim.ru/video/2218722,ok,,C:\Users\PeppermintButler\Desktop\Bachelorarbeit\Audio\transkripte\2020-09-02_2218722.txt
2026-07-06T05:33:22,2218011,https://smotrim.ru/video/2218011,ok,,C:\Users\PeppermintButler\Desktop\Bachelorarbeit\Audio\transkripte\2020-08-31_2218011.txt
2026-07-06T05:48:08,2217450,https://smotrim.ru/video/2217450,ok,,C:\Users\PeppermintButler\Desktop\Bachelorarbeit\Audio\transkripte\2020-08-28_2217450.txt
2026-07-06T06:03:23,2217104,https://smotrim.ru/video/2217104,ok,,C:\Users\PeppermintButler\Desktop\Bachelorarbeit\Audio\transkripte\2020-08-27_2217104.txt
2026-07-06T06:19:08,2216777,https://smotrim.ru/video/2216777,ok,,C:\Users\PeppermintButler\Desktop\Bachelorarbeit\Audio\transkripte\2020-08-26_2216777.txt
2026-07-06T06:35:58,2216493,https://smotrim.ru/video/2216493,ok,,C:\Users\PeppermintButler\Desktop\Bachelorarbeit\Audio\transkripte\2020-08-25_2216493.txt
2026-07-06T06:49:36,2216188,https://smotrim.ru/video/2216188,ok,,C:\Users\PeppermintButler\Desktop\Bachelorarbeit\Audio\transkripte\2020-08-24_2216188.txt
2026-07-06T07:04:09,2215659,https://smotrim.ru/video/2215659,ok,,C:\Users\PeppermintButler\Desktop\Bachelorarbeit\Audio\transkripte\2020-08-21_2215659.txt
2026-07-06T07:20:11,2215338,https://smotrim.ru/video/2215338,ok,,C:\Users\PeppermintButler\Desktop\Bachelorarbeit\Audio\transkripte\2020-08-20_2215338.txt
2026-07-06T07:35:28,2214967,https://smotrim.ru/video/2214967,ok,,C:\Users\PeppermintButler\Desktop\Bachelorarbeit\Audio\transkripte\2020-08-19_2214967.txt
2026-07-06T07:52:01,2214646,https://smotrim.ru/video/2214646,ok,,C:\Users\PeppermintButler\Desktop\Bachelorarbeit\Audio\transkripte\2020-08-18_2214646.txt
2026-07-06T08:07:22,2214354,https://smotrim.ru/video/2214354,ok,,C:\Users\PeppermintButler\Desktop\Bachelorarbeit\Audio\transkripte\2020-08-17_2214354.txt
2026-07-06T08:22:06,2213808,https://smotrim.ru/video/2213808,ok,,C:\Users\PeppermintButler\Desktop\Bachelorarbeit\Audio\transkripte\2020-08-14_2213808.txt
2026-07-06T08:23:34,2213533,https://smotrim.ru/video/2213533,ok,,C:\Users\PeppermintButler\Desktop\Bachelorarbeit\Audio\transkripte\2020-08-13_2213533.txt
2026-07-06T08:38:51,2213076,https://smotrim.ru/video/2213076,ok,,C:\Users\PeppermintButler\Desktop\Bachelorarbeit\Audio\transkripte\2020-08-12_2213076.txt
2026-07-06T08:53:57,2212806,https://smotrim.ru/video/2212806,ok,,C:\Users\PeppermintButler\Desktop\Bachelorarbeit\Audio\transkripte\2020-08-11_2212806.txt
2026-07-06T09:08:56,2212507,https://smotrim.ru/video/2212507,ok,,C:\Users\PeppermintButler\Desktop\Bachelorarbeit\Audio\transkripte\2020-08-10_2212507.txt
2026-07-06T09:24:33,2211947,https://smotrim.ru/video/2211947,ok,,C:\Users\PeppermintButler\Desktop\Bachelorarbeit\Audio\transkripte\2020-08-07_2211947.txt
2026-07-06T09:40:10,2211671,https://smotrim.ru/video/2211671,ok,,C:\Users\PeppermintButler\Desktop\Bachelorarbeit\Audio\transkripte\2020-08-06_2211671.txt
2026-07-06T09:54:44,2211331,https://smotrim.ru/video/2211331,ok,,C:\Users\PeppermintButler\Desktop\Bachelorarbeit\Audio\transkripte\2020-08-05_2211331.txt
2026-07-06T10:08:54,2211019,https://smotrim.ru/video/2211019,ok,,C:\Users\PeppermintButler\Desktop\Bachelorarbeit\Audio\transkripte\2020-08-04_2211019.txt
2026-07-06T10:25:44,2210756,https://smotrim.ru/video/2210756,ok,,C:\Users\PeppermintButler\Desktop\Bachelorarbeit\Audio\transkripte\2020-08-03_2210756.txt
2026-07-06T10:40:43,2210237,https://smotrim.ru/video/2210237,ok,,C:\Users\PeppermintButler\Desktop\Bachelorarbeit\Audio\transkripte\2020-07-31_2210237.txt
2026-07-06T10:55:20,2209907,https://smotrim.ru/video/2209907,ok,,C:\Users\PeppermintButler\Desktop\Bachelorarbeit\Audio\transkripte\2020-07-30_2209907.txt
2026-07-06T11:08:53,2209604,https://smotrim.ru/video/2209604,ok,,C:\Users\PeppermintButler\Desktop\Bachelorarbeit\Audio\transkripte\2020-07-29_2209604.txt
2026-07-06T11:22:43,2209323,https://smotrim.ru/video/2209323,ok,,C:\Users\PeppermintButler\Desktop\Bachelorarbeit\Audio\transkripte\2020-07-28_2209323.txt
2026-07-06T11:38:08,2209010,https://smotrim.ru/video/2209010,ok,,C:\Users\PeppermintButler\Desktop\Bachelorarbeit\Audio\transkripte\2020-07-27_2209010.txt
2026-07-06T11:52:57,2208506,https://smotrim.ru/video/2208506,ok,,C:\Users\PeppermintButler\Desktop\Bachelorarbeit\Audio\transkripte\2020-07-24_2208506.txt
2026-07-06T12:07:09,2208126,https://smotrim.ru/video/2208126,ok,,C:\Users\PeppermintButler\Desktop\Bachelorarbeit\Audio\transkripte\2020-07-23_2208126.txt
2026-07-06T12:21:19,2207806,https://smotrim.ru/video/2207806,ok,,C:\Users\PeppermintButler\Desktop\Bachelorarbeit\Audio\transkripte\2020-07-22_2207806.txt
2026-07-06T12:34:33,2207523,https://smotrim.ru/video/2207523,ok,,C:\Users\PeppermintButler\Desktop\Bachelorarbeit\Audio\transkripte\2020-07-21_2207523.txt
2026-07-06T12:49:19,2207235,https://smotrim.ru/video/2207235,ok,,C:\Users\PeppermintButler\Desktop\Bachelorarbeit\Audio\transkripte\2020-07-20_2207235.txt
2026-07-06T13:05:20,2206722,https://smotrim.ru/video/2206722,ok,,C:\Users\PeppermintButler\Desktop\Bachelorarbeit\Audio\transkripte\2020-07-17_2206722.txt
2026-07-06T13:20:32,2206445,https://smotrim.ru/video/2206445,ok,,C:\Users\PeppermintButler\Desktop\Bachelorarbeit\Audio\transkripte\2020-07-16_2206445.txt
2026-07-06T13:36:54,2206137,https://smotrim.ru/video/2206137,ok,,C:\Users\PeppermintButler\Desktop\Bachelorarbeit\Audio\transkripte\2020-07-15_2206137.txt
2026-07-06T13:52:30,2205870,https://smotrim.ru/video/2205870,ok,,C:\Users\PeppermintButler\Desktop\Bachelorarbeit\Audio\transkripte\2020-07-14_2205870.txt
2026-07-06T14:08:08,2205581,https://smotrim.ru/video/2205581,ok,,C:\Users\PeppermintButler\Desktop\Bachelorarbeit\Audio\transkripte\2020-07-13_2205581.txt
2026-07-06T14:23:36,2204982,https://smotrim.ru/video/2204982,ok,,C:\Users\PeppermintButler\Desktop\Bachelorarbeit\Audio\transkripte\2020-07-10_2204982.txt
2026-07-06T14:38:09,2204688,https://smotrim.ru/video/2204688,ok,,C:\Users\PeppermintButler\Desktop\Bachelorarbeit\Audio\transkripte\2020-07-09_2204688.txt
2026-07-06T14:52:57,2204362,https://smotrim.ru/video/2204362,ok,,C:\Users\PeppermintButler\Desktop\Bachelorarbeit\Audio\transkripte\2020-07-08_2204362.txt
2026-07-06T15:07:31,2204021,https://smotrim.ru/video/2204021,ok,,C:\Users\PeppermintButler\Desktop\Bachelorarbeit\Audio\transkripte\2020-07-07_2204021.txt
2026-07-06T15:21:09,2203670,https://smotrim.ru/video/2203670,ok,,C:\Users\PeppermintButler\Desktop\Bachelorarbeit\Audio\transkripte\2020-07-06_2203670.txt
2026-07-06T15:34:55,2202929,https://smotrim.ru/video/2202929,ok,,C:\Users\PeppermintButler\Desktop\Bachelorarbeit\Audio\transkripte\2020-07-03_2202929.txt
2026-07-06T15:49:28,2202505,https://smotrim.ru/video/2202505,ok,,C:\Users\PeppermintButler\Desktop\Bachelorarbeit\Audio\transkripte\2020-07-02_2202505.txt
2026-07-06T16:02:49,2201667,https://smotrim.ru/video/2201667,ok,,C:\Users\PeppermintButler\Desktop\Bachelorarbeit\Audio\transkripte\2020-06-30_2201667.txt
2026-07-06T16:17:51,2201230,https://smotrim.ru/video/2201230,ok,,C:\Users\PeppermintButler\Desktop\Bachelorarbeit\Audio\transkripte\2020-06-29_2201230.txt
2026-07-06T16:33:08,2200018,https://smotrim.ru/video/2200018,ok,,C:\Users\PeppermintButler\Desktop\Bachelorarbeit\Audio\transkripte\2020-06-25_2200018.txt
2026-07-06T16:40:51,2199284,https://smotrim.ru/video/2199284,ok,,C:\Users\PeppermintButler\Desktop\Bachelorarbeit\Audio\transkripte\2020-06-23_2199284.txt
2026-07-06T16:55:07,2198084,https://smotrim.ru/video/2198084,ok,,C:\Users\PeppermintButler\Desktop\Bachelorarbeit\Audio\transkripte\2020-06-19_2198084.txt
2026-07-06T17:09:24,2197651,https://smotrim.ru/video/2197651,ok,,C:\Users\PeppermintButler\Desktop\Bachelorarbeit\Audio\transkripte\2020-06-18_2197651.txt
2026-07-06T17:21:39,2197190,https://smotrim.ru/video/2197190,ok,,C:\Users\PeppermintButler\Desktop\Bachelorarbeit\Audio\transkripte\2020-06-17_2197190.txt
2026-07-06T17:36:43,2196768,https://smotrim.ru/video/2196768,ok,,C:\Users\PeppermintButler\Desktop\Bachelorarbeit\Audio\transkripte\2020-06-16_2196768.txt
2026-07-06T17:51:05,2196347,https://smotrim.ru/video/2196347,ok,,C:\Users\PeppermintButler\Desktop\Bachelorarbeit\Audio\transkripte\2020-06-15_2196347.txt
2026-07-06T18:05:33,2195351,https://smotrim.ru/video/2195351,ok,,C:\Users\PeppermintButler\Desktop\Bachelorarbeit\Audio\transkripte\2020-06-11_2195351.txt
2026-07-06T18:19:26,2194897,https://smotrim.ru/video/2194897,ok,,C:\Users\PeppermintButler\Desktop\Bachelorarbeit\Audio\transkripte\2020-06-10_2194897.txt
2026-07-06T18:34:14,2178470,https://smotrim.ru/video/2178470,ok,,C:\Users\PeppermintButler\Desktop\Bachelorarbeit\Audio\transkripte\2020-06-09_2178470.txt
2026-07-06T18:51:31,2168532,https://smotrim.ru/video/2168532,ok,,C:\Users\PeppermintButler\Desktop\Bachelorarbeit\Audio\transkripte\2020-06-08_2168532.txt
2026-07-06T19:07:26,2166549,https://smotrim.ru/video/2166549,ok,,C:\Users\PeppermintButler\Desktop\Bachelorarbeit\Audio\transkripte\2020-06-05_2166549.txt
2026-07-06T19:23:23,2165931,https://smotrim.ru/video/2165931,fehler,Keine m3u8-URL gefunden,
2026-07-06T19:23:45,2165931,https://smotrim.ru/video/2165931,ok,,C:\Users\PeppermintButler\Desktop\Bachelorarbeit\Audio\transkripte\2020-06-04_2165931.txt
2026-07-06T19:27:32,2165789,https://smotrim.ru/video/2165789,ok,,C:\Users\PeppermintButler\Desktop\Bachelorarbeit\Audio\transkripte\2020-06-04_2165789.txt
2026-07-06T19:46:25,2157633,https://smotrim.ru/video/2157633,ok,,C:\Users\PeppermintButler\Desktop\Bachelorarbeit\Audio\transkripte\2020-06-02_2157633.txt
2026-07-06T19:50:41,2153047,https://smotrim.ru/video/2153047,ok,,C:\Users\PeppermintButler\Desktop\Bachelorarbeit\Audio\transkripte\2020-06-01_2153047.txt
2026-07-06T19:54:50,2152172,https://smotrim.ru/video/2152172,ok,,C:\Users\PeppermintButler\Desktop\Bachelorarbeit\Audio\transkripte\2020-05-29_2152172.txt
2026-07-06T19:58:59,2151714,https://smotrim.ru/video/2151714,ok,,C:\Users\PeppermintButler\Desktop\Bachelorarbeit\Audio\transkripte\2020-05-28_2151714.txt
2026-07-06T20:02:46,2151229,https://smotrim.ru/video/2151229,ok,,C:\Users\PeppermintButler\Desktop\Bachelorarbeit\Audio\transkripte\2020-05-27_2151229.txt
2026-07-06T20:47:21,2150796,https://smotrim.ru/video/2150796,ok,,C:\Users\PeppermintButler\Desktop\Bachelorarbeit\Audio\transkripte\2020-05-26_2150796.txt
2026-07-06T20:51:32,2150343,https://smotrim.ru/video/2150343,ok,,C:\Users\PeppermintButler\Desktop\Bachelorarbeit\Audio\transkripte\2020-05-25_2150343.txt
2026-07-06T20:55:46,2149455,https://smotrim.ru/video/2149455,ok,,C:\Users\PeppermintButler\Desktop\Bachelorarbeit\Audio\transkripte\2020-05-22_2149455.txt
2026-07-06T20:59:45,2148950,https://smotrim.ru/video/2148950,ok,,C:\Users\PeppermintButler\Desktop\Bachelorarbeit\Audio\transkripte\2020-05-21_2148950.txt
2026-07-07T08:17:47,1980422,https://smotrim.ru/video/1980422,ok,,C:\Users\PeppermintButler\Desktop\Bachelorarbeit\Audio\transkripte\2019-12-27_1980422.txt
2026-07-07T08:22:12,1980257,https://smotrim.ru/video/1980257,ok,,C:\Users\PeppermintButler\Desktop\Bachelorarbeit\Audio\transkripte\2019-12-26_1980257.txt
2026-07-07T08:26:10,1979745,https://smotrim.ru/video/1979745,ok,,C:\Users\PeppermintButler\Desktop\Bachelorarbeit\Audio\transkripte\2019-12-25_1979745.txt
2026-07-07T08:30:01,1979342,https://smotrim.ru/video/1979342,ok,,C:\Users\PeppermintButler\Desktop\Bachelorarbeit\Audio\transkripte\2019-12-24_1979342.txt
2026-07-07T08:33:40,1978945,https://smotrim.ru/video/1978945,ok,,C:\Users\PeppermintButler\Desktop\Bachelorarbeit\Audio\transkripte\2019-12-23_1978945.txt
2026-07-07T08:37:40,1977877,https://smotrim.ru/video/1977877,ok,,C:\Users\PeppermintButler\Desktop\Bachelorarbeit\Audio\transkripte\2019-12-20_1977877.txt
2026-07-07T08:39:32,1977494,https://smotrim.ru/video/1977494,ok,,C:\Users\PeppermintButler\Desktop\Bachelorarbeit\Audio\transkripte\2019-12-19_1977494.txt
2026-07-07T08:43:05,1977010,https://smotrim.ru/video/1977010,ok,,C:\Users\PeppermintButler\Desktop\Bachelorarbeit\Audio\transkripte\2019-12-18_1977010.txt
2026-07-07T08:47:17,1976603,https://smotrim.ru/video/1976603,ok,,C:\Users\PeppermintButler\Desktop\Bachelorarbeit\Audio\transkripte\2019-12-17_1976603.txt
2026-07-07T08:50:47,1976189,https://smotrim.ru/video/1976189,ok,,C:\Users\PeppermintButler\Desktop\Bachelorarbeit\Audio\transkripte\2019-12-16_1976189.txt
2026-07-07T08:55:45,1974829,https://smotrim.ru/video/1974829,ok,,C:\Users\PeppermintButler\Desktop\Bachelorarbeit\Audio\transkripte\2019-12-12_1974829.txt
2026-07-07T08:59:38,1974383,https://smotrim.ru/video/1974383,ok,,C:\Users\PeppermintButler\Desktop\Bachelorarbeit\Audio\transkripte\2019-12-11_1974383.txt
2026-07-07T09:03:15,1973947,https://smotrim.ru/video/1973947,ok,,C:\Users\PeppermintButler\Desktop\Bachelorarbeit\Audio\transkripte\2019-12-10_1973947.txt
2026-07-07T09:06:43,1973498,https://smotrim.ru/video/1973498,ok,,C:\Users\PeppermintButler\Desktop\Bachelorarbeit\Audio\transkripte\2019-12-09_1973498.txt
2026-07-07T09:10:43,1972533,https://smotrim.ru/video/1972533,ok,,C:\Users\PeppermintButler\Desktop\Bachelorarbeit\Audio\transkripte\2019-12-06_1972533.txt
2026-07-07T09:14:32,1971538,https://smotrim.ru/video/1971538,ok,,C:\Users\PeppermintButler\Desktop\Bachelorarbeit\Audio\transkripte\2019-12-04_1971538.txt
2026-07-07T09:17:59,1971096,https://smotrim.ru/video/1971096,ok,,C:\Users\PeppermintButler\Desktop\Bachelorarbeit\Audio\transkripte\2019-12-03_1971096.txt
2026-07-07T09:21:33,1970659,https://smotrim.ru/video/1970659,ok,,C:\Users\PeppermintButler\Desktop\Bachelorarbeit\Audio\transkripte\2019-12-02_1970659.txt
2026-07-07T09:25:31,1969797,https://smotrim.ru/video/1969797,ok,,C:\Users\PeppermintButler\Desktop\Bachelorarbeit\Audio\transkripte\2019-11-29_1969797.txt
2026-07-07T09:29:22,1969357,https://smotrim.ru/video/1969357,ok,,C:\Users\PeppermintButler\Desktop\Bachelorarbeit\Audio\transkripte\2019-11-28_1969357.txt
2026-07-07T09:34:17,1968912,https://smotrim.ru/video/1968912,ok,,C:\Users\PeppermintButler\Desktop\Bachelorarbeit\Audio\transkripte\2019-11-27_1968912.txt
2026-07-07T09:38:13,1968427,https://smotrim.ru/video/1968427,ok,,C:\Users\PeppermintButler\Desktop\Bachelorarbeit\Audio\transkripte\2019-11-26_1968427.txt
2026-07-07T09:42:15,1967994,https://smotrim.ru/video/1967994,ok,,C:\Users\PeppermintButler\Desktop\Bachelorarbeit\Audio\transkripte\2019-11-25_1967994.txt
2026-07-07T09:45:48,1967132,https://smotrim.ru/video/1967132,ok,,C:\Users\PeppermintButler\Desktop\Bachelorarbeit\Audio\transkripte\2019-11-22_1967132.txt
2026-07-07T09:49:40,1966638,https://smotrim.ru/video/1966638,ok,,C:\Users\PeppermintButler\Desktop\Bachelorarbeit\Audio\transkripte\2019-11-21_1966638.txt
2026-07-07T09:54:24,1966092,https://smotrim.ru/video/1966092,ok,,C:\Users\PeppermintButler\Desktop\Bachelorarbeit\Audio\transkripte\2019-11-20_1966092.txt
2026-07-07T09:58:47,1965622,https://smotrim.ru/video/1965622,ok,,C:\Users\PeppermintButler\Desktop\Bachelorarbeit\Audio\transkripte\2019-11-19_1965622.txt
2026-07-07T10:02:33,1965183,https://smotrim.ru/video/1965183,ok,,C:\Users\PeppermintButler\Desktop\Bachelorarbeit\Audio\transkripte\2019-11-18_1965183.txt
2026-07-07T10:06:13,1964304,https://smotrim.ru/video/1964304,ok,,C:\Users\PeppermintButler\Desktop\Bachelorarbeit\Audio\transkripte\2019-11-15_1964304.txt
2026-07-07T10:10:38,1963817,https://smotrim.ru/video/1963817,ok,,C:\Users\PeppermintButler\Desktop\Bachelorarbeit\Audio\transkripte\2019-11-14_1963817.txt
2026-07-07T10:14:13,1963373,https://smotrim.ru/video/1963373,ok,,C:\Users\PeppermintButler\Desktop\Bachelorarbeit\Audio\transkripte\2019-11-13_1963373.txt
2026-07-07T10:17:35,1962944,https://smotrim.ru/video/1962944,ok,,C:\Users\PeppermintButler\Desktop\Bachelorarbeit\Audio\transkripte\2019-11-12_1962944.txt
2026-07-07T10:21:36,1962530,https://smotrim.ru/video/1962530,ok,,C:\Users\PeppermintButler\Desktop\Bachelorarbeit\Audio\transkripte\2019-11-11_1962530.txt
2026-07-07T10:26:22,1961676,https://smotrim.ru/video/1961676,ok,,C:\Users\PeppermintButler\Desktop\Bachelorarbeit\Audio\transkripte\2019-11-08_1961676.txt
2026-07-07T10:30:28,1961264,https://smotrim.ru/video/1961264,ok,,C:\Users\PeppermintButler\Desktop\Bachelorarbeit\Audio\transkripte\2019-11-07_1961264.txt
2026-07-07T10:35:15,1960825,https://smotrim.ru/video/1960825,ok,,C:\Users\PeppermintButler\Desktop\Bachelorarbeit\Audio\transkripte\2019-11-06_1960825.txt
2026-07-07T10:38:48,1960399,https://smotrim.ru/video/1960399,ok,,C:\Users\PeppermintButler\Desktop\Bachelorarbeit\Audio\transkripte\2019-11-05_1960399.txt
2026-07-07T10:43:30,1959479,https://smotrim.ru/video/1959479,ok,,C:\Users\PeppermintButler\Desktop\Bachelorarbeit\Audio\transkripte\2019-11-01_1959479.txt
2026-07-07T10:47:15,1959077,https://smotrim.ru/video/1959077,ok,,C:\Users\PeppermintButler\Desktop\Bachelorarbeit\Audio\transkripte\2019-10-31_1959077.txt
2026-07-07T10:50:40,1958664,https://smotrim.ru/video/1958664,ok,,C:\Users\PeppermintButler\Desktop\Bachelorarbeit\Audio\transkripte\2019-10-30_1958664.txt
2026-07-07T10:54:28,1958234,https://smotrim.ru/video/1958234,ok,,C:\Users\PeppermintButler\Desktop\Bachelorarbeit\Audio\transkripte\2019-10-29_1958234.txt
2026-07-07T10:57:47,1957812,https://smotrim.ru/video/1957812,ok,,C:\Users\PeppermintButler\Desktop\Bachelorarbeit\Audio\transkripte\2019-10-28_1957812.txt
2026-07-07T11:01:31,1957014,https://smotrim.ru/video/1957014,ok,,C:\Users\PeppermintButler\Desktop\Bachelorarbeit\Audio\transkripte\2019-10-25_1957014.txt
2026-07-07T11:04:54,1956577,https://smotrim.ru/video/1956577,ok,,C:\Users\PeppermintButler\Desktop\Bachelorarbeit\Audio\transkripte\2019-10-24_1956577.txt
2026-07-07T11:08:36,1956140,https://smotrim.ru/video/1956140,ok,,C:\Users\PeppermintButler\Desktop\Bachelorarbeit\Audio\transkripte\2019-10-23_1956140.txt
2026-07-07T11:12:58,1955727,https://smotrim.ru/video/1955727,ok,,C:\Users\PeppermintButler\Desktop\Bachelorarbeit\Audio\transkripte\2019-10-22_1955727.txt
2026-07-07T11:17:30,1955318,https://smotrim.ru/video/1955318,ok,,C:\Users\PeppermintButler\Desktop\Bachelorarbeit\Audio\transkripte\2019-10-21_1955318.txt
2026-07-07T11:20:53,1954451,https://smotrim.ru/video/1954451,ok,,C:\Users\PeppermintButler\Desktop\Bachelorarbeit\Audio\transkripte\2019-10-18_1954451.txt
2026-07-07T11:24:34,1954063,https://smotrim.ru/video/1954063,ok,,C:\Users\PeppermintButler\Desktop\Bachelorarbeit\Audio\transkripte\2019-10-17_1954063.txt
2026-07-07T11:28:31,1953671,https://smotrim.ru/video/1953671,ok,,C:\Users\PeppermintButler\Desktop\Bachelorarbeit\Audio\transkripte\2019-10-16_1953671.txt
2026-07-07T11:32:20,1953284,https://smotrim.ru/video/1953284,ok,,C:\Users\PeppermintButler\Desktop\Bachelorarbeit\Audio\transkripte\2019-10-15_1953284.txt
2026-07-07T11:36:28,1952908,https://smotrim.ru/video/1952908,ok,,C:\Users\PeppermintButler\Desktop\Bachelorarbeit\Audio\transkripte\2019-10-14_1952908.txt
2026-07-07T11:39:55,1952097,https://smotrim.ru/video/1952097,ok,,C:\Users\PeppermintButler\Desktop\Bachelorarbeit\Audio\transkripte\2019-10-11_1952097.txt
2026-07-07T12:23:36,1951239,https://smotrim.ru/video/1951239,ok,,C:\Users\PeppermintButler\Desktop\Bachelorarbeit\Audio\transkripte\2019-10-09_1951239.txt
2026-07-07T12:27:50,1950853,https://smotrim.ru/video/1950853,ok,,C:\Users\PeppermintButler\Desktop\Bachelorarbeit\Audio\transkripte\2019-10-08_1950853.txt
2026-07-07T12:31:19,1950451,https://smotrim.ru/video/1950451,ok,,C:\Users\PeppermintButler\Desktop\Bachelorarbeit\Audio\transkripte\2019-10-07_1950451.txt
2026-07-07T12:34:54,1949633,https://smotrim.ru/video/1949633,ok,,C:\Users\PeppermintButler\Desktop\Bachelorarbeit\Audio\transkripte\2019-10-04_1949633.txt
2026-07-07T12:38:22,1949234,https://smotrim.ru/video/1949234,ok,,C:\Users\PeppermintButler\Desktop\Bachelorarbeit\Audio\transkripte\2019-10-03_1949234.txt
2026-07-07T12:41:42,1948803,https://smotrim.ru/video/1948803,ok,,C:\Users\PeppermintButler\Desktop\Bachelorarbeit\Audio\transkripte\2019-10-02_1948803.txt
2026-07-07T12:45:11,1948379,https://smotrim.ru/video/1948379,ok,,C:\Users\PeppermintButler\Desktop\Bachelorarbeit\Audio\transkripte\2019-10-01_1948379.txt
2026-07-07T12:48:25,1947944,https://smotrim.ru/video/1947944,ok,,C:\Users\PeppermintButler\Desktop\Bachelorarbeit\Audio\transkripte\2019-09-30_1947944.txt
2026-07-07T12:51:46,1947119,https://smotrim.ru/video/1947119,ok,,C:\Users\PeppermintButler\Desktop\Bachelorarbeit\Audio\transkripte\2019-09-27_1947119.txt
2026-07-07T12:55:30,1946720,https://smotrim.ru/video/1946720,ok,,C:\Users\PeppermintButler\Desktop\Bachelorarbeit\Audio\transkripte\2019-09-26_1946720.txt
2026-07-07T12:58:30,1946291,https://smotrim.ru/video/1946291,ok,,C:\Users\PeppermintButler\Desktop\Bachelorarbeit\Audio\transkripte\2019-09-25_1946291.txt
2026-07-07T13:01:44,1945881,https://smotrim.ru/video/1945881,ok,,C:\Users\PeppermintButler\Desktop\Bachelorarbeit\Audio\transkripte\2019-09-24_1945881.txt
2026-07-07T13:05:05,1945475,https://smotrim.ru/video/1945475,ok,,C:\Users\PeppermintButler\Desktop\Bachelorarbeit\Audio\transkripte\2019-09-23_1945475.txt
2026-07-07T13:08:14,1944636,https://smotrim.ru/video/1944636,ok,,C:\Users\PeppermintButler\Desktop\Bachelorarbeit\Audio\transkripte\2019-09-20_1944636.txt
2026-07-07T13:11:42,1944220,https://smotrim.ru/video/1944220,ok,,C:\Users\PeppermintButler\Desktop\Bachelorarbeit\Audio\transkripte\2019-09-19_1944220.txt
2026-07-07T13:14:56,1943835,https://smotrim.ru/video/1943835,ok,,C:\Users\PeppermintButler\Desktop\Bachelorarbeit\Audio\transkripte\2019-09-18_1943835.txt
2026-07-07T13:19:13,1943436,https://smotrim.ru/video/1943436,ok,,C:\Users\PeppermintButler\Desktop\Bachelorarbeit\Audio\transkripte\2019-09-17_1943436.txt
2026-07-07T13:22:45,1943058,https://smotrim.ru/video/1943058,ok,,C:\Users\PeppermintButler\Desktop\Bachelorarbeit\Audio\transkripte\2019-09-16_1943058.txt
2026-07-07T13:25:57,1942220,https://smotrim.ru/video/1942220,ok,,C:\Users\PeppermintButler\Desktop\Bachelorarbeit\Audio\transkripte\2019-09-13_1942220.txt
2026-07-07T13:29:25,1941825,https://smotrim.ru/video/1941825,ok,,C:\Users\PeppermintButler\Desktop\Bachelorarbeit\Audio\transkripte\2019-09-12_1941825.txt
2026-07-07T13:32:27,1941407,https://smotrim.ru/video/1941407,ok,,C:\Users\PeppermintButler\Desktop\Bachelorarbeit\Audio\transkripte\2019-09-11_1941407.txt
2026-07-07T13:35:46,1940988,https://smotrim.ru/video/1940988,ok,,C:\Users\PeppermintButler\Desktop\Bachelorarbeit\Audio\transkripte\2019-09-10_1940988.txt
2026-07-07T13:39:02,1940613,https://smotrim.ru/video/1940613,ok,,C:\Users\PeppermintButler\Desktop\Bachelorarbeit\Audio\transkripte\2019-09-09_1940613.txt
2026-07-07T13:42:37,1939794,https://smotrim.ru/video/1939794,ok,,C:\Users\PeppermintButler\Desktop\Bachelorarbeit\Audio\transkripte\2019-09-06_1939794.txt
2026-07-07T13:43:00,1939440,https://smotrim.ru/video/1939440,ok,,C:\Users\PeppermintButler\Desktop\Bachelorarbeit\Audio\transkripte\2019-09-05_1939440.txt
2026-07-07T13:46:37,1938946,https://smotrim.ru/video/1938946,ok,,C:\Users\PeppermintButler\Desktop\Bachelorarbeit\Audio\transkripte\2019-09-04_1938946.txt
2026-07-07T13:49:46,1938459,https://smotrim.ru/video/1938459,ok,,C:\Users\PeppermintButler\Desktop\Bachelorarbeit\Audio\transkripte\2019-09-03_1938459.txt
2026-07-07T13:53:27,1938078,https://smotrim.ru/video/1938078,ok,,C:\Users\PeppermintButler\Desktop\Bachelorarbeit\Audio\transkripte\2019-09-02_1938078.txt
2026-07-07T13:56:37,1937340,https://smotrim.ru/video/1937340,ok,,C:\Users\PeppermintButler\Desktop\Bachelorarbeit\Audio\transkripte\2019-08-30_1937340.txt
2026-07-07T13:59:51,1936930,https://smotrim.ru/video/1936930,ok,,C:\Users\PeppermintButler\Desktop\Bachelorarbeit\Audio\transkripte\2019-08-29_1936930.txt
2026-07-07T14:02:58,1936506,https://smotrim.ru/video/1936506,ok,,C:\Users\PeppermintButler\Desktop\Bachelorarbeit\Audio\transkripte\2019-08-28_1936506.txt
2026-07-07T14:06:10,1936058,https://smotrim.ru/video/1936058,ok,,C:\Users\PeppermintButler\Desktop\Bachelorarbeit\Audio\transkripte\2019-08-27_1936058.txt
2026-07-07T14:09:15,1935679,https://smotrim.ru/video/1935679,ok,,C:\Users\PeppermintButler\Desktop\Bachelorarbeit\Audio\transkripte\2019-08-26_1935679.txt
2026-07-07T14:12:19,1934964,https://smotrim.ru/video/1934964,ok,,C:\Users\PeppermintButler\Desktop\Bachelorarbeit\Audio\transkripte\2019-08-23_1934964.txt
2026-07-07T14:15:38,1934550,https://smotrim.ru/video/1934550,ok,,C:\Users\PeppermintButler\Desktop\Bachelorarbeit\Audio\transkripte\2019-08-22_1934550.txt
2026-07-07T14:19:02,1934180,https://smotrim.ru/video/1934180,ok,,C:\Users\PeppermintButler\Desktop\Bachelorarbeit\Audio\transkripte\2019-08-21_1934180.txt
2026-07-07T14:22:21,1933791,https://smotrim.ru/video/1933791,ok,,C:\Users\PeppermintButler\Desktop\Bachelorarbeit\Audio\transkripte\2019-08-20_1933791.txt
2026-07-07T14:25:29,1933418,https://smotrim.ru/video/1933418,ok,,C:\Users\PeppermintButler\Desktop\Bachelorarbeit\Audio\transkripte\2019-08-19_1933418.txt
2026-07-07T14:29:56,1932734,https://smotrim.ru/video/1932734,ok,,C:\Users\PeppermintButler\Desktop\Bachelorarbeit\Audio\transkripte\2019-08-16_1932734.txt
2026-07-07T14:32:41,1932339,https://smotrim.ru/video/1932339,ok,,C:\Users\PeppermintButler\Desktop\Bachelorarbeit\Audio\transkripte\2019-08-15_1932339.txt
2026-07-07T14:35:44,1931956,https://smotrim.ru/video/1931956,ok,,C:\Users\PeppermintButler\Desktop\Bachelorarbeit\Audio\transkripte\2019-08-14_1931956.txt
2026-07-07T14:39:13,1931595,https://smotrim.ru/video/1931595,ok,,C:\Users\PeppermintButler\Desktop\Bachelorarbeit\Audio\transkripte\2019-08-13_1931595.txt
2026-07-07T14:42:56,1931200,https://smotrim.ru/video/1931200,ok,,C:\Users\PeppermintButler\Desktop\Bachelorarbeit\Audio\transkripte\2019-08-12_1931200.txt
2026-07-07T14:46:06,1930485,https://smotrim.ru/video/1930485,ok,,C:\Users\PeppermintButler\Desktop\Bachelorarbeit\Audio\transkripte\2019-08-09_1930485.txt
2026-07-07T14:49:41,1930073,https://smotrim.ru/video/1930073,ok,,C:\Users\PeppermintButler\Desktop\Bachelorarbeit\Audio\transkripte\2019-08-08_1930073.txt
2026-07-07T14:53:26,1929678,https://smotrim.ru/video/1929678,ok,,C:\Users\PeppermintButler\Desktop\Bachelorarbeit\Audio\transkripte\2019-08-07_1929678.txt
2026-07-07T14:57:02,1929293,https://smotrim.ru/video/1929293,ok,,C:\Users\PeppermintButler\Desktop\Bachelorarbeit\Audio\transkripte\2019-08-06_1929293.txt
2026-07-07T15:00:20,1928917,https://smotrim.ru/video/1928917,ok,,C:\Users\PeppermintButler\Desktop\Bachelorarbeit\Audio\transkripte\2019-08-05_1928917.txt
2026-07-07T15:03:50,1928242,https://smotrim.ru/video/1928242,ok,,C:\Users\PeppermintButler\Desktop\Bachelorarbeit\Audio\transkripte\2019-08-02_1928242.txt
2026-07-07T15:06:59,1927852,https://smotrim.ru/video/1927852,ok,,C:\Users\PeppermintButler\Desktop\Bachelorarbeit\Audio\transkripte\2019-08-01_1927852.txt
2026-07-07T15:10:23,1927428,https://smotrim.ru/video/1927428,ok,,C:\Users\PeppermintButler\Desktop\Bachelorarbeit\Audio\transkripte\2019-07-31_1927428.txt
2026-07-07T15:13:58,1927016,https://smotrim.ru/video/1927016,ok,,C:\Users\PeppermintButler\Desktop\Bachelorarbeit\Audio\transkripte\2019-07-30_1927016.txt
2026-07-07T15:17:08,1926620,https://smotrim.ru/video/1926620,ok,,C:\Users\PeppermintButler\Desktop\Bachelorarbeit\Audio\transkripte\2019-07-29_1926620.txt
2026-07-07T15:20:13,1925963,https://smotrim.ru/video/1925963,ok,,C:\Users\PeppermintButler\Desktop\Bachelorarbeit\Audio\transkripte\2019-07-26_1925963.txt
2026-07-07T15:23:25,1925743,https://smotrim.ru/video/1925743,ok,,C:\Users\PeppermintButler\Desktop\Bachelorarbeit\Audio\transkripte\2019-07-25_1925743.txt
2026-07-07T15:26:32,1925180,https://smotrim.ru/video/1925180,ok,,C:\Users\PeppermintButler\Desktop\Bachelorarbeit\Audio\transkripte\2019-07-24_1925180.txt
2026-07-07T15:30:04,1924806,https://smotrim.ru/video/1924806,ok,,C:\Users\PeppermintButler\Desktop\Bachelorarbeit\Audio\transkripte\2019-07-23_1924806.txt
2026-07-07T15:33:42,1924409,https://smotrim.ru/video/1924409,ok,,C:\Users\PeppermintButler\Desktop\Bachelorarbeit\Audio\transkripte\2019-07-22_1924409.txt
2026-07-07T15:36:37,1923728,https://smotrim.ru/video/1923728,ok,,C:\Users\PeppermintButler\Desktop\Bachelorarbeit\Audio\transkripte\2019-07-19_1923728.txt
2026-07-07T15:40:01,1923336,https://smotrim.ru/video/1923336,ok,,C:\Users\PeppermintButler\Desktop\Bachelorarbeit\Audio\transkripte\2019-07-18_1923336.txt
2026-07-07T15:44:20,1922972,https://smotrim.ru/video/1922972,ok,,C:\Users\PeppermintButler\Desktop\Bachelorarbeit\Audio\transkripte\2019-07-17_1922972.txt
2026-07-07T15:47:45,1922584,https://smotrim.ru/video/1922584,ok,,C:\Users\PeppermintButler\Desktop\Bachelorarbeit\Audio\transkripte\2019-07-16_1922584.txt
2026-07-07T15:48:33,1922398,https://smotrim.ru/video/1922398,ok,,C:\Users\PeppermintButler\Desktop\Bachelorarbeit\Audio\transkripte\2019-07-15_1922398.txt
2026-07-07T15:51:47,1921505,https://smotrim.ru/video/1921505,ok,,C:\Users\PeppermintButler\Desktop\Bachelorarbeit\Audio\transkripte\2019-07-12_1921505.txt
2026-07-07T15:55:06,1920903,https://smotrim.ru/video/1920903,ok,,C:\Users\PeppermintButler\Desktop\Bachelorarbeit\Audio\transkripte\2019-07-10_1920903.txt
2026-07-07T15:58:42,1920502,https://smotrim.ru/video/1920502,ok,,C:\Users\PeppermintButler\Desktop\Bachelorarbeit\Audio\transkripte\2019-07-09_1920502.txt
2026-07-07T16:01:45,1920127,https://smotrim.ru/video/1920127,ok,,C:\Users\PeppermintButler\Desktop\Bachelorarbeit\Audio\transkripte\2019-07-08_1920127.txt
2026-07-07T16:05:02,1919415,https://smotrim.ru/video/1919415,ok,,C:\Users\PeppermintButler\Desktop\Bachelorarbeit\Audio\transkripte\2019-07-05_1919415.txt
2026-07-07T16:08:34,1918966,https://smotrim.ru/video/1918966,ok,,C:\Users\PeppermintButler\Desktop\Bachelorarbeit\Audio\transkripte\2019-07-04_1918966.txt
2026-07-07T16:12:19,1918518,https://smotrim.ru/video/1918518,ok,,C:\Users\PeppermintButler\Desktop\Bachelorarbeit\Audio\transkripte\2019-07-03_1918518.txt
2026-07-07T16:15:44,1918119,https://smotrim.ru/video/1918119,ok,,C:\Users\PeppermintButler\Desktop\Bachelorarbeit\Audio\transkripte\2019-07-02_1918119.txt
2026-07-07T16:19:09,1917747,https://smotrim.ru/video/1917747,ok,,C:\Users\PeppermintButler\Desktop\Bachelorarbeit\Audio\transkripte\2019-07-01_1917747.txt
2026-07-07T16:22:38,1916947,https://smotrim.ru/video/1916947,ok,,C:\Users\PeppermintButler\Desktop\Bachelorarbeit\Audio\transkripte\2019-06-28_1916947.txt
2026-07-07T16:26:02,1916537,https://smotrim.ru/video/1916537,ok,,C:\Users\PeppermintButler\Desktop\Bachelorarbeit\Audio\transkripte\2019-06-27_1916537.txt
2026-07-07T16:29:14,1916073,https://smotrim.ru/video/1916073,ok,,C:\Users\PeppermintButler\Desktop\Bachelorarbeit\Audio\transkripte\2019-06-26_1916073.txt
2026-07-07T16:32:38,1915658,https://smotrim.ru/video/1915658,ok,,C:\Users\PeppermintButler\Desktop\Bachelorarbeit\Audio\transkripte\2019-06-25_1915658.txt
2026-07-07T16:35:44,1915271,https://smotrim.ru/video/1915271,ok,,C:\Users\PeppermintButler\Desktop\Bachelorarbeit\Audio\transkripte\2019-06-24_1915271.txt
2026-07-07T16:38:43,1914515,https://smotrim.ru/video/1914515,ok,,C:\Users\PeppermintButler\Desktop\Bachelorarbeit\Audio\transkripte\2019-06-21_1914515.txt
2026-07-07T16:40:41,1914033,https://smotrim.ru/video/1914033,ok,,C:\Users\PeppermintButler\Desktop\Bachelorarbeit\Audio\transkripte\2019-06-20_1914033.txt
2026-07-07T16:44:15,1913635,https://smotrim.ru/video/1913635,ok,,C:\Users\PeppermintButler\Desktop\Bachelorarbeit\Audio\transkripte\2019-06-19_1913635.txt
2026-07-07T16:47:19,1913219,https://smotrim.ru/video/1913219,ok,,C:\Users\PeppermintButler\Desktop\Bachelorarbeit\Audio\transkripte\2019-06-18_1913219.txt
2026-07-07T16:50:25,1912822,https://smotrim.ru/video/1912822,ok,,C:\Users\PeppermintButler\Desktop\Bachelorarbeit\Audio\transkripte\2019-06-17_1912822.txt
2026-07-07T16:53:33,1912133,https://smotrim.ru/video/1912133,ok,,C:\Users\PeppermintButler\Desktop\Bachelorarbeit\Audio\transkripte\2019-06-14_1912133.txt
2026-07-07T16:57:03,1911706,https://smotrim.ru/video/1911706,ok,,C:\Users\PeppermintButler\Desktop\Bachelorarbeit\Audio\transkripte\2019-06-13_1911706.txt
2026-07-07T17:00:26,1911014,https://smotrim.ru/video/1911014,ok,,C:\Users\PeppermintButler\Desktop\Bachelorarbeit\Audio\transkripte\2019-06-11_1911014.txt
2026-07-07T17:04:09,1910591,https://smotrim.ru/video/1910591,ok,,C:\Users\PeppermintButler\Desktop\Bachelorarbeit\Audio\transkripte\2019-06-10_1910591.txt
2026-07-07T17:07:15,1909717,https://smotrim.ru/video/1909717,ok,,C:\Users\PeppermintButler\Desktop\Bachelorarbeit\Audio\transkripte\2019-06-07_1909717.txt
2026-07-07T17:10:51,1909223,https://smotrim.ru/video/1909223,ok,,C:\Users\PeppermintButler\Desktop\Bachelorarbeit\Audio\transkripte\2019-06-06_1909223.txt
2026-07-07T17:14:11,1908803,https://smotrim.ru/video/1908803,ok,,C:\Users\PeppermintButler\Desktop\Bachelorarbeit\Audio\transkripte\2019-06-05_1908803.txt
2026-07-07T17:18:03,1908385,https://smotrim.ru/video/1908385,ok,,C:\Users\PeppermintButler\Desktop\Bachelorarbeit\Audio\transkripte\2019-06-04_1908385.txt
2026-07-07T17:21:27,1907949,https://smotrim.ru/video/1907949,ok,,C:\Users\PeppermintButler\Desktop\Bachelorarbeit\Audio\transkripte\2019-06-03_1907949.txt
2026-07-07T17:24:46,1907154,https://smotrim.ru/video/1907154,ok,,C:\Users\PeppermintButler\Desktop\Bachelorarbeit\Audio\transkripte\2019-05-31_1907154.txt
2026-07-07T17:28:40,1906693,https://smotrim.ru/video/1906693,ok,,C:\Users\PeppermintButler\Desktop\Bachelorarbeit\Audio\transkripte\2019-05-30_1906693.txt
2026-07-07T17:31:56,1906250,https://smotrim.ru/video/1906250,ok,,C:\Users\PeppermintButler\Desktop\Bachelorarbeit\Audio\transkripte\2019-05-29_1906250.txt
2026-07-07T17:34:59,1905834,https://smotrim.ru/video/1905834,ok,,C:\Users\PeppermintButler\Desktop\Bachelorarbeit\Audio\transkripte\2019-05-28_1905834.txt
2026-07-07T17:38:13,1905407,https://smotrim.ru/video/1905407,ok,,C:\Users\PeppermintButler\Desktop\Bachelorarbeit\Audio\transkripte\2019-05-27_1905407.txt
2026-07-07T17:41:16,1904535,https://smotrim.ru/video/1904535,ok,,C:\Users\PeppermintButler\Desktop\Bachelorarbeit\Audio\transkripte\2019-05-24_1904535.txt
2026-07-07T17:44:12,1904103,https://smotrim.ru/video/1904103,ok,,C:\Users\PeppermintButler\Desktop\Bachelorarbeit\Audio\transkripte\2019-05-23_1904103.txt
2026-07-07T17:48:12,1903705,https://smotrim.ru/video/1903705,ok,,C:\Users\PeppermintButler\Desktop\Bachelorarbeit\Audio\transkripte\2019-05-22_1903705.txt
2026-07-07T17:51:56,1903300,https://smotrim.ru/video/1903300,ok,,C:\Users\PeppermintButler\Desktop\Bachelorarbeit\Audio\transkripte\2019-05-21_1903300.txt
2026-07-07T17:55:21,1902894,https://smotrim.ru/video/1902894,ok,,C:\Users\PeppermintButler\Desktop\Bachelorarbeit\Audio\transkripte\2019-05-20_1902894.txt
2026-07-07T17:58:39,1901961,https://smotrim.ru/video/1901961,ok,,C:\Users\PeppermintButler\Desktop\Bachelorarbeit\Audio\transkripte\2019-05-17_1901961.txt
2026-07-07T18:02:55,1901535,https://smotrim.ru/video/1901535,ok,,C:\Users\PeppermintButler\Desktop\Bachelorarbeit\Audio\transkripte\2019-05-16_1901535.txt
2026-07-07T18:06:13,1901125,https://smotrim.ru/video/1901125,ok,,C:\Users\PeppermintButler\Desktop\Bachelorarbeit\Audio\transkripte\2019-05-15_1901125.txt
2026-07-07T18:09:44,1900680,https://smotrim.ru/video/1900680,ok,,C:\Users\PeppermintButler\Desktop\Bachelorarbeit\Audio\transkripte\2019-05-14_1900680.txt
2026-07-07T18:12:52,1900283,https://smotrim.ru/video/1900283,ok,,C:\Users\PeppermintButler\Desktop\Bachelorarbeit\Audio\transkripte\2019-05-13_1900283.txt
2026-07-07T18:16:06,1896954,https://smotrim.ru/video/1896954,ok,,C:\Users\PeppermintButler\Desktop\Bachelorarbeit\Audio\transkripte\2019-04-30_1896954.txt
2026-07-07T18:19:13,1896499,https://smotrim.ru/video/1896499,ok,,C:\Users\PeppermintButler\Desktop\Bachelorarbeit\Audio\transkripte\2019-04-29_1896499.txt
2026-07-07T18:22:42,1895657,https://smotrim.ru/video/1895657,ok,,C:\Users\PeppermintButler\Desktop\Bachelorarbeit\Audio\transkripte\2019-04-26_1895657.txt
2026-07-07T18:25:40,1895230,https://smotrim.ru/video/1895230,ok,,C:\Users\PeppermintButler\Desktop\Bachelorarbeit\Audio\transkripte\2019-04-25_1895230.txt
2026-07-07T18:29:32,1894814,https://smotrim.ru/video/1894814,ok,,C:\Users\PeppermintButler\Desktop\Bachelorarbeit\Audio\transkripte\2019-04-24_1894814.txt
2026-07-07T18:33:51,1894370,https://smotrim.ru/video/1894370,ok,,C:\Users\PeppermintButler\Desktop\Bachelorarbeit\Audio\transkripte\2019-04-23_1894370.txt
2026-07-07T18:36:55,1893934,https://smotrim.ru/video/1893934,ok,,C:\Users\PeppermintButler\Desktop\Bachelorarbeit\Audio\transkripte\2019-04-22_1893934.txt
2026-07-07T18:40:17,1893091,https://smotrim.ru/video/1893091,ok,,C:\Users\PeppermintButler\Desktop\Bachelorarbeit\Audio\transkripte\2019-04-19_1893091.txt
2026-07-07T18:44:30,1892649,https://smotrim.ru/video/1892649,ok,,C:\Users\PeppermintButler\Desktop\Bachelorarbeit\Audio\transkripte\2019-04-18_1892649.txt
2026-07-07T18:47:42,1892202,https://smotrim.ru/video/1892202,ok,,C:\Users\PeppermintButler\Desktop\Bachelorarbeit\Audio\transkripte\2019-04-17_1892202.txt
2026-07-07T18:50:56,1891753,https://smotrim.ru/video/1891753,ok,,C:\Users\PeppermintButler\Desktop\Bachelorarbeit\Audio\transkripte\2019-04-16_1891753.txt
2026-07-07T18:54:25,1891315,https://smotrim.ru/video/1891315,ok,,C:\Users\PeppermintButler\Desktop\Bachelorarbeit\Audio\transkripte\2019-04-15_1891315.txt
2026-07-07T18:57:42,1890513,https://smotrim.ru/video/1890513,ok,,C:\Users\PeppermintButler\Desktop\Bachelorarbeit\Audio\transkripte\2019-04-12_1890513.txt
2026-07-07T19:01:11,1890060,https://smotrim.ru/video/1890060,ok,,C:\Users\PeppermintButler\Desktop\Bachelorarbeit\Audio\transkripte\2019-04-11_1890060.txt
2026-07-07T19:04:40,1889605,https://smotrim.ru/video/1889605,ok,,C:\Users\PeppermintButler\Desktop\Bachelorarbeit\Audio\transkripte\2019-04-10_1889605.txt
2026-07-07T19:08:14,1889156,https://smotrim.ru/video/1889156,ok,,C:\Users\PeppermintButler\Desktop\Bachelorarbeit\Audio\transkripte\2019-04-09_1889156.txt
2026-07-07T19:11:37,1888759,https://smotrim.ru/video/1888759,ok,,C:\Users\PeppermintButler\Desktop\Bachelorarbeit\Audio\transkripte\2019-04-08_1888759.txt
2026-07-07T19:14:50,1888049,https://smotrim.ru/video/1888049,ok,,C:\Users\PeppermintButler\Desktop\Bachelorarbeit\Audio\transkripte\2019-04-05_1888049.txt
2026-07-07T19:18:05,1887619,https://smotrim.ru/video/1887619,ok,,C:\Users\PeppermintButler\Desktop\Bachelorarbeit\Audio\transkripte\2019-04-04_1887619.txt
2026-07-07T19:21:20,1887250,https://smotrim.ru/video/1887250,ok,,C:\Users\PeppermintButler\Desktop\Bachelorarbeit\Audio\transkripte\2019-04-03_1887250.txt
2026-07-07T19:24:35,1886828,https://smotrim.ru/video/1886828,ok,,C:\Users\PeppermintButler\Desktop\Bachelorarbeit\Audio\transkripte\2019-04-02_1886828.txt
2026-07-07T19:28:10,1886409,https://smotrim.ru/video/1886409,ok,,C:\Users\PeppermintButler\Desktop\Bachelorarbeit\Audio\transkripte\2019-04-01_1886409.txt
2026-07-07T19:31:28,1885620,https://smotrim.ru/video/1885620,ok,,C:\Users\PeppermintButler\Desktop\Bachelorarbeit\Audio\transkripte\2019-03-29_1885620.txt
2026-07-07T19:34:37,1885388,https://smotrim.ru/video/1885388,ok,,C:\Users\PeppermintButler\Desktop\Bachelorarbeit\Audio\transkripte\2019-03-28_1885388.txt
2026-07-07T19:37:47,1885000,https://smotrim.ru/video/1885000,ok,,C:\Users\PeppermintButler\Desktop\Bachelorarbeit\Audio\transkripte\2019-03-27_1885000.txt
2026-07-07T19:40:41,1884590,https://smotrim.ru/video/1884590,ok,,C:\Users\PeppermintButler\Desktop\Bachelorarbeit\Audio\transkripte\2019-03-26_1884590.txt
2026-07-07T19:44:37,1884214,https://smotrim.ru/video/1884214,ok,,C:\Users\PeppermintButler\Desktop\Bachelorarbeit\Audio\transkripte\2019-03-25_1884214.txt
2026-07-07T19:47:38,1883427,https://smotrim.ru/video/1883427,ok,,C:\Users\PeppermintButler\Desktop\Bachelorarbeit\Audio\transkripte\2019-03-22_1883427.txt
2026-07-07T19:51:12,1883013,https://smotrim.ru/video/1883013,ok,,C:\Users\PeppermintButler\Desktop\Bachelorarbeit\Audio\transkripte\2019-03-21_1883013.txt
2026-07-07T19:54:22,1882599,https://smotrim.ru/video/1882599,ok,,C:\Users\PeppermintButler\Desktop\Bachelorarbeit\Audio\transkripte\2019-03-20_1882599.txt
2026-07-07T19:57:28,1882175,https://smotrim.ru/video/1882175,ok,,C:\Users\PeppermintButler\Desktop\Bachelorarbeit\Audio\transkripte\2019-03-19_1882175.txt
2026-07-07T20:01:07,1880582,https://smotrim.ru/video/1880582,ok,,C:\Users\PeppermintButler\Desktop\Bachelorarbeit\Audio\transkripte\2019-03-14_1880582.txt
2026-07-07T20:04:00,1877982,https://smotrim.ru/video/1877982,ok,,C:\Users\PeppermintButler\Desktop\Bachelorarbeit\Audio\transkripte\2019-03-06_1877982.txt
2026-07-07T20:07:35,1877593,https://smotrim.ru/video/1877593,ok,,C:\Users\PeppermintButler\Desktop\Bachelorarbeit\Audio\transkripte\2019-03-05_1877593.txt
2026-07-07T20:10:52,1877197,https://smotrim.ru/video/1877197,ok,,C:\Users\PeppermintButler\Desktop\Bachelorarbeit\Audio\transkripte\2019-03-04_1877197.txt
2026-07-07T20:14:30,1876443,https://smotrim.ru/video/1876443,ok,,C:\Users\PeppermintButler\Desktop\Bachelorarbeit\Audio\transkripte\2019-03-01_1876443.txt
2026-07-07T20:17:31,1876027,https://smotrim.ru/video/1876027,ok,,C:\Users\PeppermintButler\Desktop\Bachelorarbeit\Audio\transkripte\2019-02-28_1876027.txt
2026-07-07T20:20:59,1875592,https://smotrim.ru/video/1875592,ok,,C:\Users\PeppermintButler\Desktop\Bachelorarbeit\Audio\transkripte\2019-02-27_1875592.txt
2026-07-07T20:24:05,1875176,https://smotrim.ru/video/1875176,ok,,C:\Users\PeppermintButler\Desktop\Bachelorarbeit\Audio\transkripte\2019-02-26_1875176.txt
2026-07-07T20:27:28,1874780,https://smotrim.ru/video/1874780,ok,,C:\Users\PeppermintButler\Desktop\Bachelorarbeit\Audio\transkripte\2019-02-25_1874780.txt
2026-07-07T20:30:52,1874114,https://smotrim.ru/video/1874114,ok,,C:\Users\PeppermintButler\Desktop\Bachelorarbeit\Audio\transkripte\2019-02-22_1874114.txt
2026-07-07T20:34:10,1873662,https://smotrim.ru/video/1873662,ok,,C:\Users\PeppermintButler\Desktop\Bachelorarbeit\Audio\transkripte\2019-02-21_1873662.txt
2026-07-07T20:35:43,1873302,https://smotrim.ru/video/1873302,ok,,C:\Users\PeppermintButler\Desktop\Bachelorarbeit\Audio\transkripte\2019-02-20_1873302.txt
2026-07-07T20:38:59,1872870,https://smotrim.ru/video/1872870,ok,,C:\Users\PeppermintButler\Desktop\Bachelorarbeit\Audio\transkripte\2019-02-19_1872870.txt
2026-07-07T20:42:01,1872443,https://smotrim.ru/video/1872443,ok,,C:\Users\PeppermintButler\Desktop\Bachelorarbeit\Audio\transkripte\2019-02-18_1872443.txt
2026-07-07T20:45:55,1871721,https://smotrim.ru/video/1871721,ok,,C:\Users\PeppermintButler\Desktop\Bachelorarbeit\Audio\transkripte\2019-02-15_1871721.txt
2026-07-07T20:51:05,1871254,https://smotrim.ru/video/1871254,ok,,C:\Users\PeppermintButler\Desktop\Bachelorarbeit\Audio\transkripte\2019-02-14_1871254.txt
2026-07-07T20:57:20,1870875,https://smotrim.ru/video/1870875,ok,,C:\Users\PeppermintButler\Desktop\Bachelorarbeit\Audio\transkripte\2019-02-13_1870875.txt
2026-07-07T21:01:32,1870458,https://smotrim.ru/video/1870458,ok,,C:\Users\PeppermintButler\Desktop\Bachelorarbeit\Audio\transkripte\2019-02-12_1870458.txt
2026-07-07T21:05:01,1870010,https://smotrim.ru/video/1870010,ok,,C:\Users\PeppermintButler\Desktop\Bachelorarbeit\Audio\transkripte\2019-02-11_1870010.txt
2026-07-07T21:08:48,1869251,https://smotrim.ru/video/1869251,ok,,C:\Users\PeppermintButler\Desktop\Bachelorarbeit\Audio\transkripte\2019-02-08_1869251.txt
2026-07-07T21:12:55,1869008,https://smotrim.ru/video/1869008,ok,,C:\Users\PeppermintButler\Desktop\Bachelorarbeit\Audio\transkripte\2019-02-07_1869008.txt
2026-07-07T21:16:24,1868386,https://smotrim.ru/video/1868386,ok,,C:\Users\PeppermintButler\Desktop\Bachelorarbeit\Audio\transkripte\2019-02-06_1868386.txt
2026-07-07T21:20:56,1867986,https://smotrim.ru/video/1867986,ok,,C:\Users\PeppermintButler\Desktop\Bachelorarbeit\Audio\transkripte\2019-02-05_1867986.txt
2026-07-07T21:24:03,1867605,https://smotrim.ru/video/1867605,ok,,C:\Users\PeppermintButler\Desktop\Bachelorarbeit\Audio\transkripte\2019-02-04_1867605.txt
2026-07-07T21:28:44,1866899,https://smotrim.ru/video/1866899,ok,,C:\Users\PeppermintButler\Desktop\Bachelorarbeit\Audio\transkripte\2019-02-01_1866899.txt
2026-07-07T21:32:25,1866489,https://smotrim.ru/video/1866489,ok,,C:\Users\PeppermintButler\Desktop\Bachelorarbeit\Audio\transkripte\2019-01-31_1866489.txt
2026-07-07T21:35:49,1866121,https://smotrim.ru/video/1866121,ok,,C:\Users\PeppermintButler\Desktop\Bachelorarbeit\Audio\transkripte\2019-01-30_1866121.txt
2026-07-07T21:39:14,1865713,https://smotrim.ru/video/1865713,ok,,C:\Users\PeppermintButler\Desktop\Bachelorarbeit\Audio\transkripte\2019-01-29_1865713.txt
2026-07-07T21:42:39,1865342,https://smotrim.ru/video/1865342,ok,,C:\Users\PeppermintButler\Desktop\Bachelorarbeit\Audio\transkripte\2019-01-28_1865342.txt
2026-07-07T21:45:55,1864622,https://smotrim.ru/video/1864622,ok,,C:\Users\PeppermintButler\Desktop\Bachelorarbeit\Audio\transkripte\2019-01-25_1864622.txt
2026-07-07T21:49:23,1864205,https://smotrim.ru/video/1864205,ok,,C:\Users\PeppermintButler\Desktop\Bachelorarbeit\Audio\transkripte\2019-01-24_1864205.txt
2026-07-07T21:53:31,1863807,https://smotrim.ru/video/1863807,ok,,C:\Users\PeppermintButler\Desktop\Bachelorarbeit\Audio\transkripte\2019-01-23_1863807.txt
2026-07-07T21:56:54,1863408,https://smotrim.ru/video/1863408,ok,,C:\Users\PeppermintButler\Desktop\Bachelorarbeit\Audio\transkripte\2019-01-22_1863408.txt
2026-07-07T22:00:30,1862988,https://smotrim.ru/video/1862988,ok,,C:\Users\PeppermintButler\Desktop\Bachelorarbeit\Audio\transkripte\2019-01-21_1862988.txt
2026-07-07T22:03:50,1862364,https://smotrim.ru/video/1862364,ok,,C:\Users\PeppermintButler\Desktop\Bachelorarbeit\Audio\transkripte\2019-01-18_1862364.txt
2026-07-07T22:07:08,1861533,https://smotrim.ru/video/1861533,ok,,C:\Users\PeppermintButler\Desktop\Bachelorarbeit\Audio\transkripte\2019-01-16_1861533.txt
2026-07-07T22:10:31,1861179,https://smotrim.ru/video/1861179,ok,,C:\Users\PeppermintButler\Desktop\Bachelorarbeit\Audio\transkripte\2019-01-15_1861179.txt
2026-07-07T22:13:49,1860799,https://smotrim.ru/video/1860799,ok,,C:\Users\PeppermintButler\Desktop\Bachelorarbeit\Audio\transkripte\2019-01-14_1860799.txt
2026-07-07T22:17:23,1860125,https://smotrim.ru/video/1860125,ok,,C:\Users\PeppermintButler\Desktop\Bachelorarbeit\Audio\transkripte\2019-01-11_1860125.txt
2026-07-07T22:20:42,1859761,https://smotrim.ru/video/1859761,ok,,C:\Users\PeppermintButler\Desktop\Bachelorarbeit\Audio\transkripte\2019-01-10_1859761.txt
2026-07-07T22:24:03,1859410,https://smotrim.ru/video/1859410,ok,,C:\Users\PeppermintButler\Desktop\Bachelorarbeit\Audio\transkripte\2019-01-09_1859410.txt
2026-07-07T22:24:35,4003498,https://smotrim.ru/video/4003498,fehler,WAV nach 3 Versuchen nicht erzeugt: C:\Users\PeppermintButler\Desktop\Bachelorarbeit\Audio\roh\2019-unbekannt_4003498.wav,
2026-07-07T22:24:55,3088726,https://smotrim.ru/video/3088726,ok,,C:\Users\PeppermintButler\Desktop\Bachelorarbeit\Audio\transkripte\2019-unbekannt_3088726.txt
2026-07-07T22:28:29,2254956,https://smotrim.ru/video/2254956,ok,,C:\Users\PeppermintButler\Desktop\Bachelorarbeit\Audio\transkripte\2020-12-29_2254956.txt
2026-07-07T22:32:15,2254571,https://smotrim.ru/video/2254571,ok,,C:\Users\PeppermintButler\Desktop\Bachelorarbeit\Audio\transkripte\2020-12-28_2254571.txt
2026-07-07T22:36:24,2253776,https://smotrim.ru/video/2253776,ok,,C:\Users\PeppermintButler\Desktop\Bachelorarbeit\Audio\transkripte\2020-12-25_2253776.txt
2026-07-07T22:40:26,2253391,https://smotrim.ru/video/2253391,ok,,C:\Users\PeppermintButler\Desktop\Bachelorarbeit\Audio\transkripte\2020-12-24_2253391.txt
2026-07-07T22:44:08,2252968,https://smotrim.ru/video/2252968,ok,,C:\Users\PeppermintButler\Desktop\Bachelorarbeit\Audio\transkripte\2020-12-23_2252968.txt
2026-07-07T22:47:49,2252576,https://smotrim.ru/video/2252576,ok,,C:\Users\PeppermintButler\Desktop\Bachelorarbeit\Audio\transkripte\2020-12-22_2252576.txt
2026-07-07T22:51:28,2252090,https://smotrim.ru/video/2252090,ok,,C:\Users\PeppermintButler\Desktop\Bachelorarbeit\Audio\transkripte\2020-12-21_2252090.txt
2026-07-07T22:55:21,2251429,https://smotrim.ru/video/2251429,ok,,C:\Users\PeppermintButler\Desktop\Bachelorarbeit\Audio\transkripte\2020-12-18_2251429.txt
2026-07-07T22:58:51,2250693,https://smotrim.ru/video/2250693,ok,,C:\Users\PeppermintButler\Desktop\Bachelorarbeit\Audio\transkripte\2020-12-16_2250693.txt
2026-07-07T23:02:42,2250321,https://smotrim.ru/video/2250321,ok,,C:\Users\PeppermintButler\Desktop\Bachelorarbeit\Audio\transkripte\2020-12-15_2250321.txt
2026-07-07T23:06:23,2249948,https://smotrim.ru/video/2249948,ok,,C:\Users\PeppermintButler\Desktop\Bachelorarbeit\Audio\transkripte\2020-12-14_2249948.txt
2026-07-07T23:10:18,2249214,https://smotrim.ru/video/2249214,ok,,C:\Users\PeppermintButler\Desktop\Bachelorarbeit\Audio\transkripte\2020-12-11_2249214.txt
2026-07-07T23:13:56,2248803,https://smotrim.ru/video/2248803,ok,,C:\Users\PeppermintButler\Desktop\Bachelorarbeit\Audio\transkripte\2020-12-10_2248803.txt
2026-07-07T23:17:36,2248432,https://smotrim.ru/video/2248432,ok,,C:\Users\PeppermintButler\Desktop\Bachelorarbeit\Audio\transkripte\2020-12-09_2248432.txt
2026-07-07T23:21:06,2248092,https://smotrim.ru/video/2248092,ok,,C:\Users\PeppermintButler\Desktop\Bachelorarbeit\Audio\transkripte\2020-12-08_2248092.txt
2026-07-07T23:24:48,2247751,https://smotrim.ru/video/2247751,ok,,C:\Users\PeppermintButler\Desktop\Bachelorarbeit\Audio\transkripte\2020-12-07_2247751.txt
2026-07-07T23:28:35,2247042,https://smotrim.ru/video/2247042,ok,,C:\Users\PeppermintButler\Desktop\Bachelorarbeit\Audio\transkripte\2020-12-04_2247042.txt
2026-07-07T23:32:19,2246679,https://smotrim.ru/video/2246679,ok,,C:\Users\PeppermintButler\Desktop\Bachelorarbeit\Audio\transkripte\2020-12-03_2246679.txt
2026-07-07T23:36:22,2246305,https://smotrim.ru/video/2246305,ok,,C:\Users\PeppermintButler\Desktop\Bachelorarbeit\Audio\transkripte\2020-12-02_2246305.txt
2026-07-07T23:40:47,2245967,https://smotrim.ru/video/2245967,ok,,C:\Users\PeppermintButler\Desktop\Bachelorarbeit\Audio\transkripte\2020-12-01_2245967.txt
2026-07-07T23:44:27,2245597,https://smotrim.ru/video/2245597,ok,,C:\Users\PeppermintButler\Desktop\Bachelorarbeit\Audio\transkripte\2020-11-30_2245597.txt
2026-07-07T23:47:59,2244894,https://smotrim.ru/video/2244894,ok,,C:\Users\PeppermintButler\Desktop\Bachelorarbeit\Audio\transkripte\2020-11-27_2244894.txt
2026-07-07T23:51:55,2244514,https://smotrim.ru/video/2244514,ok,,C:\Users\PeppermintButler\Desktop\Bachelorarbeit\Audio\transkripte\2020-11-26_2244514.txt
2026-07-07T23:55:33,2244184,https://smotrim.ru/video/2244184,ok,,C:\Users\PeppermintButler\Desktop\Bachelorarbeit\Audio\transkripte\2020-11-25_2244184.txt
2026-07-07T23:59:15,2243822,https://smotrim.ru/video/2243822,ok,,C:\Users\PeppermintButler\Desktop\Bachelorarbeit\Audio\transkripte\2020-11-24_2243822.txt
2026-07-08T00:02:48,2243475,https://smotrim.ru/video/2243475,ok,,C:\Users\PeppermintButler\Desktop\Bachelorarbeit\Audio\transkripte\2020-11-23_2243475.txt
2026-07-08T00:06:37,2242712,https://smotrim.ru/video/2242712,ok,,C:\Users\PeppermintButler\Desktop\Bachelorarbeit\Audio\transkripte\2020-11-20_2242712.txt
2026-07-08T00:10:24,2242306,https://smotrim.ru/video/2242306,ok,,C:\Users\PeppermintButler\Desktop\Bachelorarbeit\Audio\transkripte\2020-11-19_2242306.txt
2026-07-08T00:14:03,2241931,https://smotrim.ru/video/2241931,ok,,C:\Users\PeppermintButler\Desktop\Bachelorarbeit\Audio\transkripte\2020-11-18_2241931.txt
2026-07-08T00:18:12,2241575,https://smotrim.ru/video/2241575,ok,,C:\Users\PeppermintButler\Desktop\Bachelorarbeit\Audio\transkripte\2020-11-17_2241575.txt
2026-07-08T00:21:54,2241185,https://smotrim.ru/video/2241185,ok,,C:\Users\PeppermintButler\Desktop\Bachelorarbeit\Audio\transkripte\2020-11-16_2241185.txt
2026-07-08T00:25:38,2240485,https://smotrim.ru/video/2240485,ok,,C:\Users\PeppermintButler\Desktop\Bachelorarbeit\Audio\transkripte\2020-11-13_2240485.txt
2026-07-08T00:29:51,2240057,https://smotrim.ru/video/2240057,ok,,C:\Users\PeppermintButler\Desktop\Bachelorarbeit\Audio\transkripte\2020-11-12_2240057.txt
2026-07-08T00:33:43,2239711,https://smotrim.ru/video/2239711,ok,,C:\Users\PeppermintButler\Desktop\Bachelorarbeit\Audio\transkripte\2020-11-11_2239711.txt
2026-07-08T00:37:32,2239354,https://smotrim.ru/video/2239354,ok,,C:\Users\PeppermintButler\Desktop\Bachelorarbeit\Audio\transkripte\2020-11-10_2239354.txt
2026-07-08T00:41:10,2238999,https://smotrim.ru/video/2238999,ok,,C:\Users\PeppermintButler\Desktop\Bachelorarbeit\Audio\transkripte\2020-11-09_2238999.txt
2026-07-08T00:45:16,2238283,https://smotrim.ru/video/2238283,ok,,C:\Users\PeppermintButler\Desktop\Bachelorarbeit\Audio\transkripte\2020-11-06_2238283.txt
2026-07-08T00:48:59,2237915,https://smotrim.ru/video/2237915,ok,,C:\Users\PeppermintButler\Desktop\Bachelorarbeit\Audio\transkripte\2020-11-05_2237915.txt
2026-07-08T00:52:32,2237320,https://smotrim.ru/video/2237320,ok,,C:\Users\PeppermintButler\Desktop\Bachelorarbeit\Audio\transkripte\2020-11-03_2237320.txt
2026-07-08T00:56:02,2236971,https://smotrim.ru/video/2236971,ok,,C:\Users\PeppermintButler\Desktop\Bachelorarbeit\Audio\transkripte\2020-11-02_2236971.txt
2026-07-08T00:56:31,2236253,https://smotrim.ru/video/2236253,ok,,C:\Users\PeppermintButler\Desktop\Bachelorarbeit\Audio\transkripte\2020-10-30_2236253.txt
2026-07-08T01:00:07,2235864,https://smotrim.ru/video/2235864,ok,,C:\Users\PeppermintButler\Desktop\Bachelorarbeit\Audio\transkripte\2020-10-29_2235864.txt
2026-07-08T01:03:50,2235541,https://smotrim.ru/video/2235541,ok,,C:\Users\PeppermintButler\Desktop\Bachelorarbeit\Audio\transkripte\2020-10-28_2235541.txt
2026-07-08T01:07:49,2235201,https://smotrim.ru/video/2235201,ok,,C:\Users\PeppermintButler\Desktop\Bachelorarbeit\Audio\transkripte\2020-10-27_2235201.txt
2026-07-08T01:11:36,2234854,https://smotrim.ru/video/2234854,ok,,C:\Users\PeppermintButler\Desktop\Bachelorarbeit\Audio\transkripte\2020-10-26_2234854.txt
2026-07-08T01:15:16,2234154,https://smotrim.ru/video/2234154,ok,,C:\Users\PeppermintButler\Desktop\Bachelorarbeit\Audio\transkripte\2020-10-23_2234154.txt
2026-07-08T01:20:09,2233806,https://smotrim.ru/video/2233806,ok,,C:\Users\PeppermintButler\Desktop\Bachelorarbeit\Audio\transkripte\2020-10-22_2233806.txt
2026-07-08T01:24:37,2233472,https://smotrim.ru/video/2233472,ok,,C:\Users\PeppermintButler\Desktop\Bachelorarbeit\Audio\transkripte\2020-10-21_2233472.txt
2026-07-08T01:30:08,2233143,https://smotrim.ru/video/2233143,ok,,C:\Users\PeppermintButler\Desktop\Bachelorarbeit\Audio\transkripte\2020-10-20_2233143.txt
2026-07-08T01:34:29,2232781,https://smotrim.ru/video/2232781,ok,,C:\Users\PeppermintButler\Desktop\Bachelorarbeit\Audio\transkripte\2020-10-19_2232781.txt
2026-07-08T01:38:52,2232045,https://smotrim.ru/video/2232045,ok,,C:\Users\PeppermintButler\Desktop\Bachelorarbeit\Audio\transkripte\2020-10-16_2232045.txt
2026-07-08T01:42:32,2231668,https://smotrim.ru/video/2231668,ok,,C:\Users\PeppermintButler\Desktop\Bachelorarbeit\Audio\transkripte\2020-10-15_2231668.txt
2026-07-08T01:46:16,2231320,https://smotrim.ru/video/2231320,ok,,C:\Users\PeppermintButler\Desktop\Bachelorarbeit\Audio\transkripte\2020-10-14_2231320.txt
2026-07-08T01:50:08,2231092,https://smotrim.ru/video/2231092,ok,,C:\Users\PeppermintButler\Desktop\Bachelorarbeit\Audio\transkripte\2020-10-13_2231092.txt
2026-07-08T01:53:44,2230619,https://smotrim.ru/video/2230619,ok,,C:\Users\PeppermintButler\Desktop\Bachelorarbeit\Audio\transkripte\2020-10-12_2230619.txt
2026-07-08T01:57:45,2229931,https://smotrim.ru/video/2229931,ok,,C:\Users\PeppermintButler\Desktop\Bachelorarbeit\Audio\transkripte\2020-10-09_2229931.txt
2026-07-08T02:01:54,2229599,https://smotrim.ru/video/2229599,ok,,C:\Users\PeppermintButler\Desktop\Bachelorarbeit\Audio\transkripte\2020-10-08_2229599.txt
2026-07-08T02:05:31,2229208,https://smotrim.ru/video/2229208,ok,,C:\Users\PeppermintButler\Desktop\Bachelorarbeit\Audio\transkripte\2020-10-07_2229208.txt
2026-07-08T02:09:37,2228864,https://smotrim.ru/video/2228864,ok,,C:\Users\PeppermintButler\Desktop\Bachelorarbeit\Audio\transkripte\2020-10-06_2228864.txt
2026-07-08T02:13:34,2228513,https://smotrim.ru/video/2228513,ok,,C:\Users\PeppermintButler\Desktop\Bachelorarbeit\Audio\transkripte\2020-10-05_2228513.txt
2026-07-08T02:17:15,2227815,https://smotrim.ru/video/2227815,ok,,C:\Users\PeppermintButler\Desktop\Bachelorarbeit\Audio\transkripte\2020-10-02_2227815.txt
2026-07-08T02:21:06,2227451,https://smotrim.ru/video/2227451,ok,,C:\Users\PeppermintButler\Desktop\Bachelorarbeit\Audio\transkripte\2020-10-01_2227451.txt
2026-07-08T02:24:37,2227120,https://smotrim.ru/video/2227120,ok,,C:\Users\PeppermintButler\Desktop\Bachelorarbeit\Audio\transkripte\2020-09-30_2227120.txt
2026-07-08T02:28:19,2226764,https://smotrim.ru/video/2226764,ok,,C:\Users\PeppermintButler\Desktop\Bachelorarbeit\Audio\transkripte\2020-09-29_2226764.txt
2026-07-08T02:32:52,2226387,https://smotrim.ru/video/2226387,ok,,C:\Users\PeppermintButler\Desktop\Bachelorarbeit\Audio\transkripte\2020-09-28_2226387.txt
2026-07-08T02:36:47,2225648,https://smotrim.ru/video/2225648,ok,,C:\Users\PeppermintButler\Desktop\Bachelorarbeit\Audio\transkripte\2020-09-25_2225648.txt
2026-07-08T02:41:32,2225289,https://smotrim.ru/video/2225289,ok,,C:\Users\PeppermintButler\Desktop\Bachelorarbeit\Audio\transkripte\2020-09-24_2225289.txt
2026-07-08T02:45:29,2224932,https://smotrim.ru/video/2224932,ok,,C:\Users\PeppermintButler\Desktop\Bachelorarbeit\Audio\transkripte\2020-09-23_2224932.txt
2026-07-08T02:49:20,2224562,https://smotrim.ru/video/2224562,ok,,C:\Users\PeppermintButler\Desktop\Bachelorarbeit\Audio\transkripte\2020-09-22_2224562.txt
2026-07-08T02:53:02,2224200,https://smotrim.ru/video/2224200,ok,,C:\Users\PeppermintButler\Desktop\Bachelorarbeit\Audio\transkripte\2020-09-21_2224200.txt
2026-07-08T02:56:44,2223502,https://smotrim.ru/video/2223502,ok,,C:\Users\PeppermintButler\Desktop\Bachelorarbeit\Audio\transkripte\2020-09-18_2223502.txt
2026-07-08T03:00:51,2223119,https://smotrim.ru/video/2223119,ok,,C:\Users\PeppermintButler\Desktop\Bachelorarbeit\Audio\transkripte\2020-09-17_2223119.txt
2026-07-08T03:04:36,2222767,https://smotrim.ru/video/2222767,ok,,C:\Users\PeppermintButler\Desktop\Bachelorarbeit\Audio\transkripte\2020-09-16_2222767.txt
2026-07-08T03:08:13,2222432,https://smotrim.ru/video/2222432,ok,,C:\Users\PeppermintButler\Desktop\Bachelorarbeit\Audio\transkripte\2020-09-15_2222432.txt
2026-07-08T03:11:52,2222085,https://smotrim.ru/video/2222085,ok,,C:\Users\PeppermintButler\Desktop\Bachelorarbeit\Audio\transkripte\2020-09-14_2222085.txt
2026-07-08T03:15:25,2221378,https://smotrim.ru/video/2221378,ok,,C:\Users\PeppermintButler\Desktop\Bachelorarbeit\Audio\transkripte\2020-09-11_2221378.txt
2026-07-08T03:18:39,2221013,https://smotrim.ru/video/2221013,ok,,C:\Users\PeppermintButler\Desktop\Bachelorarbeit\Audio\transkripte\2020-09-10_2221013.txt
2026-07-08T03:22:05,2220697,https://smotrim.ru/video/2220697,ok,,C:\Users\PeppermintButler\Desktop\Bachelorarbeit\Audio\transkripte\2020-09-09_2220697.txt
2026-07-08T03:26:37,2220348,https://smotrim.ru/video/2220348,ok,,C:\Users\PeppermintButler\Desktop\Bachelorarbeit\Audio\transkripte\2020-09-08_2220348.txt
2026-07-08T03:30:17,2219996,https://smotrim.ru/video/2219996,ok,,C:\Users\PeppermintButler\Desktop\Bachelorarbeit\Audio\transkripte\2020-09-07_2219996.txt
2026-07-08T03:33:43,2218952,https://smotrim.ru/video/2218952,ok,,C:\Users\PeppermintButler\Desktop\Bachelorarbeit\Audio\transkripte\2020-09-03_2218952.txt
2026-07-08T03:38:15,2218592,https://smotrim.ru/video/2218592,ok,,C:\Users\PeppermintButler\Desktop\Bachelorarbeit\Audio\transkripte\2020-09-02_2218592.txt
2026-07-08T03:42:18,2218374,https://smotrim.ru/video/2218374,ok,,C:\Users\PeppermintButler\Desktop\Bachelorarbeit\Audio\transkripte\2020-09-01_2218374.txt
2026-07-08T03:45:45,2217926,https://smotrim.ru/video/2217926,ok,,C:\Users\PeppermintButler\Desktop\Bachelorarbeit\Audio\transkripte\2020-08-31_2217926.txt
2026-07-08T03:49:10,2217309,https://smotrim.ru/video/2217309,ok,,C:\Users\PeppermintButler\Desktop\Bachelorarbeit\Audio\transkripte\2020-08-28_2217309.txt
2026-07-08T03:52:53,2216994,https://smotrim.ru/video/2216994,ok,,C:\Users\PeppermintButler\Desktop\Bachelorarbeit\Audio\transkripte\2020-08-27_2216994.txt
2026-07-08T03:57:10,2216389,https://smotrim.ru/video/2216389,ok,,C:\Users\PeppermintButler\Desktop\Bachelorarbeit\Audio\transkripte\2020-08-25_2216389.txt
2026-07-08T04:01:36,2216077,https://smotrim.ru/video/2216077,ok,,C:\Users\PeppermintButler\Desktop\Bachelorarbeit\Audio\transkripte\2020-08-24_2216077.txt
2026-07-08T04:05:44,2215533,https://smotrim.ru/video/2215533,ok,,C:\Users\PeppermintButler\Desktop\Bachelorarbeit\Audio\transkripte\2020-08-21_2215533.txt
2026-07-08T04:09:24,2215190,https://smotrim.ru/video/2215190,ok,,C:\Users\PeppermintButler\Desktop\Bachelorarbeit\Audio\transkripte\2020-08-20_2215190.txt
2026-07-08T04:12:50,2214836,https://smotrim.ru/video/2214836,ok,,C:\Users\PeppermintButler\Desktop\Bachelorarbeit\Audio\transkripte\2020-08-19_2214836.txt
2026-07-08T04:16:36,2214540,https://smotrim.ru/video/2214540,ok,,C:\Users\PeppermintButler\Desktop\Bachelorarbeit\Audio\transkripte\2020-08-18_2214540.txt
2026-07-08T04:20:07,2214233,https://smotrim.ru/video/2214233,ok,,C:\Users\PeppermintButler\Desktop\Bachelorarbeit\Audio\transkripte\2020-08-17_2214233.txt
2026-07-08T04:24:17,2213686,https://smotrim.ru/video/2213686,ok,,C:\Users\PeppermintButler\Desktop\Bachelorarbeit\Audio\transkripte\2020-08-14_2213686.txt
2026-07-08T04:28:29,2213469,https://smotrim.ru/video/2213469,ok,,C:\Users\PeppermintButler\Desktop\Bachelorarbeit\Audio\transkripte\2020-08-13_2213469.txt
2026-07-08T04:32:02,2212988,https://smotrim.ru/video/2212988,ok,,C:\Users\PeppermintButler\Desktop\Bachelorarbeit\Audio\transkripte\2020-08-12_2212988.txt
2026-07-08T04:35:23,2212696,https://smotrim.ru/video/2212696,ok,,C:\Users\PeppermintButler\Desktop\Bachelorarbeit\Audio\transkripte\2020-08-11_2212696.txt
2026-07-08T04:38:49,2212392,https://smotrim.ru/video/2212392,ok,,C:\Users\PeppermintButler\Desktop\Bachelorarbeit\Audio\transkripte\2020-08-10_2212392.txt
2026-07-08T04:43:01,2211835,https://smotrim.ru/video/2211835,ok,,C:\Users\PeppermintButler\Desktop\Bachelorarbeit\Audio\transkripte\2020-08-07_2211835.txt
2026-07-08T04:47:42,2211543,https://smotrim.ru/video/2211543,ok,,C:\Users\PeppermintButler\Desktop\Bachelorarbeit\Audio\transkripte\2020-08-06_2211543.txt
2026-07-08T04:51:52,2211204,https://smotrim.ru/video/2211204,ok,,C:\Users\PeppermintButler\Desktop\Bachelorarbeit\Audio\transkripte\2020-08-05_2211204.txt
2026-07-08T04:55:50,2210931,https://smotrim.ru/video/2210931,ok,,C:\Users\PeppermintButler\Desktop\Bachelorarbeit\Audio\transkripte\2020-08-04_2210931.txt
2026-07-08T04:59:24,2210664,https://smotrim.ru/video/2210664,ok,,C:\Users\PeppermintButler\Desktop\Bachelorarbeit\Audio\transkripte\2020-08-03_2210664.txt
2026-07-08T05:02:46,2210084,https://smotrim.ru/video/2210084,ok,,C:\Users\PeppermintButler\Desktop\Bachelorarbeit\Audio\transkripte\2020-07-31_2210084.txt
2026-07-08T05:06:25,2209774,https://smotrim.ru/video/2209774,ok,,C:\Users\PeppermintButler\Desktop\Bachelorarbeit\Audio\transkripte\2020-07-30_2209774.txt
2026-07-08T05:09:24,2209476,https://smotrim.ru/video/2209476,ok,,C:\Users\PeppermintButler\Desktop\Bachelorarbeit\Audio\transkripte\2020-07-29_2209476.txt
2026-07-08T05:12:58,2209202,https://smotrim.ru/video/2209202,ok,,C:\Users\PeppermintButler\Desktop\Bachelorarbeit\Audio\transkripte\2020-07-28_2209202.txt
2026-07-08T05:16:20,2208900,https://smotrim.ru/video/2208900,ok,,C:\Users\PeppermintButler\Desktop\Bachelorarbeit\Audio\transkripte\2020-07-27_2208900.txt
2026-07-08T05:19:59,2208363,https://smotrim.ru/video/2208363,ok,,C:\Users\PeppermintButler\Desktop\Bachelorarbeit\Audio\transkripte\2020-07-24_2208363.txt
2026-07-08T05:23:37,2207983,https://smotrim.ru/video/2207983,ok,,C:\Users\PeppermintButler\Desktop\Bachelorarbeit\Audio\transkripte\2020-07-23_2207983.txt
2026-07-08T05:27:29,2207698,https://smotrim.ru/video/2207698,ok,,C:\Users\PeppermintButler\Desktop\Bachelorarbeit\Audio\transkripte\2020-07-22_2207698.txt
2026-07-08T05:31:26,2207393,https://smotrim.ru/video/2207393,ok,,C:\Users\PeppermintButler\Desktop\Bachelorarbeit\Audio\transkripte\2020-07-21_2207393.txt
2026-07-08T05:35:16,2207120,https://smotrim.ru/video/2207120,ok,,C:\Users\PeppermintButler\Desktop\Bachelorarbeit\Audio\transkripte\2020-07-20_2207120.txt
2026-07-08T05:38:48,2206589,https://smotrim.ru/video/2206589,ok,,C:\Users\PeppermintButler\Desktop\Bachelorarbeit\Audio\transkripte\2020-07-17_2206589.txt
2026-07-08T05:42:35,2206317,https://smotrim.ru/video/2206317,ok,,C:\Users\PeppermintButler\Desktop\Bachelorarbeit\Audio\transkripte\2020-07-16_2206317.txt
2026-07-08T05:46:01,2206039,https://smotrim.ru/video/2206039,ok,,C:\Users\PeppermintButler\Desktop\Bachelorarbeit\Audio\transkripte\2020-07-15_2206039.txt
2026-07-08T05:49:47,2205752,https://smotrim.ru/video/2205752,ok,,C:\Users\PeppermintButler\Desktop\Bachelorarbeit\Audio\transkripte\2020-07-14_2205752.txt
2026-07-08T05:53:36,2205464,https://smotrim.ru/video/2205464,ok,,C:\Users\PeppermintButler\Desktop\Bachelorarbeit\Audio\transkripte\2020-07-13_2205464.txt
2026-07-08T05:57:10,2204899,https://smotrim.ru/video/2204899,ok,,C:\Users\PeppermintButler\Desktop\Bachelorarbeit\Audio\transkripte\2020-07-10_2204899.txt
2026-07-08T06:00:53,2204568,https://smotrim.ru/video/2204568,ok,,C:\Users\PeppermintButler\Desktop\Bachelorarbeit\Audio\transkripte\2020-07-09_2204568.txt
2026-07-08T06:05:32,2204256,https://smotrim.ru/video/2204256,ok,,C:\Users\PeppermintButler\Desktop\Bachelorarbeit\Audio\transkripte\2020-07-08_2204256.txt
2026-07-08T06:09:02,2203938,https://smotrim.ru/video/2203938,ok,,C:\Users\PeppermintButler\Desktop\Bachelorarbeit\Audio\transkripte\2020-07-07_2203938.txt
2026-07-08T06:12:52,2203549,https://smotrim.ru/video/2203549,ok,,C:\Users\PeppermintButler\Desktop\Bachelorarbeit\Audio\transkripte\2020-07-06_2203549.txt
2026-07-08T06:16:37,2202760,https://smotrim.ru/video/2202760,ok,,C:\Users\PeppermintButler\Desktop\Bachelorarbeit\Audio\transkripte\2020-07-03_2202760.txt
2026-07-08T06:20:11,2202349,https://smotrim.ru/video/2202349,ok,,C:\Users\PeppermintButler\Desktop\Bachelorarbeit\Audio\transkripte\2020-07-02_2202349.txt
2026-07-08T06:23:29,2201516,https://smotrim.ru/video/2201516,ok,,C:\Users\PeppermintButler\Desktop\Bachelorarbeit\Audio\transkripte\2020-06-30_2201516.txt
2026-07-08T06:27:06,2199922,https://smotrim.ru/video/2199922,ok,,C:\Users\PeppermintButler\Desktop\Bachelorarbeit\Audio\transkripte\2020-06-25_2199922.txt
2026-07-08T06:31:01,2199172,https://smotrim.ru/video/2199172,ok,,C:\Users\PeppermintButler\Desktop\Bachelorarbeit\Audio\transkripte\2020-06-23_2199172.txt
2026-07-08T06:34:38,2197952,https://smotrim.ru/video/2197952,ok,,C:\Users\PeppermintButler\Desktop\Bachelorarbeit\Audio\transkripte\2020-06-19_2197952.txt
2026-07-08T06:38:55,2197513,https://smotrim.ru/video/2197513,ok,,C:\Users\PeppermintButler\Desktop\Bachelorarbeit\Audio\transkripte\2020-06-18_2197513.txt
2026-07-08T06:42:54,2197071,https://smotrim.ru/video/2197071,ok,,C:\Users\PeppermintButler\Desktop\Bachelorarbeit\Audio\transkripte\2020-06-17_2197071.txt
2026-07-08T06:47:19,2196657,https://smotrim.ru/video/2196657,ok,,C:\Users\PeppermintButler\Desktop\Bachelorarbeit\Audio\transkripte\2020-06-16_2196657.txt
2026-07-08T06:51:38,2196241,https://smotrim.ru/video/2196241,ok,,C:\Users\PeppermintButler\Desktop\Bachelorarbeit\Audio\transkripte\2020-06-15_2196241.txt
2026-07-08T06:52:17,2195240,https://smotrim.ru/video/2195240,ok,,C:\Users\PeppermintButler\Desktop\Bachelorarbeit\Audio\transkripte\2020-06-11_2195240.txt
2026-07-08T06:57:41,2194758,https://smotrim.ru/video/2194758,ok,,C:\Users\PeppermintButler\Desktop\Bachelorarbeit\Audio\transkripte\2020-06-10_2194758.txt
2026-07-08T07:01:22,2177374,https://smotrim.ru/video/2177374,ok,,C:\Users\PeppermintButler\Desktop\Bachelorarbeit\Audio\transkripte\2020-06-09_2177374.txt
2026-07-08T07:05:02,2167341,https://smotrim.ru/video/2167341,ok,,C:\Users\PeppermintButler\Desktop\Bachelorarbeit\Audio\transkripte\2020-06-08_2167341.txt
2026-07-08T07:08:43,2166447,https://smotrim.ru/video/2166447,ok,,C:\Users\PeppermintButler\Desktop\Bachelorarbeit\Audio\transkripte\2020-06-05_2166447.txt
2026-07-08T07:13:43,2165317,https://smotrim.ru/video/2165317,ok,,C:\Users\PeppermintButler\Desktop\Bachelorarbeit\Audio\transkripte\2020-06-03_2165317.txt
2026-07-08T07:17:33,2153399,https://smotrim.ru/video/2153399,ok,,C:\Users\PeppermintButler\Desktop\Bachelorarbeit\Audio\transkripte\2020-06-02_2153399.txt
2026-07-08T07:21:07,2152936,https://smotrim.ru/video/2152936,ok,,C:\Users\PeppermintButler\Desktop\Bachelorarbeit\Audio\transkripte\2020-06-01_2152936.txt
2026-07-08T07:24:50,2152064,https://smotrim.ru/video/2152064,ok,,C:\Users\PeppermintButler\Desktop\Bachelorarbeit\Audio\transkripte\2020-05-29_2152064.txt
2026-07-08T07:29:10,2151589,https://smotrim.ru/video/2151589,ok,,C:\Users\PeppermintButler\Desktop\Bachelorarbeit\Audio\transkripte\2020-05-28_2151589.txt
2026-07-08T07:34:08,2151096,https://smotrim.ru/video/2151096,ok,,C:\Users\PeppermintButler\Desktop\Bachelorarbeit\Audio\transkripte\2020-05-27_2151096.txt
2026-07-08T07:38:26,2150685,https://smotrim.ru/video/2150685,ok,,C:\Users\PeppermintButler\Desktop\Bachelorarbeit\Audio\transkripte\2020-05-26_2150685.txt
2026-07-08T07:42:27,2150204,https://smotrim.ru/video/2150204,ok,,C:\Users\PeppermintButler\Desktop\Bachelorarbeit\Audio\transkripte\2020-05-25_2150204.txt
2026-07-08T07:46:08,2149286,https://smotrim.ru/video/2149286,ok,,C:\Users\PeppermintButler\Desktop\Bachelorarbeit\Audio\transkripte\2020-05-22_2149286.txt
2026-07-08T07:49:46,2148816,https://smotrim.ru/video/2148816,ok,,C:\Users\PeppermintButler\Desktop\Bachelorarbeit\Audio\transkripte\2020-05-21_2148816.txt
2026-07-08T07:54:26,2148273,https://smotrim.ru/video/2148273,ok,,C:\Users\PeppermintButler\Desktop\Bachelorarbeit\Audio\transkripte\2020-05-20_2148273.txt
2026-07-08T07:58:01,2147923,https://smotrim.ru/video/2147923,ok,,C:\Users\PeppermintButler\Desktop\Bachelorarbeit\Audio\transkripte\2020-05-19_2147923.txt
2026-07-08T08:04:09,2147807,https://smotrim.ru/video/2147807,ok,,C:\Users\PeppermintButler\Desktop\Bachelorarbeit\Audio\transkripte\2020-05-19_2147807.txt
2026-07-08T08:08:52,2147478,https://smotrim.ru/video/2147478,ok,,C:\Users\PeppermintButler\Desktop\Bachelorarbeit\Audio\transkripte\2020-05-18_2147478.txt
2026-07-08T08:12:33,2147355,https://smotrim.ru/video/2147355,ok,,C:\Users\PeppermintButler\Desktop\Bachelorarbeit\Audio\transkripte\2020-05-18_2147355.txt
2026-07-08T08:17:43,2146619,https://smotrim.ru/video/2146619,ok,,C:\Users\PeppermintButler\Desktop\Bachelorarbeit\Audio\transkripte\2020-05-15_2146619.txt
2026-07-08T08:22:01,2146514,https://smotrim.ru/video/2146514,ok,,C:\Users\PeppermintButler\Desktop\Bachelorarbeit\Audio\transkripte\2020-05-15_2146514.txt
2026-07-08T08:27:19,2146181,https://smotrim.ru/video/2146181,ok,,C:\Users\PeppermintButler\Desktop\Bachelorarbeit\Audio\transkripte\2020-05-14_2146181.txt
2026-07-08T08:30:57,2146079,https://smotrim.ru/video/2146079,ok,,C:\Users\PeppermintButler\Desktop\Bachelorarbeit\Audio\transkripte\2020-05-14_2146079.txt
2026-07-08T08:34:52,2024763,https://smotrim.ru/video/2024763,ok,,C:\Users\PeppermintButler\Desktop\Bachelorarbeit\Audio\transkripte\2020-05-13_2024763.txt
2026-07-08T08:38:36,2024668,https://smotrim.ru/video/2024668,ok,,C:\Users\PeppermintButler\Desktop\Bachelorarbeit\Audio\transkripte\2020-05-13_2024668.txt
2026-07-08T08:42:14,2024408,https://smotrim.ru/video/2024408,ok,,C:\Users\PeppermintButler\Desktop\Bachelorarbeit\Audio\transkripte\2020-05-12_2024408.txt
2026-07-08T08:45:42,2024301,https://smotrim.ru/video/2024301,ok,,C:\Users\PeppermintButler\Desktop\Bachelorarbeit\Audio\transkripte\2020-05-12_2024301.txt
2026-07-08T08:49:24,2024041,https://smotrim.ru/video/2024041,ok,,C:\Users\PeppermintButler\Desktop\Bachelorarbeit\Audio\transkripte\2020-05-11_2024041.txt
2026-07-08T08:53:42,2023980,https://smotrim.ru/video/2023980,ok,,C:\Users\PeppermintButler\Desktop\Bachelorarbeit\Audio\transkripte\2020-05-11_2023980.txt
2026-07-08T08:57:22,2020931,https://smotrim.ru/video/2020931,ok,,C:\Users\PeppermintButler\Desktop\Bachelorarbeit\Audio\transkripte\2020-04-30_2020931.txt
2026-07-08T09:01:34,2020837,https://smotrim.ru/video/2020837,ok,,C:\Users\PeppermintButler\Desktop\Bachelorarbeit\Audio\transkripte\2020-04-30_2020837.txt
2026-07-08T09:05:36,2020579,https://smotrim.ru/video/2020579,ok,,C:\Users\PeppermintButler\Desktop\Bachelorarbeit\Audio\transkripte\2020-04-29_2020579.txt
2026-07-08T09:09:16,2020450,https://smotrim.ru/video/2020450,ok,,C:\Users\PeppermintButler\Desktop\Bachelorarbeit\Audio\transkripte\2020-04-29_2020450.txt
2026-07-08T09:12:52,2020208,https://smotrim.ru/video/2020208,ok,,C:\Users\PeppermintButler\Desktop\Bachelorarbeit\Audio\transkripte\2020-04-28_2020208.txt
2026-07-08T09:16:42,2020110,https://smotrim.ru/video/2020110,ok,,C:\Users\PeppermintButler\Desktop\Bachelorarbeit\Audio\transkripte\2020-04-28_2020110.txt
2026-07-08T09:20:44,2019862,https://smotrim.ru/video/2019862,ok,,C:\Users\PeppermintButler\Desktop\Bachelorarbeit\Audio\transkripte\2020-04-27_2019862.txt
2026-07-08T09:24:23,2019768,https://smotrim.ru/video/2019768,ok,,C:\Users\PeppermintButler\Desktop\Bachelorarbeit\Audio\transkripte\2020-04-27_2019768.txt
2026-07-08T09:28:13,2019130,https://smotrim.ru/video/2019130,ok,,C:\Users\PeppermintButler\Desktop\Bachelorarbeit\Audio\transkripte\2020-04-24_2019130.txt
2026-07-08T09:31:47,2018991,https://smotrim.ru/video/2018991,ok,,C:\Users\PeppermintButler\Desktop\Bachelorarbeit\Audio\transkripte\2020-04-24_2018991.txt
2026-07-08T09:35:38,2018740,https://smotrim.ru/video/2018740,ok,,C:\Users\PeppermintButler\Desktop\Bachelorarbeit\Audio\transkripte\2020-04-23_2018740.txt
2026-07-08T09:39:37,2018608,https://smotrim.ru/video/2018608,ok,,C:\Users\PeppermintButler\Desktop\Bachelorarbeit\Audio\transkripte\2020-04-23_2018608.txt
2026-07-08T09:43:18,2018335,https://smotrim.ru/video/2018335,ok,,C:\Users\PeppermintButler\Desktop\Bachelorarbeit\Audio\transkripte\2020-04-22_2018335.txt
2026-07-08T09:47:09,2018208,https://smotrim.ru/video/2018208,ok,,C:\Users\PeppermintButler\Desktop\Bachelorarbeit\Audio\transkripte\2020-04-22_2018208.txt
2026-07-08T09:50:55,2017958,https://smotrim.ru/video/2017958,ok,,C:\Users\PeppermintButler\Desktop\Bachelorarbeit\Audio\transkripte\2020-04-21_2017958.txt
2026-07-08T09:55:07,2017869,https://smotrim.ru/video/2017869,ok,,C:\Users\PeppermintButler\Desktop\Bachelorarbeit\Audio\transkripte\2020-04-21_2017869.txt
2026-07-08T09:59:05,2017599,https://smotrim.ru/video/2017599,ok,,C:\Users\PeppermintButler\Desktop\Bachelorarbeit\Audio\transkripte\2020-04-20_2017599.txt
2026-07-08T10:03:12,2017513,https://smotrim.ru/video/2017513,ok,,C:\Users\PeppermintButler\Desktop\Bachelorarbeit\Audio\transkripte\2020-04-20_2017513.txt
2026-07-08T10:06:46,2016892,https://smotrim.ru/video/2016892,ok,,C:\Users\PeppermintButler\Desktop\Bachelorarbeit\Audio\transkripte\2020-04-17_2016892.txt
2026-07-08T10:10:23,2016777,https://smotrim.ru/video/2016777,ok,,C:\Users\PeppermintButler\Desktop\Bachelorarbeit\Audio\transkripte\2020-04-17_2016777.txt
2026-07-08T10:14:11,2016519,https://smotrim.ru/video/2016519,ok,,C:\Users\PeppermintButler\Desktop\Bachelorarbeit\Audio\transkripte\2020-04-16_2016519.txt
2026-07-08T10:17:59,2016352,https://smotrim.ru/video/2016352,ok,,C:\Users\PeppermintButler\Desktop\Bachelorarbeit\Audio\transkripte\2020-04-16_2016352.txt
2026-07-08T10:22:26,2016121,https://smotrim.ru/video/2016121,ok,,C:\Users\PeppermintButler\Desktop\Bachelorarbeit\Audio\transkripte\2020-04-15_2016121.txt
2026-07-08T10:26:30,2016000,https://smotrim.ru/video/2016000,ok,,C:\Users\PeppermintButler\Desktop\Bachelorarbeit\Audio\transkripte\2020-04-15_2016000.txt
2026-07-08T10:30:19,2015753,https://smotrim.ru/video/2015753,ok,,C:\Users\PeppermintButler\Desktop\Bachelorarbeit\Audio\transkripte\2020-04-14_2015753.txt
2026-07-08T10:34:11,2015651,https://smotrim.ru/video/2015651,ok,,C:\Users\PeppermintButler\Desktop\Bachelorarbeit\Audio\transkripte\2020-04-14_2015651.txt
2026-07-08T10:37:46,2015390,https://smotrim.ru/video/2015390,ok,,C:\Users\PeppermintButler\Desktop\Bachelorarbeit\Audio\transkripte\2020-04-13_2015390.txt
2026-07-08T10:41:49,2015282,https://smotrim.ru/video/2015282,ok,,C:\Users\PeppermintButler\Desktop\Bachelorarbeit\Audio\transkripte\2020-04-13_2015282.txt
2026-07-08T10:45:40,2014623,https://smotrim.ru/video/2014623,ok,,C:\Users\PeppermintButler\Desktop\Bachelorarbeit\Audio\transkripte\2020-04-10_2014623.txt
2026-07-08T10:49:20,2014497,https://smotrim.ru/video/2014497,ok,,C:\Users\PeppermintButler\Desktop\Bachelorarbeit\Audio\transkripte\2020-04-10_2014497.txt
2026-07-08T10:53:30,2014217,https://smotrim.ru/video/2014217,ok,,C:\Users\PeppermintButler\Desktop\Bachelorarbeit\Audio\transkripte\2020-04-09_2014217.txt
2026-07-08T10:58:51,2014085,https://smotrim.ru/video/2014085,ok,,C:\Users\PeppermintButler\Desktop\Bachelorarbeit\Audio\transkripte\2020-04-09_2014085.txt
2026-07-08T11:04:16,2013823,https://smotrim.ru/video/2013823,ok,,C:\Users\PeppermintButler\Desktop\Bachelorarbeit\Audio\transkripte\2020-04-08_2013823.txt
2026-07-08T11:09:34,2013720,https://smotrim.ru/video/2013720,ok,,C:\Users\PeppermintButler\Desktop\Bachelorarbeit\Audio\transkripte\2020-04-08_2013720.txt
2026-07-08T11:13:05,2013434,https://smotrim.ru/video/2013434,ok,,C:\Users\PeppermintButler\Desktop\Bachelorarbeit\Audio\transkripte\2020-04-07_2013434.txt
2026-07-08T11:16:47,2013330,https://smotrim.ru/video/2013330,ok,,C:\Users\PeppermintButler\Desktop\Bachelorarbeit\Audio\transkripte\2020-04-07_2013330.txt
2026-07-08T11:20:11,2013056,https://smotrim.ru/video/2013056,ok,,C:\Users\PeppermintButler\Desktop\Bachelorarbeit\Audio\transkripte\2020-04-06_2013056.txt
2026-07-08T11:23:55,2012942,https://smotrim.ru/video/2012942,ok,,C:\Users\PeppermintButler\Desktop\Bachelorarbeit\Audio\transkripte\2020-04-06_2012942.txt
2026-07-08T11:27:11,2012293,https://smotrim.ru/video/2012293,ok,,C:\Users\PeppermintButler\Desktop\Bachelorarbeit\Audio\transkripte\2020-04-03_2012293.txt
2026-07-08T11:31:00,2012208,https://smotrim.ru/video/2012208,ok,,C:\Users\PeppermintButler\Desktop\Bachelorarbeit\Audio\transkripte\2020-04-03_2012208.txt
2026-07-08T11:34:58,2011912,https://smotrim.ru/video/2011912,ok,,C:\Users\PeppermintButler\Desktop\Bachelorarbeit\Audio\transkripte\2020-03-02_2011912.txt
2026-07-08T11:39:16,2011796,https://smotrim.ru/video/2011796,ok,,C:\Users\PeppermintButler\Desktop\Bachelorarbeit\Audio\transkripte\2020-04-02_2011796.txt
2026-07-08T11:42:35,2011520,https://smotrim.ru/video/2011520,ok,,C:\Users\PeppermintButler\Desktop\Bachelorarbeit\Audio\transkripte\2020-04-01_2011520.txt
2026-07-08T11:46:44,2011413,https://smotrim.ru/video/2011413,ok,,C:\Users\PeppermintButler\Desktop\Bachelorarbeit\Audio\transkripte\2020-04-01_2011413.txt
2026-07-08T11:50:47,2011106,https://smotrim.ru/video/2011106,ok,,C:\Users\PeppermintButler\Desktop\Bachelorarbeit\Audio\transkripte\2020-03-31_2011106.txt
2026-07-08T11:54:06,2010756,https://smotrim.ru/video/2010756,ok,,C:\Users\PeppermintButler\Desktop\Bachelorarbeit\Audio\transkripte\2020-03-30_2010756.txt
2026-07-08T11:56:58,2009999,https://smotrim.ru/video/2009999,ok,,C:\Users\PeppermintButler\Desktop\Bachelorarbeit\Audio\transkripte\2020-03-27_2009999.txt
2026-07-08T11:59:46,2009897,https://smotrim.ru/video/2009897,ok,,C:\Users\PeppermintButler\Desktop\Bachelorarbeit\Audio\transkripte\2020-03-27_2009897.txt
2026-07-08T12:02:34,2009581,https://smotrim.ru/video/2009581,ok,,C:\Users\PeppermintButler\Desktop\Bachelorarbeit\Audio\transkripte\2020-03-26_2009581.txt
2026-07-08T12:05:26,2009461,https://smotrim.ru/video/2009461,ok,,C:\Users\PeppermintButler\Desktop\Bachelorarbeit\Audio\transkripte\2020-03-26_2009461.txt
2026-07-08T12:08:05,2009149,https://smotrim.ru/video/2009149,ok,,C:\Users\PeppermintButler\Desktop\Bachelorarbeit\Audio\transkripte\2020-03-25_2009149.txt
2026-07-08T12:10:54,2009041,https://smotrim.ru/video/2009041,ok,,C:\Users\PeppermintButler\Desktop\Bachelorarbeit\Audio\transkripte\2020-03-25_2009041.txt
2026-07-08T12:13:46,2008723,https://smotrim.ru/video/2008723,ok,,C:\Users\PeppermintButler\Desktop\Bachelorarbeit\Audio\transkripte\2020-03-24_2008723.txt
2026-07-08T12:16:41,2008600,https://smotrim.ru/video/2008600,ok,,C:\Users\PeppermintButler\Desktop\Bachelorarbeit\Audio\transkripte\2020-03-24_2008600.txt
2026-07-08T12:19:29,2008266,https://smotrim.ru/video/2008266,ok,,C:\Users\PeppermintButler\Desktop\Bachelorarbeit\Audio\transkripte\2020-03-23_2008266.txt
2026-07-08T12:22:12,2008157,https://smotrim.ru/video/2008157,ok,,C:\Users\PeppermintButler\Desktop\Bachelorarbeit\Audio\transkripte\2020-03-23_2008157.txt
2026-07-08T12:25:14,2007498,https://smotrim.ru/video/2007498,ok,,C:\Users\PeppermintButler\Desktop\Bachelorarbeit\Audio\transkripte\2020-03-20_2007498.txt
2026-07-08T12:28:17,2007298,https://smotrim.ru/video/2007298,ok,,C:\Users\PeppermintButler\Desktop\Bachelorarbeit\Audio\transkripte\2020-03-20_2007298.txt
2026-07-08T12:32:03,2006929,https://smotrim.ru/video/2006929,ok,,C:\Users\PeppermintButler\Desktop\Bachelorarbeit\Audio\transkripte\2020-03-19_2006929.txt
2026-07-08T12:35:06,2006785,https://smotrim.ru/video/2006785,ok,,C:\Users\PeppermintButler\Desktop\Bachelorarbeit\Audio\transkripte\2020-03-19_2006785.txt
2026-07-08T12:37:52,2006468,https://smotrim.ru/video/2006468,ok,,C:\Users\PeppermintButler\Desktop\Bachelorarbeit\Audio\transkripte\2020-03-18_2006468.txt
2026-07-08T12:40:36,2006335,https://smotrim.ru/video/2006335,ok,,C:\Users\PeppermintButler\Desktop\Bachelorarbeit\Audio\transkripte\2020-03-18_2006335.txt
2026-07-08T12:43:28,2006009,https://smotrim.ru/video/2006009,ok,,C:\Users\PeppermintButler\Desktop\Bachelorarbeit\Audio\transkripte\2020-03-17_2006009.txt
2026-07-08T12:46:35,2005892,https://smotrim.ru/video/2005892,ok,,C:\Users\PeppermintButler\Desktop\Bachelorarbeit\Audio\transkripte\2020-03-17_2005892.txt
2026-07-08T12:49:32,2005612,https://smotrim.ru/video/2005612,ok,,C:\Users\PeppermintButler\Desktop\Bachelorarbeit\Audio\transkripte\2020-03-16_2005612.txt
2026-07-08T12:52:28,2005477,https://smotrim.ru/video/2005477,ok,,C:\Users\PeppermintButler\Desktop\Bachelorarbeit\Audio\transkripte\2020-03-16_2005477.txt
2026-07-08T12:55:36,2004792,https://smotrim.ru/video/2004792,ok,,C:\Users\PeppermintButler\Desktop\Bachelorarbeit\Audio\transkripte\2020-03-13_2004792.txt
2026-07-08T12:58:31,2004681,https://smotrim.ru/video/2004681,ok,,C:\Users\PeppermintButler\Desktop\Bachelorarbeit\Audio\transkripte\2020-03-13_2004681.txt
2026-07-08T13:01:52,2004390,https://smotrim.ru/video/2004390,ok,,C:\Users\PeppermintButler\Desktop\Bachelorarbeit\Audio\transkripte\2020-03-12_2004390.txt
2026-07-08T13:06:04,2003984,https://smotrim.ru/video/2003984,ok,,C:\Users\PeppermintButler\Desktop\Bachelorarbeit\Audio\transkripte\2020-03-11_2003984.txt
2026-07-08T13:09:05,2003644,https://smotrim.ru/video/2003644,ok,,C:\Users\PeppermintButler\Desktop\Bachelorarbeit\Audio\transkripte\2020-03-10_2003644.txt
2026-07-08T13:12:36,2002773,https://smotrim.ru/video/2002773,ok,,C:\Users\PeppermintButler\Desktop\Bachelorarbeit\Audio\transkripte\2020-03-06_2002773.txt
2026-07-08T13:15:53,2002311,https://smotrim.ru/video/2002311,ok,,C:\Users\PeppermintButler\Desktop\Bachelorarbeit\Audio\transkripte\2020-03-05_2002311.txt
2026-07-08T13:18:53,2001911,https://smotrim.ru/video/2001911,ok,,C:\Users\PeppermintButler\Desktop\Bachelorarbeit\Audio\transkripte\2020-03-04_2001911.txt
2026-07-08T13:22:04,2001502,https://smotrim.ru/video/2001502,ok,,C:\Users\PeppermintButler\Desktop\Bachelorarbeit\Audio\transkripte\2020-03-03_2001502.txt
2026-07-08T13:25:19,2000301,https://smotrim.ru/video/2000301,ok,,C:\Users\PeppermintButler\Desktop\Bachelorarbeit\Audio\transkripte\2020-02-28_2000301.txt
2026-07-08T13:28:46,1999910,https://smotrim.ru/video/1999910,ok,,C:\Users\PeppermintButler\Desktop\Bachelorarbeit\Audio\transkripte\2020-02-27_1999910.txt
2026-07-08T13:32:35,1999496,https://smotrim.ru/video/1999496,ok,,C:\Users\PeppermintButler\Desktop\Bachelorarbeit\Audio\transkripte\2020-02-26_1999496.txt
2026-07-08T13:36:41,1999095,https://smotrim.ru/video/1999095,ok,,C:\Users\PeppermintButler\Desktop\Bachelorarbeit\Audio\transkripte\2020-02-25_1999095.txt
2026-07-08T13:40:00,1998252,https://smotrim.ru/video/1998252,ok,,C:\Users\PeppermintButler\Desktop\Bachelorarbeit\Audio\transkripte\2020-02-21_1998252.txt
2026-07-08T13:43:01,1997883,https://smotrim.ru/video/1997883,ok,,C:\Users\PeppermintButler\Desktop\Bachelorarbeit\Audio\transkripte\2020-02-20_1997883.txt
2026-07-08T13:47:18,1997477,https://smotrim.ru/video/1997477,ok,,C:\Users\PeppermintButler\Desktop\Bachelorarbeit\Audio\transkripte\2020-02-19_1997477.txt
2026-07-08T13:50:07,1997354,https://smotrim.ru/video/1997354,ok,,C:\Users\PeppermintButler\Desktop\Bachelorarbeit\Audio\transkripte\2020-02-19_1997354.txt
2026-07-08T13:53:11,1997045,https://smotrim.ru/video/1997045,ok,,C:\Users\PeppermintButler\Desktop\Bachelorarbeit\Audio\transkripte\2020-02-18_1997045.txt
2026-07-08T13:56:26,1996935,https://smotrim.ru/video/1996935,ok,,C:\Users\PeppermintButler\Desktop\Bachelorarbeit\Audio\transkripte\2020-02-18_1996935.txt
2026-07-08T14:00:09,1996678,https://smotrim.ru/video/1996678,ok,,C:\Users\PeppermintButler\Desktop\Bachelorarbeit\Audio\transkripte\2020-02-17_1996678.txt
2026-07-08T14:03:26,1996559,https://smotrim.ru/video/1996559,ok,,C:\Users\PeppermintButler\Desktop\Bachelorarbeit\Audio\transkripte\2020-02-17_1996559.txt
2026-07-08T14:06:48,1995915,https://smotrim.ru/video/1995915,ok,,C:\Users\PeppermintButler\Desktop\Bachelorarbeit\Audio\transkripte\2020-02-14_1995915.txt
2026-07-08T14:10:09,1995788,https://smotrim.ru/video/1995788,ok,,C:\Users\PeppermintButler\Desktop\Bachelorarbeit\Audio\transkripte\2020-02-14_1995788.txt
2026-07-08T14:13:39,1995466,https://smotrim.ru/video/1995466,ok,,C:\Users\PeppermintButler\Desktop\Bachelorarbeit\Audio\transkripte\2020-02-13_1995466.txt
2026-07-08T14:16:57,1995360,https://smotrim.ru/video/1995360,ok,,C:\Users\PeppermintButler\Desktop\Bachelorarbeit\Audio\transkripte\2020-02-13_1995360.txt
2026-07-08T14:20:34,1995092,https://smotrim.ru/video/1995092,ok,,C:\Users\PeppermintButler\Desktop\Bachelorarbeit\Audio\transkripte\2020-02-12_1995092.txt
2026-07-08T14:23:40,1994989,https://smotrim.ru/video/1994989,ok,,C:\Users\PeppermintButler\Desktop\Bachelorarbeit\Audio\transkripte\2020-02-12_1994989.txt
2026-07-08T14:27:00,1994708,https://smotrim.ru/video/1994708,ok,,C:\Users\PeppermintButler\Desktop\Bachelorarbeit\Audio\transkripte\2020-02-11_1994708.txt
2026-07-08T14:30:01,1994593,https://smotrim.ru/video/1994593,ok,,C:\Users\PeppermintButler\Desktop\Bachelorarbeit\Audio\transkripte\2020-02-11_1994593.txt
2026-07-08T14:33:05,1994304,https://smotrim.ru/video/1994304,ok,,C:\Users\PeppermintButler\Desktop\Bachelorarbeit\Audio\transkripte\2020-02-10_1994304.txt
2026-07-08T14:36:28,1994201,https://smotrim.ru/video/1994201,ok,,C:\Users\PeppermintButler\Desktop\Bachelorarbeit\Audio\transkripte\2020-02-10_1994201.txt
2026-07-08T14:40:31,1993551,https://smotrim.ru/video/1993551,ok,,C:\Users\PeppermintButler\Desktop\Bachelorarbeit\Audio\transkripte\2020-02-07_1993551.txt
2026-07-08T14:43:31,1993428,https://smotrim.ru/video/1993428,ok,,C:\Users\PeppermintButler\Desktop\Bachelorarbeit\Audio\transkripte\2020-02-07_1993428.txt
2026-07-08T14:47:11,1993172,https://smotrim.ru/video/1993172,ok,,C:\Users\PeppermintButler\Desktop\Bachelorarbeit\Audio\transkripte\2020-02-06_1993172.txt
2026-07-08T14:50:16,1993031,https://smotrim.ru/video/1993031,ok,,C:\Users\PeppermintButler\Desktop\Bachelorarbeit\Audio\transkripte\2020-02-06_1993031.txt
2026-07-08T14:53:29,1992743,https://smotrim.ru/video/1992743,ok,,C:\Users\PeppermintButler\Desktop\Bachelorarbeit\Audio\transkripte\2020-02-05_1992743.txt
2026-07-08T14:57:15,1992636,https://smotrim.ru/video/1992636,ok,,C:\Users\PeppermintButler\Desktop\Bachelorarbeit\Audio\transkripte\2020-02-05_1992636.txt
2026-07-08T15:01:09,1992345,https://smotrim.ru/video/1992345,ok,,C:\Users\PeppermintButler\Desktop\Bachelorarbeit\Audio\transkripte\2020-02-04_1992345.txt
2026-07-08T15:04:00,1992260,https://smotrim.ru/video/1992260,ok,,C:\Users\PeppermintButler\Desktop\Bachelorarbeit\Audio\transkripte\2020-02-04_1992260.txt
2026-07-08T15:07:16,1991977,https://smotrim.ru/video/1991977,ok,,C:\Users\PeppermintButler\Desktop\Bachelorarbeit\Audio\transkripte\2020-02-03_1991977.txt
2026-07-08T15:10:37,1991871,https://smotrim.ru/video/1991871,ok,,C:\Users\PeppermintButler\Desktop\Bachelorarbeit\Audio\transkripte\2020-02-03_1991871.txt
2026-07-08T15:13:38,1991168,https://smotrim.ru/video/1991168,ok,,C:\Users\PeppermintButler\Desktop\Bachelorarbeit\Audio\transkripte\2020-01-31_1991168.txt
2026-07-08T15:16:51,1991028,https://smotrim.ru/video/1991028,ok,,C:\Users\PeppermintButler\Desktop\Bachelorarbeit\Audio\transkripte\2020-01-31_1991028.txt
2026-07-08T15:19:49,1990752,https://smotrim.ru/video/1990752,ok,,C:\Users\PeppermintButler\Desktop\Bachelorarbeit\Audio\transkripte\2020-01-30_1990752.txt
2026-07-08T15:22:50,1990641,https://smotrim.ru/video/1990641,ok,,C:\Users\PeppermintButler\Desktop\Bachelorarbeit\Audio\transkripte\2020-01-30_1990641.txt
2026-07-08T15:25:52,1990319,https://smotrim.ru/video/1990319,ok,,C:\Users\PeppermintButler\Desktop\Bachelorarbeit\Audio\transkripte\2020-01-29_1990319.txt
2026-07-08T15:30:09,1990199,https://smotrim.ru/video/1990199,ok,,C:\Users\PeppermintButler\Desktop\Bachelorarbeit\Audio\transkripte\2020-01-29_1990199.txt
2026-07-08T15:33:03,1989852,https://smotrim.ru/video/1989852,ok,,C:\Users\PeppermintButler\Desktop\Bachelorarbeit\Audio\transkripte\2020-01-28_1989852.txt
2026-07-08T15:36:02,1989736,https://smotrim.ru/video/1989736,ok,,C:\Users\PeppermintButler\Desktop\Bachelorarbeit\Audio\transkripte\2020-01-28_1989736.txt
2026-07-08T15:39:02,1989439,https://smotrim.ru/video/1989439,ok,,C:\Users\PeppermintButler\Desktop\Bachelorarbeit\Audio\transkripte\2020-01-27_1989439.txt
2026-07-08T15:42:05,1989332,https://smotrim.ru/video/1989332,ok,,C:\Users\PeppermintButler\Desktop\Bachelorarbeit\Audio\transkripte\2020-01-27_1989332.txt
2026-07-08T15:45:16,1988704,https://smotrim.ru/video/1988704,ok,,C:\Users\PeppermintButler\Desktop\Bachelorarbeit\Audio\transkripte\2020-01-24_1988704.txt
2026-07-08T15:48:54,1988583,https://smotrim.ru/video/1988583,ok,,C:\Users\PeppermintButler\Desktop\Bachelorarbeit\Audio\transkripte\2020-01-24_1988583.txt
2026-07-08T15:51:50,1988305,https://smotrim.ru/video/1988305,ok,,C:\Users\PeppermintButler\Desktop\Bachelorarbeit\Audio\transkripte\2020-01-23_1988305.txt
2026-07-08T15:55:04,1988196,https://smotrim.ru/video/1988196,ok,,C:\Users\PeppermintButler\Desktop\Bachelorarbeit\Audio\transkripte\2020-01-23_1988196.txt
2026-07-08T15:58:53,1987865,https://smotrim.ru/video/1987865,ok,,C:\Users\PeppermintButler\Desktop\Bachelorarbeit\Audio\transkripte\2020-01-22_1987865.txt
2026-07-08T16:01:49,1987751,https://smotrim.ru/video/1987751,ok,,C:\Users\PeppermintButler\Desktop\Bachelorarbeit\Audio\transkripte\2020-01-22_1987751.txt
2026-07-08T16:08:46,1987467,https://smotrim.ru/video/1987467,ok,,C:\Users\PeppermintButler\Desktop\Bachelorarbeit\Audio\transkripte\2020-01-21_1987467.txt
2026-07-08T16:11:57,1987329,https://smotrim.ru/video/1987329,ok,,C:\Users\PeppermintButler\Desktop\Bachelorarbeit\Audio\transkripte\2020-01-21_1987329.txt
2026-07-08T16:15:39,1987021,https://smotrim.ru/video/1987021,ok,,C:\Users\PeppermintButler\Desktop\Bachelorarbeit\Audio\transkripte\2020-01-20_1987021.txt
2026-07-08T16:19:28,1986890,https://smotrim.ru/video/1986890,ok,,C:\Users\PeppermintButler\Desktop\Bachelorarbeit\Audio\transkripte\2020-01-20_1986890.txt
2026-07-08T16:22:24,1986229,https://smotrim.ru/video/1986229,ok,,C:\Users\PeppermintButler\Desktop\Bachelorarbeit\Audio\transkripte\2020-01-17_1986229.txt
2026-07-08T16:26:16,1986107,https://smotrim.ru/video/1986107,ok,,C:\Users\PeppermintButler\Desktop\Bachelorarbeit\Audio\transkripte\2020-01-17_1986107.txt
2026-07-08T16:29:59,1985814,https://smotrim.ru/video/1985814,ok,,C:\Users\PeppermintButler\Desktop\Bachelorarbeit\Audio\transkripte\2020-01-16_1985814.txt
2026-07-08T16:33:59,1985679,https://smotrim.ru/video/1985679,ok,,C:\Users\PeppermintButler\Desktop\Bachelorarbeit\Audio\transkripte\2020-01-16_1985679.txt
2026-07-08T16:40:19,1985391,https://smotrim.ru/video/1985391,ok,,C:\Users\PeppermintButler\Desktop\Bachelorarbeit\Audio\transkripte\2020-01-15_1985391.txt
2026-07-08T16:43:29,1985029,https://smotrim.ru/video/1985029,ok,,C:\Users\PeppermintButler\Desktop\Bachelorarbeit\Audio\transkripte\2020-01-14_1985029.txt
2026-07-08T16:47:27,1984575,https://smotrim.ru/video/1984575,ok,,C:\Users\PeppermintButler\Desktop\Bachelorarbeit\Audio\transkripte\2020-01-13_1984575.txt
2026-07-08T16:51:56,1983552,https://smotrim.ru/video/1983552,ok,,C:\Users\PeppermintButler\Desktop\Bachelorarbeit\Audio\transkripte\2020-01-09_1983552.txt
2026-07-08T16:55:15,2371331,https://smotrim.ru/video/2371331,ok,,C:\Users\PeppermintButler\Desktop\Bachelorarbeit\Audio\transkripte\2021-12-29_2371331.txt
2026-07-08T16:59:23,2371251,https://smotrim.ru/video/2371251,ok,,C:\Users\PeppermintButler\Desktop\Bachelorarbeit\Audio\transkripte\2021-12-29_2371251.txt
2026-07-08T17:03:36,2371016,https://smotrim.ru/video/2371016,ok,,C:\Users\PeppermintButler\Desktop\Bachelorarbeit\Audio\transkripte\2021-12-28_2371016.txt
2026-07-08T17:07:01,2370937,https://smotrim.ru/video/2370937,ok,,C:\Users\PeppermintButler\Desktop\Bachelorarbeit\Audio\transkripte\2021-12-28_2370937.txt
2026-07-08T17:10:30,2370679,https://smotrim.ru/video/2370679,ok,,C:\Users\PeppermintButler\Desktop\Bachelorarbeit\Audio\transkripte\2021-12-27_2370679.txt
2026-07-08T17:14:12,2370615,https://smotrim.ru/video/2370615,ok,,C:\Users\PeppermintButler\Desktop\Bachelorarbeit\Audio\transkripte\2021-12-27_2370615.txt
2026-07-08T17:17:31,2369942,https://smotrim.ru/video/2369942,ok,,C:\Users\PeppermintButler\Desktop\Bachelorarbeit\Audio\transkripte\2021-12-24_2369942.txt
2026-07-08T17:21:01,2369772,https://smotrim.ru/video/2369772,ok,,C:\Users\PeppermintButler\Desktop\Bachelorarbeit\Audio\transkripte\2021-12-24_2369772.txt
2026-07-08T17:24:33,2369564,https://smotrim.ru/video/2369564,ok,,C:\Users\PeppermintButler\Desktop\Bachelorarbeit\Audio\transkripte\2021-12-23_2369564.txt
2026-07-08T17:28:07,2369454,https://smotrim.ru/video/2369454,ok,,C:\Users\PeppermintButler\Desktop\Bachelorarbeit\Audio\transkripte\2021-12-23_2369454.txt
2026-07-08T17:31:34,2369293,https://smotrim.ru/video/2369293,ok,,C:\Users\PeppermintButler\Desktop\Bachelorarbeit\Audio\transkripte\2021-12-22_2369293.txt
2026-07-08T17:35:12,2369152,https://smotrim.ru/video/2369152,ok,,C:\Users\PeppermintButler\Desktop\Bachelorarbeit\Audio\transkripte\2021-12-22_2369152.txt
2026-07-08T17:38:21,2368971,https://smotrim.ru/video/2368971,ok,,C:\Users\PeppermintButler\Desktop\Bachelorarbeit\Audio\transkripte\2021-12-21_2368971.txt
2026-07-08T17:41:37,2368826,https://smotrim.ru/video/2368826,ok,,C:\Users\PeppermintButler\Desktop\Bachelorarbeit\Audio\transkripte\2021-12-21_2368826.txt
2026-07-08T17:44:56,2368633,https://smotrim.ru/video/2368633,ok,,C:\Users\PeppermintButler\Desktop\Bachelorarbeit\Audio\transkripte\2021-12-20_2368633.txt
2026-07-08T17:48:53,2368436,https://smotrim.ru/video/2368436,ok,,C:\Users\PeppermintButler\Desktop\Bachelorarbeit\Audio\transkripte\2021-12-20_2368436.txt
2026-07-08T17:52:19,2367869,https://smotrim.ru/video/2367869,ok,,C:\Users\PeppermintButler\Desktop\Bachelorarbeit\Audio\transkripte\2021-12-17_2367869.txt
2026-07-08T17:55:30,2367740,https://smotrim.ru/video/2367740,ok,,C:\Users\PeppermintButler\Desktop\Bachelorarbeit\Audio\transkripte\2021-12-17_2367740.txt
2026-07-08T17:59:58,2367487,https://smotrim.ru/video/2367487,ok,,C:\Users\PeppermintButler\Desktop\Bachelorarbeit\Audio\transkripte\2021-12-16_2367487.txt
2026-07-08T18:03:34,2367350,https://smotrim.ru/video/2367350,ok,,C:\Users\PeppermintButler\Desktop\Bachelorarbeit\Audio\transkripte\2021-12-16_2367350.txt
2026-07-08T18:07:31,2367170,https://smotrim.ru/video/2367170,ok,,C:\Users\PeppermintButler\Desktop\Bachelorarbeit\Audio\transkripte\2021-12-15_2367170.txt
2026-07-08T18:11:00,2367062,https://smotrim.ru/video/2367062,ok,,C:\Users\PeppermintButler\Desktop\Bachelorarbeit\Audio\transkripte\2021-12-15_2367062.txt
2026-07-08T18:14:19,2366836,https://smotrim.ru/video/2366836,ok,,C:\Users\PeppermintButler\Desktop\Bachelorarbeit\Audio\transkripte\2021-12-14_2366836.txt
2026-07-08T18:17:43,2366773,https://smotrim.ru/video/2366773,ok,,C:\Users\PeppermintButler\Desktop\Bachelorarbeit\Audio\transkripte\2021-12-14_2366773.txt
2026-07-08T18:21:35,2366527,https://smotrim.ru/video/2366527,ok,,C:\Users\PeppermintButler\Desktop\Bachelorarbeit\Audio\transkripte\2021-12-13_2366527.txt
2026-07-08T18:24:56,2366391,https://smotrim.ru/video/2366391,ok,,C:\Users\PeppermintButler\Desktop\Bachelorarbeit\Audio\transkripte\2021-12-13_2366391.txt
2026-07-08T18:28:14,2365778,https://smotrim.ru/video/2365778,ok,,C:\Users\PeppermintButler\Desktop\Bachelorarbeit\Audio\transkripte\2021-12-10_2365778.txt
2026-07-08T18:31:35,2365583,https://smotrim.ru/video/2365583,ok,,C:\Users\PeppermintButler\Desktop\Bachelorarbeit\Audio\transkripte\2021-12-10_2365583.txt
2026-07-08T18:35:54,2365393,https://smotrim.ru/video/2365393,ok,,C:\Users\PeppermintButler\Desktop\Bachelorarbeit\Audio\transkripte\2021-12-09_2365393.txt
2026-07-08T18:39:12,2365209,https://smotrim.ru/video/2365209,ok,,C:\Users\PeppermintButler\Desktop\Bachelorarbeit\Audio\transkripte\2021-12-09_2365209.txt
2026-07-08T18:42:22,2364997,https://smotrim.ru/video/2364997,ok,,C:\Users\PeppermintButler\Desktop\Bachelorarbeit\Audio\transkripte\2021-12-08_2364997.txt
2026-07-08T18:45:53,2364846,https://smotrim.ru/video/2364846,ok,,C:\Users\PeppermintButler\Desktop\Bachelorarbeit\Audio\transkripte\2021-12-08_2364846.txt
2026-07-08T18:49:42,2364670,https://smotrim.ru/video/2364670,ok,,C:\Users\PeppermintButler\Desktop\Bachelorarbeit\Audio\transkripte\2021-12-07_2364670.txt
2026-07-08T18:52:59,2364507,https://smotrim.ru/video/2364507,ok,,C:\Users\PeppermintButler\Desktop\Bachelorarbeit\Audio\transkripte\2021-12-07_2364507.txt
2026-07-08T18:56:28,2364285,https://smotrim.ru/video/2364285,ok,,C:\Users\PeppermintButler\Desktop\Bachelorarbeit\Audio\transkripte\2021-12-06_2364285.txt
2026-07-08T18:59:48,2364218,https://smotrim.ru/video/2364218,ok,,C:\Users\PeppermintButler\Desktop\Bachelorarbeit\Audio\transkripte\2021-12-06_2364218.txt
2026-07-08T19:03:11,2363607,https://smotrim.ru/video/2363607,ok,,C:\Users\PeppermintButler\Desktop\Bachelorarbeit\Audio\transkripte\2021-12-03_2363607.txt
2026-07-08T19:07:26,2363441,https://smotrim.ru/video/2363441,ok,,C:\Users\PeppermintButler\Desktop\Bachelorarbeit\Audio\transkripte\2021-12-03_2363441.txt
2026-07-08T19:10:59,2363220,https://smotrim.ru/video/2363220,ok,,C:\Users\PeppermintButler\Desktop\Bachelorarbeit\Audio\transkripte\2021-12-02_2363220.txt
2026-07-08T19:14:47,2363127,https://smotrim.ru/video/2363127,ok,,C:\Users\PeppermintButler\Desktop\Bachelorarbeit\Audio\transkripte\2021-12-02_2363127.txt
2026-07-08T19:18:22,2362870,https://smotrim.ru/video/2362870,ok,,C:\Users\PeppermintButler\Desktop\Bachelorarbeit\Audio\transkripte\2021-12-01_2362870.txt
2026-07-08T19:22:04,2362769,https://smotrim.ru/video/2362769,ok,,C:\Users\PeppermintButler\Desktop\Bachelorarbeit\Audio\transkripte\2021-12-01_2362769.txt
2026-07-08T19:25:43,2362501,https://smotrim.ru/video/2362501,ok,,C:\Users\PeppermintButler\Desktop\Bachelorarbeit\Audio\transkripte\2021-11-30_2362501.txt
2026-07-08T19:29:27,2362386,https://smotrim.ru/video/2362386,ok,,C:\Users\PeppermintButler\Desktop\Bachelorarbeit\Audio\transkripte\2021-11-30_2362386.txt
2026-07-08T19:33:20,2362130,https://smotrim.ru/video/2362130,ok,,C:\Users\PeppermintButler\Desktop\Bachelorarbeit\Audio\transkripte\2021-11-29_2362130.txt
2026-07-08T19:37:05,2362028,https://smotrim.ru/video/2362028,ok,,C:\Users\PeppermintButler\Desktop\Bachelorarbeit\Audio\transkripte\2021-11-29_2362028.txt
2026-07-08T19:41:23,2361494,https://smotrim.ru/video/2361494,ok,,C:\Users\PeppermintButler\Desktop\Bachelorarbeit\Audio\transkripte\2021-11-26_2361494.txt
2026-07-08T19:44:52,2361352,https://smotrim.ru/video/2361352,ok,,C:\Users\PeppermintButler\Desktop\Bachelorarbeit\Audio\transkripte\2021-11-26_2361352.txt
2026-07-08T19:48:21,2361042,https://smotrim.ru/video/2361042,ok,,C:\Users\PeppermintButler\Desktop\Bachelorarbeit\Audio\transkripte\2021-11-25_2361042.txt
2026-07-08T19:51:50,2360899,https://smotrim.ru/video/2360899,ok,,C:\Users\PeppermintButler\Desktop\Bachelorarbeit\Audio\transkripte\2021-11-25_2360899.txt
2026-07-08T19:55:20,2360638,https://smotrim.ru/video/2360638,ok,,C:\Users\PeppermintButler\Desktop\Bachelorarbeit\Audio\transkripte\2021-11-24_2360638.txt
2026-07-08T19:59:08,2360530,https://smotrim.ru/video/2360530,ok,,C:\Users\PeppermintButler\Desktop\Bachelorarbeit\Audio\transkripte\2021-11-24_2360530.txt
2026-07-08T20:02:42,2360261,https://smotrim.ru/video/2360261,ok,,C:\Users\PeppermintButler\Desktop\Bachelorarbeit\Audio\transkripte\2021-11-23_2360261.txt
2026-07-08T20:06:16,2360061,https://smotrim.ru/video/2360061,ok,,C:\Users\PeppermintButler\Desktop\Bachelorarbeit\Audio\transkripte\2021-11-23_2360061.txt
2026-07-08T20:10:30,2359785,https://smotrim.ru/video/2359785,ok,,C:\Users\PeppermintButler\Desktop\Bachelorarbeit\Audio\transkripte\2021-11-22_2359785.txt
2026-07-08T20:13:48,2359775,https://smotrim.ru/video/2359775,ok,,C:\Users\PeppermintButler\Desktop\Bachelorarbeit\Audio\transkripte\2021-11-22_2359775.txt
2026-07-08T20:17:14,2359185,https://smotrim.ru/video/2359185,ok,,C:\Users\PeppermintButler\Desktop\Bachelorarbeit\Audio\transkripte\2021-11-19_2359185.txt
2026-07-08T20:20:36,2359016,https://smotrim.ru/video/2359016,ok,,C:\Users\PeppermintButler\Desktop\Bachelorarbeit\Audio\transkripte\2021-11-19_2359016.txt
2026-07-08T20:24:10,2358736,https://smotrim.ru/video/2358736,ok,,C:\Users\PeppermintButler\Desktop\Bachelorarbeit\Audio\transkripte\2021-11-18_2358736.txt
2026-07-08T20:27:55,2358491,https://smotrim.ru/video/2358491,ok,,C:\Users\PeppermintButler\Desktop\Bachelorarbeit\Audio\transkripte\2021-11-18_2358491.txt
2026-07-08T20:31:19,2358333,https://smotrim.ru/video/2358333,ok,,C:\Users\PeppermintButler\Desktop\Bachelorarbeit\Audio\transkripte\2021-11-17_2358333.txt
2026-07-08T20:34:52,2358039,https://smotrim.ru/video/2358039,ok,,C:\Users\PeppermintButler\Desktop\Bachelorarbeit\Audio\transkripte\2021-11-17_2358039.txt
2026-07-08T20:38:10,2357897,https://smotrim.ru/video/2357897,ok,,C:\Users\PeppermintButler\Desktop\Bachelorarbeit\Audio\transkripte\2021-11-16_2357897.txt
2026-07-08T20:41:41,2357755,https://smotrim.ru/video/2357755,ok,,C:\Users\PeppermintButler\Desktop\Bachelorarbeit\Audio\transkripte\2021-11-16_2357755.txt
2026-07-08T20:45:06,2357529,https://smotrim.ru/video/2357529,ok,,C:\Users\PeppermintButler\Desktop\Bachelorarbeit\Audio\transkripte\2021-11-15_2357529.txt
2026-07-08T20:48:32,2357353,https://smotrim.ru/video/2357353,ok,,C:\Users\PeppermintButler\Desktop\Bachelorarbeit\Audio\transkripte\2021-11-15_2357353.txt
2026-07-08T20:52:13,2356861,https://smotrim.ru/video/2356861,ok,,C:\Users\PeppermintButler\Desktop\Bachelorarbeit\Audio\transkripte\2021-11-12_2356861.txt
2026-07-08T20:55:53,2356677,https://smotrim.ru/video/2356677,ok,,C:\Users\PeppermintButler\Desktop\Bachelorarbeit\Audio\transkripte\2021-11-12_2356677.txt
2026-07-08T20:59:18,2356436,https://smotrim.ru/video/2356436,ok,,C:\Users\PeppermintButler\Desktop\Bachelorarbeit\Audio\transkripte\2021-11-11_2356436.txt
2026-07-08T21:02:47,2356317,https://smotrim.ru/video/2356317,ok,,C:\Users\PeppermintButler\Desktop\Bachelorarbeit\Audio\transkripte\2021-11-11_2356317.txt
2026-07-08T21:06:46,2356081,https://smotrim.ru/video/2356081,ok,,C:\Users\PeppermintButler\Desktop\Bachelorarbeit\Audio\transkripte\2021-11-10_2356081.txt
2026-07-08T21:10:33,2355926,https://smotrim.ru/video/2355926,ok,,C:\Users\PeppermintButler\Desktop\Bachelorarbeit\Audio\transkripte\2021-11-10_2355926.txt
2026-07-08T21:14:07,2355725,https://smotrim.ru/video/2355725,ok,,C:\Users\PeppermintButler\Desktop\Bachelorarbeit\Audio\transkripte\2021-11-09_2355725.txt
2026-07-08T21:17:32,2355558,https://smotrim.ru/video/2355558,ok,,C:\Users\PeppermintButler\Desktop\Bachelorarbeit\Audio\transkripte\2021-11-09_2355558.txt
2026-07-08T21:20:45,2355299,https://smotrim.ru/video/2355299,ok,,C:\Users\PeppermintButler\Desktop\Bachelorarbeit\Audio\transkripte\2021-11-08_2355299.txt
2026-07-08T21:24:09,2355158,https://smotrim.ru/video/2355158,ok,,C:\Users\PeppermintButler\Desktop\Bachelorarbeit\Audio\transkripte\2021-11-08_2355158.txt
2026-07-08T21:27:38,2354201,https://smotrim.ru/video/2354201,ok,,C:\Users\PeppermintButler\Desktop\Bachelorarbeit\Audio\transkripte\2021-11-03_2354201.txt
2026-07-08T21:30:55,2354009,https://smotrim.ru/video/2354009,ok,,C:\Users\PeppermintButler\Desktop\Bachelorarbeit\Audio\transkripte\2021-11-03_2354009.txt
2026-07-08T21:34:13,2353788,https://smotrim.ru/video/2353788,ok,,C:\Users\PeppermintButler\Desktop\Bachelorarbeit\Audio\transkripte\2021-11-02_2353788.txt
2026-07-08T21:37:52,2353659,https://smotrim.ru/video/2353659,ok,,C:\Users\PeppermintButler\Desktop\Bachelorarbeit\Audio\transkripte\2021-11-02_2353659.txt
2026-07-08T21:41:23,2353406,https://smotrim.ru/video/2353406,ok,,C:\Users\PeppermintButler\Desktop\Bachelorarbeit\Audio\transkripte\2021-11-01_2353406.txt
2026-07-08T21:45:42,2353284,https://smotrim.ru/video/2353284,ok,,C:\Users\PeppermintButler\Desktop\Bachelorarbeit\Audio\transkripte\2021-11-01_2353284.txt
2026-07-08T21:49:15,2352670,https://smotrim.ru/video/2352670,ok,,C:\Users\PeppermintButler\Desktop\Bachelorarbeit\Audio\transkripte\2021-10-29_2352670.txt
2026-07-08T21:52:50,2352536,https://smotrim.ru/video/2352536,ok,,C:\Users\PeppermintButler\Desktop\Bachelorarbeit\Audio\transkripte\2021-10-29_2352536.txt
2026-07-08T21:56:33,2352359,https://smotrim.ru/video/2352359,ok,,C:\Users\PeppermintButler\Desktop\Bachelorarbeit\Audio\transkripte\2021-10-28_2352359.txt
2026-07-08T22:00:24,2352208,https://smotrim.ru/video/2352208,ok,,C:\Users\PeppermintButler\Desktop\Bachelorarbeit\Audio\transkripte\2021-10-28_2352208.txt
2026-07-08T22:04:55,2351978,https://smotrim.ru/video/2351978,ok,,C:\Users\PeppermintButler\Desktop\Bachelorarbeit\Audio\transkripte\2021-10-27_2351978.txt
2026-07-08T22:08:32,2351869,https://smotrim.ru/video/2351869,ok,,C:\Users\PeppermintButler\Desktop\Bachelorarbeit\Audio\transkripte\2021-10-27_2351869.txt
2026-07-08T22:12:11,2351621,https://smotrim.ru/video/2351621,ok,,C:\Users\PeppermintButler\Desktop\Bachelorarbeit\Audio\transkripte\2021-10-26_2351621.txt
2026-07-08T22:15:56,2351498,https://smotrim.ru/video/2351498,ok,,C:\Users\PeppermintButler\Desktop\Bachelorarbeit\Audio\transkripte\2021-10-26_2351498.txt
2026-07-08T22:19:29,2351286,https://smotrim.ru/video/2351286,ok,,C:\Users\PeppermintButler\Desktop\Bachelorarbeit\Audio\transkripte\2021-10-25_2351286.txt
2026-07-08T22:23:13,2351134,https://smotrim.ru/video/2351134,ok,,C:\Users\PeppermintButler\Desktop\Bachelorarbeit\Audio\transkripte\2021-10-25_2351134.txt
2026-07-08T22:28:28,2350580,https://smotrim.ru/video/2350580,ok,,C:\Users\PeppermintButler\Desktop\Bachelorarbeit\Audio\transkripte\2021-10-22_2350580.txt
2026-07-08T22:32:14,2350419,https://smotrim.ru/video/2350419,ok,,C:\Users\PeppermintButler\Desktop\Bachelorarbeit\Audio\transkripte\2021-10-22_2350419.txt
2026-07-08T22:35:41,2350187,https://smotrim.ru/video/2350187,ok,,C:\Users\PeppermintButler\Desktop\Bachelorarbeit\Audio\transkripte\2021-10-21_2350187.txt
2026-07-08T22:39:18,2350056,https://smotrim.ru/video/2350056,ok,,C:\Users\PeppermintButler\Desktop\Bachelorarbeit\Audio\transkripte\2021-10-21_2350056.txt
2026-07-08T22:42:57,2349821,https://smotrim.ru/video/2349821,ok,,C:\Users\PeppermintButler\Desktop\Bachelorarbeit\Audio\transkripte\2021-10-20_2349821.txt
2026-07-08T22:46:34,2349683,https://smotrim.ru/video/2349683,ok,,C:\Users\PeppermintButler\Desktop\Bachelorarbeit\Audio\transkripte\2021-10-20_2349683.txt
2026-07-08T22:50:12,2349454,https://smotrim.ru/video/2349454,ok,,C:\Users\PeppermintButler\Desktop\Bachelorarbeit\Audio\transkripte\2021-10-19_2349454.txt
2026-07-08T22:53:44,2349350,https://smotrim.ru/video/2349350,ok,,C:\Users\PeppermintButler\Desktop\Bachelorarbeit\Audio\transkripte\2021-10-19_2349350.txt
2026-07-08T22:57:09,2349097,https://smotrim.ru/video/2349097,ok,,C:\Users\PeppermintButler\Desktop\Bachelorarbeit\Audio\transkripte\2021-10-18_2349097.txt
2026-07-08T23:00:53,2348935,https://smotrim.ru/video/2348935,ok,,C:\Users\PeppermintButler\Desktop\Bachelorarbeit\Audio\transkripte\2021-10-18_2348935.txt
2026-07-08T23:04:28,2348344,https://smotrim.ru/video/2348344,ok,,C:\Users\PeppermintButler\Desktop\Bachelorarbeit\Audio\transkripte\2021-10-15_2348344.txt
2026-07-08T23:08:00,2348175,https://smotrim.ru/video/2348175,ok,,C:\Users\PeppermintButler\Desktop\Bachelorarbeit\Audio\transkripte\2021-10-15_2348175.txt
2026-07-08T23:11:27,2347917,https://smotrim.ru/video/2347917,ok,,C:\Users\PeppermintButler\Desktop\Bachelorarbeit\Audio\transkripte\2021-10-14_2347917.txt
2026-07-08T23:15:26,2347784,https://smotrim.ru/video/2347784,ok,,C:\Users\PeppermintButler\Desktop\Bachelorarbeit\Audio\transkripte\2021-10-14_2347784.txt
2026-07-08T23:19:22,2347555,https://smotrim.ru/video/2347555,ok,,C:\Users\PeppermintButler\Desktop\Bachelorarbeit\Audio\transkripte\2021-10-13_2347555.txt
2026-07-08T23:22:51,2347437,https://smotrim.ru/video/2347437,ok,,C:\Users\PeppermintButler\Desktop\Bachelorarbeit\Audio\transkripte\2021-10-13_2347437.txt
2026-07-08T23:26:15,2347214,https://smotrim.ru/video/2347214,ok,,C:\Users\PeppermintButler\Desktop\Bachelorarbeit\Audio\transkripte\2021-10-12_2347214.txt
2026-07-08T23:29:35,2347098,https://smotrim.ru/video/2347098,ok,,C:\Users\PeppermintButler\Desktop\Bachelorarbeit\Audio\transkripte\2021-10-12_2347098.txt
2026-07-08T23:33:09,2346882,https://smotrim.ru/video/2346882,ok,,C:\Users\PeppermintButler\Desktop\Bachelorarbeit\Audio\transkripte\2021-10-11_2346882.txt
2026-07-08T23:36:59,2346745,https://smotrim.ru/video/2346745,ok,,C:\Users\PeppermintButler\Desktop\Bachelorarbeit\Audio\transkripte\2021-10-11_2346745.txt
2026-07-08T23:40:40,2346126,https://smotrim.ru/video/2346126,ok,,C:\Users\PeppermintButler\Desktop\Bachelorarbeit\Audio\transkripte\2021-10-08_2346126.txt
2026-07-08T23:44:10,2345998,https://smotrim.ru/video/2345998,ok,,C:\Users\PeppermintButler\Desktop\Bachelorarbeit\Audio\transkripte\2021-10-08_2345998.txt
2026-07-08T23:47:50,2345775,https://smotrim.ru/video/2345775,ok,,C:\Users\PeppermintButler\Desktop\Bachelorarbeit\Audio\transkripte\2021-10-07_2345775.txt
2026-07-08T23:52:12,2345655,https://smotrim.ru/video/2345655,ok,,C:\Users\PeppermintButler\Desktop\Bachelorarbeit\Audio\transkripte\2021-10-07_2345655.txt
2026-07-08T23:55:23,2345417,https://smotrim.ru/video/2345417,ok,,C:\Users\PeppermintButler\Desktop\Bachelorarbeit\Audio\transkripte\2021-10-06_2345417.txt
2026-07-08T23:58:50,2345297,https://smotrim.ru/video/2345297,ok,,C:\Users\PeppermintButler\Desktop\Bachelorarbeit\Audio\transkripte\2021-10-06_2345297.txt
2026-07-09T00:02:13,2345004,https://smotrim.ru/video/2345004,ok,,C:\Users\PeppermintButler\Desktop\Bachelorarbeit\Audio\transkripte\2021-10-05_2345004.txt
2026-07-09T00:05:54,2344860,https://smotrim.ru/video/2344860,ok,,C:\Users\PeppermintButler\Desktop\Bachelorarbeit\Audio\transkripte\2021-10-05_2344860.txt
2026-07-09T00:09:29,2344666,https://smotrim.ru/video/2344666,ok,,C:\Users\PeppermintButler\Desktop\Bachelorarbeit\Audio\transkripte\2021-10-04_2344666.txt
2026-07-09T00:12:56,2344498,https://smotrim.ru/video/2344498,ok,,C:\Users\PeppermintButler\Desktop\Bachelorarbeit\Audio\transkripte\2021-10-04_2344498.txt
2026-07-09T00:17:20,2343872,https://smotrim.ru/video/2343872,ok,,C:\Users\PeppermintButler\Desktop\Bachelorarbeit\Audio\transkripte\2021-10-01_2343872.txt
2026-07-09T00:21:22,2343672,https://smotrim.ru/video/2343672,ok,,C:\Users\PeppermintButler\Desktop\Bachelorarbeit\Audio\transkripte\2021-10-01_2343672.txt
2026-07-09T00:25:12,2343353,https://smotrim.ru/video/2343353,ok,,C:\Users\PeppermintButler\Desktop\Bachelorarbeit\Audio\transkripte\2021-09-30_2343353.txt
2026-07-09T00:28:45,2343085,https://smotrim.ru/video/2343085,ok,,C:\Users\PeppermintButler\Desktop\Bachelorarbeit\Audio\transkripte\2021-09-30_2343085.txt
2026-07-09T00:33:27,2342776,https://smotrim.ru/video/2342776,ok,,C:\Users\PeppermintButler\Desktop\Bachelorarbeit\Audio\transkripte\2021-09-29_2342776.txt
2026-07-09T00:37:14,2342646,https://smotrim.ru/video/2342646,ok,,C:\Users\PeppermintButler\Desktop\Bachelorarbeit\Audio\transkripte\2021-09-29_2342646.txt
2026-07-09T00:41:16,2342364,https://smotrim.ru/video/2342364,ok,,C:\Users\PeppermintButler\Desktop\Bachelorarbeit\Audio\transkripte\2021-09-28_2342364.txt
2026-07-09T00:45:01,2342239,https://smotrim.ru/video/2342239,ok,,C:\Users\PeppermintButler\Desktop\Bachelorarbeit\Audio\transkripte\2021-09-28_2342239.txt
2026-07-09T00:48:38,2342014,https://smotrim.ru/video/2342014,ok,,C:\Users\PeppermintButler\Desktop\Bachelorarbeit\Audio\transkripte\2021-09-27_2342014.txt
2026-07-09T00:52:15,2341869,https://smotrim.ru/video/2341869,ok,,C:\Users\PeppermintButler\Desktop\Bachelorarbeit\Audio\transkripte\2021-09-27_2341869.txt
2026-07-09T00:55:56,2341298,https://smotrim.ru/video/2341298,ok,,C:\Users\PeppermintButler\Desktop\Bachelorarbeit\Audio\transkripte\2021-09-24_2341298.txt
2026-07-09T00:59:39,2341115,https://smotrim.ru/video/2341115,ok,,C:\Users\PeppermintButler\Desktop\Bachelorarbeit\Audio\transkripte\2021-09-24_2341115.txt
2026-07-09T01:04:22,2340799,https://smotrim.ru/video/2340799,ok,,C:\Users\PeppermintButler\Desktop\Bachelorarbeit\Audio\transkripte\2021-09-23_2340799.txt
2026-07-09T01:08:08,2340716,https://smotrim.ru/video/2340716,ok,,C:\Users\PeppermintButler\Desktop\Bachelorarbeit\Audio\transkripte\2021-09-23_2340716.txt
2026-07-09T01:11:35,2340397,https://smotrim.ru/video/2340397,ok,,C:\Users\PeppermintButler\Desktop\Bachelorarbeit\Audio\transkripte\2021-09-22_2340397.txt
2026-07-09T01:15:24,2340142,https://smotrim.ru/video/2340142,ok,,C:\Users\PeppermintButler\Desktop\Bachelorarbeit\Audio\transkripte\2021-09-22_2340142.txt
2026-07-09T01:19:03,2339854,https://smotrim.ru/video/2339854,ok,,C:\Users\PeppermintButler\Desktop\Bachelorarbeit\Audio\transkripte\2021-09-21_2339854.txt
2026-07-09T01:22:35,2339723,https://smotrim.ru/video/2339723,ok,,C:\Users\PeppermintButler\Desktop\Bachelorarbeit\Audio\transkripte\2021-09-21_2339723.txt
2026-07-09T01:26:15,2339442,https://smotrim.ru/video/2339442,ok,,C:\Users\PeppermintButler\Desktop\Bachelorarbeit\Audio\transkripte\2021-09-20_2339442.txt
2026-07-09T01:26:44,2339379,https://smotrim.ru/video/2339379,ok,,C:\Users\PeppermintButler\Desktop\Bachelorarbeit\Audio\transkripte\2021-09-20_2339379.txt
2026-07-09T01:30:20,2338643,https://smotrim.ru/video/2338643,ok,,C:\Users\PeppermintButler\Desktop\Bachelorarbeit\Audio\transkripte\2021-09-17_2338643.txt
2026-07-09T01:33:59,2338538,https://smotrim.ru/video/2338538,ok,,C:\Users\PeppermintButler\Desktop\Bachelorarbeit\Audio\transkripte\2021-09-17_2338538.txt
2026-07-09T01:37:32,2338265,https://smotrim.ru/video/2338265,ok,,C:\Users\PeppermintButler\Desktop\Bachelorarbeit\Audio\transkripte\2021-09-16_2338265.txt
2026-07-09T01:41:30,2338127,https://smotrim.ru/video/2338127,ok,,C:\Users\PeppermintButler\Desktop\Bachelorarbeit\Audio\transkripte\2021-09-16_2338127.txt
2026-07-09T01:45:05,2337865,https://smotrim.ru/video/2337865,ok,,C:\Users\PeppermintButler\Desktop\Bachelorarbeit\Audio\transkripte\2021-09-15_2337865.txt
2026-07-09T01:48:21,2337640,https://smotrim.ru/video/2337640,ok,,C:\Users\PeppermintButler\Desktop\Bachelorarbeit\Audio\transkripte\2021-09-15_2337640.txt
2026-07-09T01:51:47,2337388,https://smotrim.ru/video/2337388,ok,,C:\Users\PeppermintButler\Desktop\Bachelorarbeit\Audio\transkripte\2021-09-14_2337388.txt
2026-07-09T01:55:20,2337177,https://smotrim.ru/video/2337177,ok,,C:\Users\PeppermintButler\Desktop\Bachelorarbeit\Audio\transkripte\2021-09-14_2337177.txt
2026-07-09T01:58:32,2336950,https://smotrim.ru/video/2336950,ok,,C:\Users\PeppermintButler\Desktop\Bachelorarbeit\Audio\transkripte\2021-09-13_2336950.txt
2026-07-09T02:01:54,2336749,https://smotrim.ru/video/2336749,ok,,C:\Users\PeppermintButler\Desktop\Bachelorarbeit\Audio\transkripte\2021-09-13_2336749.txt
2026-07-09T02:05:17,2336192,https://smotrim.ru/video/2336192,ok,,C:\Users\PeppermintButler\Desktop\Bachelorarbeit\Audio\transkripte\2021-09-10_2336192.txt
2026-07-09T02:08:59,2335989,https://smotrim.ru/video/2335989,ok,,C:\Users\PeppermintButler\Desktop\Bachelorarbeit\Audio\transkripte\2021-09-10_2335989.txt
2026-07-09T02:12:40,2335767,https://smotrim.ru/video/2335767,ok,,C:\Users\PeppermintButler\Desktop\Bachelorarbeit\Audio\transkripte\2021-09-09_2335767.txt
2026-07-09T02:15:57,2335604,https://smotrim.ru/video/2335604,ok,,C:\Users\PeppermintButler\Desktop\Bachelorarbeit\Audio\transkripte\2021-09-09_2335604.txt
2026-07-09T02:19:28,2335367,https://smotrim.ru/video/2335367,ok,,C:\Users\PeppermintButler\Desktop\Bachelorarbeit\Audio\transkripte\2021-09-08_2335367.txt
2026-07-09T02:23:10,2335101,https://smotrim.ru/video/2335101,ok,,C:\Users\PeppermintButler\Desktop\Bachelorarbeit\Audio\transkripte\2021-09-08_2335101.txt
2026-07-09T02:26:43,2334849,https://smotrim.ru/video/2334849,ok,,C:\Users\PeppermintButler\Desktop\Bachelorarbeit\Audio\transkripte\2021-09-07_2334849.txt
2026-07-09T02:30:24,2334715,https://smotrim.ru/video/2334715,ok,,C:\Users\PeppermintButler\Desktop\Bachelorarbeit\Audio\transkripte\2021-09-07_2334715.txt
2026-07-09T02:33:39,2334488,https://smotrim.ru/video/2334488,ok,,C:\Users\PeppermintButler\Desktop\Bachelorarbeit\Audio\transkripte\2021-09-06_2334488.txt
2026-07-09T02:37:13,2334319,https://smotrim.ru/video/2334319,ok,,C:\Users\PeppermintButler\Desktop\Bachelorarbeit\Audio\transkripte\2021-09-06_2334319.txt
2026-07-09T02:40:28,2333697,https://smotrim.ru/video/2333697,ok,,C:\Users\PeppermintButler\Desktop\Bachelorarbeit\Audio\transkripte\2021-09-03_2333697.txt
2026-07-09T02:44:28,2333542,https://smotrim.ru/video/2333542,ok,,C:\Users\PeppermintButler\Desktop\Bachelorarbeit\Audio\transkripte\2021-09-03_2333542.txt
2026-07-09T02:47:37,2333326,https://smotrim.ru/video/2333326,ok,,C:\Users\PeppermintButler\Desktop\Bachelorarbeit\Audio\transkripte\2021-09-02_2333326.txt
2026-07-09T02:51:03,2333174,https://smotrim.ru/video/2333174,ok,,C:\Users\PeppermintButler\Desktop\Bachelorarbeit\Audio\transkripte\2021-09-02_2333174.txt
2026-07-09T02:54:51,2333006,https://smotrim.ru/video/2333006,ok,,C:\Users\PeppermintButler\Desktop\Bachelorarbeit\Audio\transkripte\2021-09-01_2333006.txt
2026-07-09T02:58:16,2332835,https://smotrim.ru/video/2332835,ok,,C:\Users\PeppermintButler\Desktop\Bachelorarbeit\Audio\transkripte\2021-09-01_2332835.txt
2026-07-09T03:01:38,2332596,https://smotrim.ru/video/2332596,ok,,C:\Users\PeppermintButler\Desktop\Bachelorarbeit\Audio\transkripte\2021-08-31_2332596.txt
2026-07-09T03:05:14,2332388,https://smotrim.ru/video/2332388,ok,,C:\Users\PeppermintButler\Desktop\Bachelorarbeit\Audio\transkripte\2021-08-31_2332388.txt
2026-07-09T03:08:46,2332164,https://smotrim.ru/video/2332164,ok,,C:\Users\PeppermintButler\Desktop\Bachelorarbeit\Audio\transkripte\2021-08-30_2332164.txt
2026-07-09T03:12:48,2332044,https://smotrim.ru/video/2332044,ok,,C:\Users\PeppermintButler\Desktop\Bachelorarbeit\Audio\transkripte\2021-08-30_2332044.txt
2026-07-09T03:16:19,2331505,https://smotrim.ru/video/2331505,ok,,C:\Users\PeppermintButler\Desktop\Bachelorarbeit\Audio\transkripte\2021-08-27_2331505.txt
2026-07-09T03:19:43,2331328,https://smotrim.ru/video/2331328,ok,,C:\Users\PeppermintButler\Desktop\Bachelorarbeit\Audio\transkripte\2021-08-27_2331328.txt
2026-07-09T03:23:03,2331074,https://smotrim.ru/video/2331074,ok,,C:\Users\PeppermintButler\Desktop\Bachelorarbeit\Audio\transkripte\2021-08-26_2331074.txt
2026-07-09T03:26:29,2330884,https://smotrim.ru/video/2330884,ok,,C:\Users\PeppermintButler\Desktop\Bachelorarbeit\Audio\transkripte\2021-08-26_2330884.txt
2026-07-09T03:30:18,2330664,https://smotrim.ru/video/2330664,ok,,C:\Users\PeppermintButler\Desktop\Bachelorarbeit\Audio\transkripte\2021-08-25_2330664.txt
2026-07-09T03:33:35,2330500,https://smotrim.ru/video/2330500,ok,,C:\Users\PeppermintButler\Desktop\Bachelorarbeit\Audio\transkripte\2021-08-25_2330500.txt
2026-07-09T03:36:58,2330291,https://smotrim.ru/video/2330291,ok,,C:\Users\PeppermintButler\Desktop\Bachelorarbeit\Audio\transkripte\2021-08-24_2330291.txt
2026-07-09T03:40:21,2330126,https://smotrim.ru/video/2330126,ok,,C:\Users\PeppermintButler\Desktop\Bachelorarbeit\Audio\transkripte\2021-08-24_2330126.txt
2026-07-09T03:43:55,2329841,https://smotrim.ru/video/2329841,ok,,C:\Users\PeppermintButler\Desktop\Bachelorarbeit\Audio\transkripte\2021-08-23_2329841.txt
2026-07-09T03:47:21,2329646,https://smotrim.ru/video/2329646,ok,,C:\Users\PeppermintButler\Desktop\Bachelorarbeit\Audio\transkripte\2021-08-23_2329646.txt
2026-07-09T03:50:57,2329083,https://smotrim.ru/video/2329083,ok,,C:\Users\PeppermintButler\Desktop\Bachelorarbeit\Audio\transkripte\2021-08-20_2329083.txt
2026-07-09T03:54:37,2328953,https://smotrim.ru/video/2328953,ok,,C:\Users\PeppermintButler\Desktop\Bachelorarbeit\Audio\transkripte\2021-08-20_2328953.txt
2026-07-09T03:58:36,2328697,https://smotrim.ru/video/2328697,ok,,C:\Users\PeppermintButler\Desktop\Bachelorarbeit\Audio\transkripte\2021-08-19_2328697.txt
2026-07-09T04:03:30,2328563,https://smotrim.ru/video/2328563,ok,,C:\Users\PeppermintButler\Desktop\Bachelorarbeit\Audio\transkripte\2021-08-19_2328563.txt
2026-07-09T04:07:10,2328228,https://smotrim.ru/video/2328228,ok,,C:\Users\PeppermintButler\Desktop\Bachelorarbeit\Audio\transkripte\2021-08-18_2328228.txt
2026-07-09T04:10:36,2328151,https://smotrim.ru/video/2328151,ok,,C:\Users\PeppermintButler\Desktop\Bachelorarbeit\Audio\transkripte\2021-08-18_2328151.txt
2026-07-09T04:14:35,2327843,https://smotrim.ru/video/2327843,ok,,C:\Users\PeppermintButler\Desktop\Bachelorarbeit\Audio\transkripte\2021-08-17_2327843.txt
2026-07-09T04:18:24,2327736,https://smotrim.ru/video/2327736,ok,,C:\Users\PeppermintButler\Desktop\Bachelorarbeit\Audio\transkripte\2021-08-17_2327736.txt
2026-07-09T04:22:28,2327518,https://smotrim.ru/video/2327518,ok,,C:\Users\PeppermintButler\Desktop\Bachelorarbeit\Audio\transkripte\2021-08-16_2327518.txt
2026-07-09T04:25:49,2327401,https://smotrim.ru/video/2327401,ok,,C:\Users\PeppermintButler\Desktop\Bachelorarbeit\Audio\transkripte\2021-08-16_2327401.txt
2026-07-09T04:29:55,2326899,https://smotrim.ru/video/2326899,ok,,C:\Users\PeppermintButler\Desktop\Bachelorarbeit\Audio\transkripte\2021-08-13_2326899.txt
2026-07-09T04:34:19,2326712,https://smotrim.ru/video/2326712,ok,,C:\Users\PeppermintButler\Desktop\Bachelorarbeit\Audio\transkripte\2021-08-13_2326712.txt
2026-07-09T04:38:17,2326502,https://smotrim.ru/video/2326502,ok,,C:\Users\PeppermintButler\Desktop\Bachelorarbeit\Audio\transkripte\2021-08-12_2326502.txt
2026-07-09T04:42:13,2326396,https://smotrim.ru/video/2326396,ok,,C:\Users\PeppermintButler\Desktop\Bachelorarbeit\Audio\transkripte\2021-08-12_2326396.txt
2026-07-09T04:45:57,2326187,https://smotrim.ru/video/2326187,ok,,C:\Users\PeppermintButler\Desktop\Bachelorarbeit\Audio\transkripte\2021-08-11_2326187.txt
2026-07-09T04:49:42,2326074,https://smotrim.ru/video/2326074,ok,,C:\Users\PeppermintButler\Desktop\Bachelorarbeit\Audio\transkripte\2021-08-11_2326074.txt
2026-07-09T04:53:32,2325781,https://smotrim.ru/video/2325781,ok,,C:\Users\PeppermintButler\Desktop\Bachelorarbeit\Audio\transkripte\2021-08-10_2325781.txt
2026-07-09T04:57:32,2325642,https://smotrim.ru/video/2325642,ok,,C:\Users\PeppermintButler\Desktop\Bachelorarbeit\Audio\transkripte\2021-08-10_2325642.txt
2026-07-09T05:01:21,2325436,https://smotrim.ru/video/2325436,ok,,C:\Users\PeppermintButler\Desktop\Bachelorarbeit\Audio\transkripte\2021-08-09_2325436.txt
2026-07-09T05:05:43,2325344,https://smotrim.ru/video/2325344,ok,,C:\Users\PeppermintButler\Desktop\Bachelorarbeit\Audio\transkripte\2021-08-09_2325344.txt
2026-07-09T05:09:24,2324890,https://smotrim.ru/video/2324890,ok,,C:\Users\PeppermintButler\Desktop\Bachelorarbeit\Audio\transkripte\2021-08-06_2324890.txt
2026-07-09T05:13:18,2324749,https://smotrim.ru/video/2324749,ok,,C:\Users\PeppermintButler\Desktop\Bachelorarbeit\Audio\transkripte\2021-08-06_2324749.txt
2026-07-09T05:17:14,2324546,https://smotrim.ru/video/2324546,ok,,C:\Users\PeppermintButler\Desktop\Bachelorarbeit\Audio\transkripte\2021-08-05_2324546.txt
2026-07-09T05:21:01,2324424,https://smotrim.ru/video/2324424,ok,,C:\Users\PeppermintButler\Desktop\Bachelorarbeit\Audio\transkripte\2021-08-05_2324424.txt
2026-07-09T05:25:07,2324241,https://smotrim.ru/video/2324241,ok,,C:\Users\PeppermintButler\Desktop\Bachelorarbeit\Audio\transkripte\2021-08-04_2324241.txt
2026-07-09T05:28:14,2324145,https://smotrim.ru/video/2324145,ok,,C:\Users\PeppermintButler\Desktop\Bachelorarbeit\Audio\transkripte\2021-08-04_2324145.txt
2026-07-09T05:29:51,2323746,https://smotrim.ru/video/2323746,ok,,C:\Users\PeppermintButler\Desktop\Bachelorarbeit\Audio\transkripte\2021-08-03_2323746.txt
2026-07-09T05:33:41,2323422,https://smotrim.ru/video/2323422,ok,,C:\Users\PeppermintButler\Desktop\Bachelorarbeit\Audio\transkripte\2021-08-02_2323422.txt
2026-07-09T05:37:20,2322977,https://smotrim.ru/video/2322977,ok,,C:\Users\PeppermintButler\Desktop\Bachelorarbeit\Audio\transkripte\2021-07-30_2322977.txt
2026-07-09T05:41:19,2322845,https://smotrim.ru/video/2322845,ok,,C:\Users\PeppermintButler\Desktop\Bachelorarbeit\Audio\transkripte\2021-07-30_2322845.txt
2026-07-09T05:45:08,2322605,https://smotrim.ru/video/2322605,ok,,C:\Users\PeppermintButler\Desktop\Bachelorarbeit\Audio\transkripte\2021-07-29_2322605.txt
2026-07-09T05:48:59,2322257,https://smotrim.ru/video/2322257,ok,,C:\Users\PeppermintButler\Desktop\Bachelorarbeit\Audio\transkripte\2021-07-28_2322257.txt
2026-07-09T05:52:49,2322083,https://smotrim.ru/video/2322083,ok,,C:\Users\PeppermintButler\Desktop\Bachelorarbeit\Audio\transkripte\2021-07-28_2322083.txt
2026-07-09T05:56:25,2321890,https://smotrim.ru/video/2321890,ok,,C:\Users\PeppermintButler\Desktop\Bachelorarbeit\Audio\transkripte\2021-07-27_2321890.txt
2026-07-09T06:00:02,2321564,https://smotrim.ru/video/2321564,ok,,C:\Users\PeppermintButler\Desktop\Bachelorarbeit\Audio\transkripte\2021-07-26_2321564.txt
2026-07-09T06:03:40,2321453,https://smotrim.ru/video/2321453,ok,,C:\Users\PeppermintButler\Desktop\Bachelorarbeit\Audio\transkripte\2021-07-26_2321453.txt
2026-07-09T06:07:32,2321002,https://smotrim.ru/video/2321002,ok,,C:\Users\PeppermintButler\Desktop\Bachelorarbeit\Audio\transkripte\2021-07-23_2321002.txt
2026-07-09T06:11:31,2320782,https://smotrim.ru/video/2320782,ok,,C:\Users\PeppermintButler\Desktop\Bachelorarbeit\Audio\transkripte\2021-07-23_2320782.txt
2026-07-09T06:14:55,2320556,https://smotrim.ru/video/2320556,ok,,C:\Users\PeppermintButler\Desktop\Bachelorarbeit\Audio\transkripte\2021-07-22_2320556.txt
2026-07-09T06:18:41,2320408,https://smotrim.ru/video/2320408,ok,,C:\Users\PeppermintButler\Desktop\Bachelorarbeit\Audio\transkripte\2021-07-22_2320408.txt
2026-07-09T06:22:33,2320188,https://smotrim.ru/video/2320188,ok,,C:\Users\PeppermintButler\Desktop\Bachelorarbeit\Audio\transkripte\2021-07-21_2320188.txt
2026-07-09T06:26:25,2320005,https://smotrim.ru/video/2320005,ok,,C:\Users\PeppermintButler\Desktop\Bachelorarbeit\Audio\transkripte\2021-07-21_2320005.txt
2026-07-09T06:30:31,2319828,https://smotrim.ru/video/2319828,ok,,C:\Users\PeppermintButler\Desktop\Bachelorarbeit\Audio\transkripte\2021-07-20_2319828.txt
2026-07-09T06:34:34,2319659,https://smotrim.ru/video/2319659,ok,,C:\Users\PeppermintButler\Desktop\Bachelorarbeit\Audio\transkripte\2021-07-20_2319659.txt
2026-07-09T06:39:08,2319282,https://smotrim.ru/video/2319282,ok,,C:\Users\PeppermintButler\Desktop\Bachelorarbeit\Audio\transkripte\2021-07-19_2319282.txt
2026-07-09T06:42:42,2318635,https://smotrim.ru/video/2318635,ok,,C:\Users\PeppermintButler\Desktop\Bachelorarbeit\Audio\transkripte\2021-07-16_2318635.txt
2026-07-09T06:46:52,2318389,https://smotrim.ru/video/2318389,ok,,C:\Users\PeppermintButler\Desktop\Bachelorarbeit\Audio\transkripte\2021-07-16_2318389.txt
2026-07-09T06:50:51,2318148,https://smotrim.ru/video/2318148,ok,,C:\Users\PeppermintButler\Desktop\Bachelorarbeit\Audio\transkripte\2021-07-15_2318148.txt
2026-07-09T06:54:34,2317943,https://smotrim.ru/video/2317943,ok,,C:\Users\PeppermintButler\Desktop\Bachelorarbeit\Audio\transkripte\2021-07-15_2317943.txt
2026-07-09T06:58:40,2317725,https://smotrim.ru/video/2317725,ok,,C:\Users\PeppermintButler\Desktop\Bachelorarbeit\Audio\transkripte\2021-07-14_2317725.txt
2026-07-09T07:02:54,2317598,https://smotrim.ru/video/2317598,ok,,C:\Users\PeppermintButler\Desktop\Bachelorarbeit\Audio\transkripte\2021-07-14_2317598.txt
2026-07-09T07:07:03,2317330,https://smotrim.ru/video/2317330,ok,,C:\Users\PeppermintButler\Desktop\Bachelorarbeit\Audio\transkripte\2021-07-13_2317330.txt
2026-07-09T07:11:06,2317170,https://smotrim.ru/video/2317170,ok,,C:\Users\PeppermintButler\Desktop\Bachelorarbeit\Audio\transkripte\2021-07-13_2317170.txt
2026-07-09T07:14:37,2316901,https://smotrim.ru/video/2316901,ok,,C:\Users\PeppermintButler\Desktop\Bachelorarbeit\Audio\transkripte\2021-07-12_2316901.txt
2026-07-09T07:18:33,2316781,https://smotrim.ru/video/2316781,ok,,C:\Users\PeppermintButler\Desktop\Bachelorarbeit\Audio\transkripte\2021-07-12_2316781.txt
2026-07-09T07:22:34,2316136,https://smotrim.ru/video/2316136,ok,,C:\Users\PeppermintButler\Desktop\Bachelorarbeit\Audio\transkripte\2021-07-09_2316136.txt
2026-07-09T07:26:25,2315705,https://smotrim.ru/video/2315705,ok,,C:\Users\PeppermintButler\Desktop\Bachelorarbeit\Audio\transkripte\2021-07-08_2315705.txt
2026-07-09T07:29:45,2315313,https://smotrim.ru/video/2315313,ok,,C:\Users\PeppermintButler\Desktop\Bachelorarbeit\Audio\transkripte\2021-07-07_2315313.txt
2026-07-09T07:33:18,2314907,https://smotrim.ru/video/2314907,ok,,C:\Users\PeppermintButler\Desktop\Bachelorarbeit\Audio\transkripte\2021-07-06_2314907.txt
2026-07-09T07:36:25,2314579,https://smotrim.ru/video/2314579,ok,,C:\Users\PeppermintButler\Desktop\Bachelorarbeit\Audio\transkripte\2021-07-05_2314579.txt
2026-07-09T07:40:21,2313924,https://smotrim.ru/video/2313924,ok,,C:\Users\PeppermintButler\Desktop\Bachelorarbeit\Audio\transkripte\2021-07-02_2313924.txt
2026-07-09T07:43:35,2313575,https://smotrim.ru/video/2313575,ok,,C:\Users\PeppermintButler\Desktop\Bachelorarbeit\Audio\transkripte\2021-07-01_2313575.txt
2026-07-09T07:47:08,2313132,https://smotrim.ru/video/2313132,ok,,C:\Users\PeppermintButler\Desktop\Bachelorarbeit\Audio\transkripte\2021-06-30_2313132.txt
2026-07-09T07:50:49,2312712,https://smotrim.ru/video/2312712,ok,,C:\Users\PeppermintButler\Desktop\Bachelorarbeit\Audio\transkripte\2021-06-29_2312712.txt
2026-07-09T07:54:28,2312345,https://smotrim.ru/video/2312345,ok,,C:\Users\PeppermintButler\Desktop\Bachelorarbeit\Audio\transkripte\2021-06-23_2312345.txt
2026-07-09T07:58:56,2312209,https://smotrim.ru/video/2312209,ok,,C:\Users\PeppermintButler\Desktop\Bachelorarbeit\Audio\transkripte\2021-06-28_2312209.txt
2026-07-09T08:02:31,2311651,https://smotrim.ru/video/2311651,ok,,C:\Users\PeppermintButler\Desktop\Bachelorarbeit\Audio\transkripte\2021-06-25_2311651.txt
2026-07-09T08:06:18,2311299,https://smotrim.ru/video/2311299,ok,,C:\Users\PeppermintButler\Desktop\Bachelorarbeit\Audio\transkripte\2021-06-24_2311299.txt
2026-07-09T08:08:57,2310235,https://smotrim.ru/video/2310235,ok,,C:\Users\PeppermintButler\Desktop\Bachelorarbeit\Audio\transkripte\2021-06-21_2310235.txt
2026-07-09T08:12:44,2309497,https://smotrim.ru/video/2309497,ok,,C:\Users\PeppermintButler\Desktop\Bachelorarbeit\Audio\transkripte\2021-06-18_2309497.txt
2026-07-09T08:16:19,2309381,https://smotrim.ru/video/2309381,ok,,C:\Users\PeppermintButler\Desktop\Bachelorarbeit\Audio\transkripte\2021-06-18_2309381.txt
2026-07-09T08:20:12,2309131,https://smotrim.ru/video/2309131,ok,,C:\Users\PeppermintButler\Desktop\Bachelorarbeit\Audio\transkripte\2021-06-17_2309131.txt
2026-07-09T08:23:53,2309027,https://smotrim.ru/video/2309027,ok,,C:\Users\PeppermintButler\Desktop\Bachelorarbeit\Audio\transkripte\2021-06-17_2309027.txt
2026-07-09T08:27:41,2308777,https://smotrim.ru/video/2308777,ok,,C:\Users\PeppermintButler\Desktop\Bachelorarbeit\Audio\transkripte\2021-06-16_2308777.txt
2026-07-09T08:31:32,2308635,https://smotrim.ru/video/2308635,ok,,C:\Users\PeppermintButler\Desktop\Bachelorarbeit\Audio\transkripte\2021-06-16_2308635.txt
2026-07-09T08:36:01,2308432,https://smotrim.ru/video/2308432,ok,,C:\Users\PeppermintButler\Desktop\Bachelorarbeit\Audio\transkripte\2021-06-15_2308432.txt
2026-07-09T08:40:22,2308306,https://smotrim.ru/video/2308306,ok,,C:\Users\PeppermintButler\Desktop\Bachelorarbeit\Audio\transkripte\2021-06-15_2308306.txt
2026-07-09T08:44:05,2307492,https://smotrim.ru/video/2307492,ok,,C:\Users\PeppermintButler\Desktop\Bachelorarbeit\Audio\transkripte\2021-06-11_2307492.txt
2026-07-09T08:48:02,2307360,https://smotrim.ru/video/2307360,ok,,C:\Users\PeppermintButler\Desktop\Bachelorarbeit\Audio\transkripte\2021-06-11_2307360.txt
2026-07-09T08:51:38,2307098,https://smotrim.ru/video/2307098,ok,,C:\Users\PeppermintButler\Desktop\Bachelorarbeit\Audio\transkripte\2021-06-10_2307098.txt
2026-07-09T08:55:16,2306980,https://smotrim.ru/video/2306980,ok,,C:\Users\PeppermintButler\Desktop\Bachelorarbeit\Audio\transkripte\2021-06-10_2306980.txt
2026-07-09T08:59:02,2306750,https://smotrim.ru/video/2306750,ok,,C:\Users\PeppermintButler\Desktop\Bachelorarbeit\Audio\transkripte\2021-06-09_2306750.txt
2026-07-09T09:02:47,2306608,https://smotrim.ru/video/2306608,ok,,C:\Users\PeppermintButler\Desktop\Bachelorarbeit\Audio\transkripte\2021-06-09_2306608.txt
2026-07-09T09:06:40,2306348,https://smotrim.ru/video/2306348,ok,,C:\Users\PeppermintButler\Desktop\Bachelorarbeit\Audio\transkripte\2021-06-08_2306348.txt
2026-07-09T09:10:29,2306215,https://smotrim.ru/video/2306215,ok,,C:\Users\PeppermintButler\Desktop\Bachelorarbeit\Audio\transkripte\2021-06-08_2306215.txt
2026-07-09T09:14:00,2305919,https://smotrim.ru/video/2305919,ok,,C:\Users\PeppermintButler\Desktop\Bachelorarbeit\Audio\transkripte\2021-06-07_2305919.txt
2026-07-09T09:17:44,2305778,https://smotrim.ru/video/2305778,ok,,C:\Users\PeppermintButler\Desktop\Bachelorarbeit\Audio\transkripte\2021-06-07_2305778.txt
2026-07-09T09:21:03,2305213,https://smotrim.ru/video/2305213,ok,,C:\Users\PeppermintButler\Desktop\Bachelorarbeit\Audio\transkripte\2021-06-04_2305213.txt
2026-07-09T09:24:42,2305061,https://smotrim.ru/video/2305061,ok,,C:\Users\PeppermintButler\Desktop\Bachelorarbeit\Audio\transkripte\2021-06-04_2305061.txt
2026-07-09T09:28:13,2304783,https://smotrim.ru/video/2304783,ok,,C:\Users\PeppermintButler\Desktop\Bachelorarbeit\Audio\transkripte\2021-06-03_2304783.txt
2026-07-09T09:32:04,2304648,https://smotrim.ru/video/2304648,ok,,C:\Users\PeppermintButler\Desktop\Bachelorarbeit\Audio\transkripte\2021-06-03_2304648.txt
2026-07-09T09:32:42,2304445,https://smotrim.ru/video/2304445,ok,,C:\Users\PeppermintButler\Desktop\Bachelorarbeit\Audio\transkripte\2021-06-02_2304445.txt
2026-07-09T09:36:31,2304391,https://smotrim.ru/video/2304391,ok,,C:\Users\PeppermintButler\Desktop\Bachelorarbeit\Audio\transkripte\2021-06-02_2304391.txt
2026-07-09T09:40:36,2303982,https://smotrim.ru/video/2303982,ok,,C:\Users\PeppermintButler\Desktop\Bachelorarbeit\Audio\transkripte\2021-06-01_2303982.txt
2026-07-09T09:45:17,2303842,https://smotrim.ru/video/2303842,ok,,C:\Users\PeppermintButler\Desktop\Bachelorarbeit\Audio\transkripte\2021-06-01_2303842.txt
2026-07-09T09:48:56,2303590,https://smotrim.ru/video/2303590,ok,,C:\Users\PeppermintButler\Desktop\Bachelorarbeit\Audio\transkripte\2021-05-31_2303590.txt
2026-07-09T09:52:56,2303472,https://smotrim.ru/video/2303472,ok,,C:\Users\PeppermintButler\Desktop\Bachelorarbeit\Audio\transkripte\2021-05-31_2303472.txt
2026-07-09T09:56:53,2302858,https://smotrim.ru/video/2302858,ok,,C:\Users\PeppermintButler\Desktop\Bachelorarbeit\Audio\transkripte\2021-05-28_2302858.txt
2026-07-09T10:00:57,2302724,https://smotrim.ru/video/2302724,ok,,C:\Users\PeppermintButler\Desktop\Bachelorarbeit\Audio\transkripte\2021-05-28_2302724.txt
2026-07-09T10:05:10,2302421,https://smotrim.ru/video/2302421,ok,,C:\Users\PeppermintButler\Desktop\Bachelorarbeit\Audio\transkripte\2021-05-27_2302421.txt
2026-07-09T10:09:24,2302266,https://smotrim.ru/video/2302266,ok,,C:\Users\PeppermintButler\Desktop\Bachelorarbeit\Audio\transkripte\2021-05-27_2302266.txt
2026-07-09T10:12:54,2301992,https://smotrim.ru/video/2301992,ok,,C:\Users\PeppermintButler\Desktop\Bachelorarbeit\Audio\transkripte\2021-05-26_2301992.txt
2026-07-09T10:17:01,2301858,https://smotrim.ru/video/2301858,ok,,C:\Users\PeppermintButler\Desktop\Bachelorarbeit\Audio\transkripte\2021-05-26_2301858.txt
2026-07-09T10:20:57,2301604,https://smotrim.ru/video/2301604,ok,,C:\Users\PeppermintButler\Desktop\Bachelorarbeit\Audio\transkripte\2021-05-25_2301604.txt
2026-07-09T10:25:08,2301468,https://smotrim.ru/video/2301468,ok,,C:\Users\PeppermintButler\Desktop\Bachelorarbeit\Audio\transkripte\2021-05-25_2301468.txt
2026-07-09T10:28:47,2301206,https://smotrim.ru/video/2301206,ok,,C:\Users\PeppermintButler\Desktop\Bachelorarbeit\Audio\transkripte\2021-05-24_2301206.txt
2026-07-09T10:32:30,2301078,https://smotrim.ru/video/2301078,ok,,C:\Users\PeppermintButler\Desktop\Bachelorarbeit\Audio\transkripte\2021-05-24_2301078.txt
2026-07-09T10:36:20,2300404,https://smotrim.ru/video/2300404,ok,,C:\Users\PeppermintButler\Desktop\Bachelorarbeit\Audio\transkripte\2021-05-21_2300404.txt
2026-07-09T10:39:44,2300252,https://smotrim.ru/video/2300252,ok,,C:\Users\PeppermintButler\Desktop\Bachelorarbeit\Audio\transkripte\2021-05-21_2300252.txt
2026-07-09T10:43:39,2299987,https://smotrim.ru/video/2299987,ok,,C:\Users\PeppermintButler\Desktop\Bachelorarbeit\Audio\transkripte\2021-05-20_2299987.txt
2026-07-09T10:47:35,2299803,https://smotrim.ru/video/2299803,ok,,C:\Users\PeppermintButler\Desktop\Bachelorarbeit\Audio\transkripte\2021-05-20_2299803.txt
2026-07-09T10:52:32,2299528,https://smotrim.ru/video/2299528,ok,,C:\Users\PeppermintButler\Desktop\Bachelorarbeit\Audio\transkripte\2021-05-19_2299528.txt
2026-07-09T10:57:12,2299389,https://smotrim.ru/video/2299389,ok,,C:\Users\PeppermintButler\Desktop\Bachelorarbeit\Audio\transkripte\2021-05-19_2299389.txt
2026-07-09T11:01:41,2299102,https://smotrim.ru/video/2299102,ok,,C:\Users\PeppermintButler\Desktop\Bachelorarbeit\Audio\transkripte\2021-05-18_2299102.txt
2026-07-09T11:06:16,2298951,https://smotrim.ru/video/2298951,ok,,C:\Users\PeppermintButler\Desktop\Bachelorarbeit\Audio\transkripte\2021-05-18_2298951.txt
2026-07-09T11:11:01,2298693,https://smotrim.ru/video/2298693,ok,,C:\Users\PeppermintButler\Desktop\Bachelorarbeit\Audio\transkripte\2021-05-17_2298693.txt
2026-07-09T11:14:55,2297947,https://smotrim.ru/video/2297947,ok,,C:\Users\PeppermintButler\Desktop\Bachelorarbeit\Audio\transkripte\2021-05-14_2297947.txt
2026-07-09T11:18:31,2297790,https://smotrim.ru/video/2297790,ok,,C:\Users\PeppermintButler\Desktop\Bachelorarbeit\Audio\transkripte\2021-05-14_2297790.txt
2026-07-09T11:22:35,2297544,https://smotrim.ru/video/2297544,ok,,C:\Users\PeppermintButler\Desktop\Bachelorarbeit\Audio\transkripte\2021-05-13_2297544.txt
2026-07-09T11:27:21,2297397,https://smotrim.ru/video/2297397,ok,,C:\Users\PeppermintButler\Desktop\Bachelorarbeit\Audio\transkripte\2021-05-13_2297397.txt
2026-07-09T11:32:28,2297184,https://smotrim.ru/video/2297184,ok,,C:\Users\PeppermintButler\Desktop\Bachelorarbeit\Audio\transkripte\2021-05-12_2297184.txt
2026-07-09T11:36:04,2296998,https://smotrim.ru/video/2296998,ok,,C:\Users\PeppermintButler\Desktop\Bachelorarbeit\Audio\transkripte\2021-05-12_2296998.txt
2026-07-09T11:39:41,2296727,https://smotrim.ru/video/2296727,ok,,C:\Users\PeppermintButler\Desktop\Bachelorarbeit\Audio\transkripte\2021-05-11_2296727.txt
2026-07-09T11:44:07,2296567,https://smotrim.ru/video/2296567,ok,,C:\Users\PeppermintButler\Desktop\Bachelorarbeit\Audio\transkripte\2021-05-11_2296567.txt
2026-07-09T11:47:44,2293980,https://smotrim.ru/video/2293980,ok,,C:\Users\PeppermintButler\Desktop\Bachelorarbeit\Audio\transkripte\2021-04-30_2293980.txt
2026-07-09T11:51:54,2293851,https://smotrim.ru/video/2293851,ok,,C:\Users\PeppermintButler\Desktop\Bachelorarbeit\Audio\transkripte\2021-04-30_2293851.txt
2026-07-09T11:55:44,2293538,https://smotrim.ru/video/2293538,ok,,C:\Users\PeppermintButler\Desktop\Bachelorarbeit\Audio\transkripte\2021-04-29_2293538.txt
2026-07-09T11:59:36,2293386,https://smotrim.ru/video/2293386,ok,,C:\Users\PeppermintButler\Desktop\Bachelorarbeit\Audio\transkripte\2021-04-29_2293386.txt
2026-07-09T12:03:04,2293086,https://smotrim.ru/video/2293086,ok,,C:\Users\PeppermintButler\Desktop\Bachelorarbeit\Audio\transkripte\2021-04-28_2293086.txt
2026-07-09T12:06:41,2292925,https://smotrim.ru/video/2292925,ok,,C:\Users\PeppermintButler\Desktop\Bachelorarbeit\Audio\transkripte\2021-04-28_2292925.txt
2026-07-09T12:10:32,2292623,https://smotrim.ru/video/2292623,ok,,C:\Users\PeppermintButler\Desktop\Bachelorarbeit\Audio\transkripte\2021-04-27_2292623.txt
2026-07-09T12:14:28,2292472,https://smotrim.ru/video/2292472,ok,,C:\Users\PeppermintButler\Desktop\Bachelorarbeit\Audio\transkripte\2021-04-27_2292472.txt
2026-07-09T12:19:30,2292205,https://smotrim.ru/video/2292205,ok,,C:\Users\PeppermintButler\Desktop\Bachelorarbeit\Audio\transkripte\2021-04-26_2292205.txt
2026-07-09T12:23:01,2292075,https://smotrim.ru/video/2292075,ok,,C:\Users\PeppermintButler\Desktop\Bachelorarbeit\Audio\transkripte\2021-04-26_2292075.txt
2026-07-09T12:27:07,2291455,https://smotrim.ru/video/2291455,ok,,C:\Users\PeppermintButler\Desktop\Bachelorarbeit\Audio\transkripte\2021-04-23_2291455.txt
2026-07-09T12:30:46,2291280,https://smotrim.ru/video/2291280,ok,,C:\Users\PeppermintButler\Desktop\Bachelorarbeit\Audio\transkripte\2021-04-23_2291280.txt
2026-07-09T12:34:22,2290980,https://smotrim.ru/video/2290980,ok,,C:\Users\PeppermintButler\Desktop\Bachelorarbeit\Audio\transkripte\2021-04-22_2290980.txt
2026-07-09T12:37:56,2290839,https://smotrim.ru/video/2290839,ok,,C:\Users\PeppermintButler\Desktop\Bachelorarbeit\Audio\transkripte\2021-04-22_2290839.txt
2026-07-09T12:41:17,2290598,https://smotrim.ru/video/2290598,ok,,C:\Users\PeppermintButler\Desktop\Bachelorarbeit\Audio\transkripte\2021-04-21_2290598.txt
2026-07-09T12:42:43,2290478,https://smotrim.ru/video/2290478,ok,,C:\Users\PeppermintButler\Desktop\Bachelorarbeit\Audio\transkripte\2021-04-21_2290478.txt
2026-07-09T12:46:52,2290220,https://smotrim.ru/video/2290220,ok,,C:\Users\PeppermintButler\Desktop\Bachelorarbeit\Audio\transkripte\2021-04-20_2290220.txt
2026-07-09T12:50:32,2290070,https://smotrim.ru/video/2290070,ok,,C:\Users\PeppermintButler\Desktop\Bachelorarbeit\Audio\transkripte\2021-04-20_2290070.txt
2026-07-09T12:55:37,2289823,https://smotrim.ru/video/2289823,ok,,C:\Users\PeppermintButler\Desktop\Bachelorarbeit\Audio\transkripte\2021-04-19_2289823.txt
2026-07-09T12:59:07,2289698,https://smotrim.ru/video/2289698,ok,,C:\Users\PeppermintButler\Desktop\Bachelorarbeit\Audio\transkripte\2021-04-19_2289698.txt
2026-07-09T13:02:54,2289104,https://smotrim.ru/video/2289104,ok,,C:\Users\PeppermintButler\Desktop\Bachelorarbeit\Audio\transkripte\2021-04-16_2289104.txt
2026-07-09T13:06:25,2288963,https://smotrim.ru/video/2288963,ok,,C:\Users\PeppermintButler\Desktop\Bachelorarbeit\Audio\transkripte\2021-04-16_2288963.txt
2026-07-09T13:10:52,2288719,https://smotrim.ru/video/2288719,ok,,C:\Users\PeppermintButler\Desktop\Bachelorarbeit\Audio\transkripte\2021-04-15_2288719.txt
2026-07-09T13:16:44,2288576,https://smotrim.ru/video/2288576,ok,,C:\Users\PeppermintButler\Desktop\Bachelorarbeit\Audio\transkripte\2021-04-15_2288576.txt
2026-07-09T13:20:21,2288300,https://smotrim.ru/video/2288300,ok,,C:\Users\PeppermintButler\Desktop\Bachelorarbeit\Audio\transkripte\2021-04-14_2288300.txt
2026-07-09T13:23:50,2288172,https://smotrim.ru/video/2288172,ok,,C:\Users\PeppermintButler\Desktop\Bachelorarbeit\Audio\transkripte\2021-04-14_2288172.txt
2026-07-09T13:27:31,2287922,https://smotrim.ru/video/2287922,ok,,C:\Users\PeppermintButler\Desktop\Bachelorarbeit\Audio\transkripte\2021-04-13_2287922.txt
2026-07-09T13:31:05,2287778,https://smotrim.ru/video/2287778,ok,,C:\Users\PeppermintButler\Desktop\Bachelorarbeit\Audio\transkripte\2021-04-13_2287778.txt
2026-07-09T13:34:31,2287502,https://smotrim.ru/video/2287502,ok,,C:\Users\PeppermintButler\Desktop\Bachelorarbeit\Audio\transkripte\2021-04-12_2287502.txt
2026-07-09T13:38:07,2287326,https://smotrim.ru/video/2287326,ok,,C:\Users\PeppermintButler\Desktop\Bachelorarbeit\Audio\transkripte\2021-04-12_2287326.txt
2026-07-09T13:41:46,2286687,https://smotrim.ru/video/2286687,ok,,C:\Users\PeppermintButler\Desktop\Bachelorarbeit\Audio\transkripte\2021-04-09_2286687.txt
2026-07-09T13:45:13,2286530,https://smotrim.ru/video/2286530,ok,,C:\Users\PeppermintButler\Desktop\Bachelorarbeit\Audio\transkripte\2021-04-09_2286530.txt
2026-07-09T13:49:22,2286241,https://smotrim.ru/video/2286241,ok,,C:\Users\PeppermintButler\Desktop\Bachelorarbeit\Audio\transkripte\2021-04-08_2286241.txt
2026-07-09T13:53:06,2286086,https://smotrim.ru/video/2286086,ok,,C:\Users\PeppermintButler\Desktop\Bachelorarbeit\Audio\transkripte\2021-04-08_2286086.txt
2026-07-09T13:57:15,2285829,https://smotrim.ru/video/2285829,ok,,C:\Users\PeppermintButler\Desktop\Bachelorarbeit\Audio\transkripte\2021-04-07_2285829.txt
2026-07-09T14:00:59,2285667,https://smotrim.ru/video/2285667,ok,,C:\Users\PeppermintButler\Desktop\Bachelorarbeit\Audio\transkripte\2021-04-07_2285667.txt
2026-07-09T14:04:39,2285403,https://smotrim.ru/video/2285403,ok,,C:\Users\PeppermintButler\Desktop\Bachelorarbeit\Audio\transkripte\2021-04-06_2285403.txt
2026-07-09T14:08:22,2285268,https://smotrim.ru/video/2285268,ok,,C:\Users\PeppermintButler\Desktop\Bachelorarbeit\Audio\transkripte\2021-04-06_2285268.txt
2026-07-09T14:11:48,2285011,https://smotrim.ru/video/2285011,ok,,C:\Users\PeppermintButler\Desktop\Bachelorarbeit\Audio\transkripte\2021-04-05_2285011.txt
2026-07-09T14:15:22,2284867,https://smotrim.ru/video/2284867,ok,,C:\Users\PeppermintButler\Desktop\Bachelorarbeit\Audio\transkripte\2021-04-05_2284867.txt
2026-07-09T14:20:20,2284244,https://smotrim.ru/video/2284244,ok,,C:\Users\PeppermintButler\Desktop\Bachelorarbeit\Audio\transkripte\2021-04-02_2284244.txt
2026-07-09T14:24:16,2284112,https://smotrim.ru/video/2284112,ok,,C:\Users\PeppermintButler\Desktop\Bachelorarbeit\Audio\transkripte\2021-04-02_2284112.txt
2026-07-09T14:28:07,2283860,https://smotrim.ru/video/2283860,ok,,C:\Users\PeppermintButler\Desktop\Bachelorarbeit\Audio\transkripte\2021-04-01_2283860.txt
2026-07-09T14:31:33,2283703,https://smotrim.ru/video/2283703,ok,,C:\Users\PeppermintButler\Desktop\Bachelorarbeit\Audio\transkripte\2021-04-01_2283703.txt
2026-07-09T14:35:21,2283440,https://smotrim.ru/video/2283440,ok,,C:\Users\PeppermintButler\Desktop\Bachelorarbeit\Audio\transkripte\2021-03-31_2283440.txt
2026-07-09T14:39:28,2283281,https://smotrim.ru/video/2283281,ok,,C:\Users\PeppermintButler\Desktop\Bachelorarbeit\Audio\transkripte\2021-03-31_2283281.txt
2026-07-09T14:42:49,2283008,https://smotrim.ru/video/2283008,ok,,C:\Users\PeppermintButler\Desktop\Bachelorarbeit\Audio\transkripte\2021-03-30_2283008.txt
2026-07-09T14:47:31,2282865,https://smotrim.ru/video/2282865,ok,,C:\Users\PeppermintButler\Desktop\Bachelorarbeit\Audio\transkripte\2021-03-30_2282865.txt
2026-07-09T14:51:30,2282619,https://smotrim.ru/video/2282619,ok,,C:\Users\PeppermintButler\Desktop\Bachelorarbeit\Audio\transkripte\2021-03-29_2282619.txt
2026-07-09T14:55:05,2282494,https://smotrim.ru/video/2282494,ok,,C:\Users\PeppermintButler\Desktop\Bachelorarbeit\Audio\transkripte\2021-03-29_2282494.txt
2026-07-09T14:59:02,2281903,https://smotrim.ru/video/2281903,ok,,C:\Users\PeppermintButler\Desktop\Bachelorarbeit\Audio\transkripte\2021-03-26_2281903.txt
2026-07-09T15:03:37,2281758,https://smotrim.ru/video/2281758,ok,,C:\Users\PeppermintButler\Desktop\Bachelorarbeit\Audio\transkripte\2021-03-26_2281758.txt
2026-07-09T15:07:07,2281492,https://smotrim.ru/video/2281492,ok,,C:\Users\PeppermintButler\Desktop\Bachelorarbeit\Audio\transkripte\2021-03-25_2281492.txt
2026-07-09T15:12:14,2281345,https://smotrim.ru/video/2281345,ok,,C:\Users\PeppermintButler\Desktop\Bachelorarbeit\Audio\transkripte\2021-03-25_2281345.txt
2026-07-09T15:16:02,2281077,https://smotrim.ru/video/2281077,ok,,C:\Users\PeppermintButler\Desktop\Bachelorarbeit\Audio\transkripte\2021-03-24_2281077.txt
2026-07-09T15:19:55,2280933,https://smotrim.ru/video/2280933,ok,,C:\Users\PeppermintButler\Desktop\Bachelorarbeit\Audio\transkripte\2021-03-24_2280933.txt
2026-07-09T15:24:00,2280675,https://smotrim.ru/video/2280675,ok,,C:\Users\PeppermintButler\Desktop\Bachelorarbeit\Audio\transkripte\2021-03-23_2280675.txt
2026-07-09T15:28:11,2280528,https://smotrim.ru/video/2280528,ok,,C:\Users\PeppermintButler\Desktop\Bachelorarbeit\Audio\transkripte\2021-03-23_2280528.txt
2026-07-09T15:31:45,2280275,https://smotrim.ru/video/2280275,ok,,C:\Users\PeppermintButler\Desktop\Bachelorarbeit\Audio\transkripte\2021-03-22_2280275.txt
2026-07-09T15:35:11,2280132,https://smotrim.ru/video/2280132,ok,,C:\Users\PeppermintButler\Desktop\Bachelorarbeit\Audio\transkripte\2021-03-22_2280132.txt
2026-07-09T15:38:44,2279512,https://smotrim.ru/video/2279512,ok,,C:\Users\PeppermintButler\Desktop\Bachelorarbeit\Audio\transkripte\2021-03-19_2279512.txt
2026-07-09T15:43:01,2279366,https://smotrim.ru/video/2279366,ok,,C:\Users\PeppermintButler\Desktop\Bachelorarbeit\Audio\transkripte\2021-03-19_2279366.txt
2026-07-09T15:46:55,2279079,https://smotrim.ru/video/2279079,ok,,C:\Users\PeppermintButler\Desktop\Bachelorarbeit\Audio\transkripte\2021-03-18_2279079.txt
2026-07-09T15:50:47,2278964,https://smotrim.ru/video/2278964,ok,,C:\Users\PeppermintButler\Desktop\Bachelorarbeit\Audio\transkripte\2021-03-18_2278964.txt
2026-07-09T15:54:16,2278710,https://smotrim.ru/video/2278710,ok,,C:\Users\PeppermintButler\Desktop\Bachelorarbeit\Audio\transkripte\2021-03-17_2278710.txt
2026-07-09T15:58:07,2278564,https://smotrim.ru/video/2278564,ok,,C:\Users\PeppermintButler\Desktop\Bachelorarbeit\Audio\transkripte\2021-03-17_2278564.txt
2026-07-09T16:02:02,2278303,https://smotrim.ru/video/2278303,ok,,C:\Users\PeppermintButler\Desktop\Bachelorarbeit\Audio\transkripte\2021-03-16_2278303.txt
2026-07-09T16:05:52,2278157,https://smotrim.ru/video/2278157,ok,,C:\Users\PeppermintButler\Desktop\Bachelorarbeit\Audio\transkripte\2021-03-16_2278157.txt
2026-07-09T16:09:40,2277910,https://smotrim.ru/video/2277910,ok,,C:\Users\PeppermintButler\Desktop\Bachelorarbeit\Audio\transkripte\2021-03-15_2277910.txt
2026-07-09T16:13:32,2277790,https://smotrim.ru/video/2277790,ok,,C:\Users\PeppermintButler\Desktop\Bachelorarbeit\Audio\transkripte\2021-03-15_2277790.txt
2026-07-09T16:15:22,2277127,https://smotrim.ru/video/2277127,ok,,C:\Users\PeppermintButler\Desktop\Bachelorarbeit\Audio\transkripte\2021-03-13_2277127.txt
2026-07-09T16:18:58,2277150,https://smotrim.ru/video/2277150,ok,,C:\Users\PeppermintButler\Desktop\Bachelorarbeit\Audio\transkripte\2021-03-12_2277150.txt
2026-07-09T16:23:00,2277000,https://smotrim.ru/video/2277000,ok,,C:\Users\PeppermintButler\Desktop\Bachelorarbeit\Audio\transkripte\2021-03-12_2277000.txt
2026-07-09T16:27:10,2276722,https://smotrim.ru/video/2276722,ok,,C:\Users\PeppermintButler\Desktop\Bachelorarbeit\Audio\transkripte\2021-03-11_2276722.txt
2026-07-09T16:28:29,2276572,https://smotrim.ru/video/2276572,fehler,WAV nach 3 Versuchen nicht erzeugt: C:\Users\PeppermintButler\Desktop\Bachelorarbeit\Audio\roh\2021-03-11_2276572.wav,
2026-07-09T16:29:40,2276323,https://smotrim.ru/video/2276323,fehler,Keine m3u8-URL gefunden,
2026-07-09T16:35:45,2276179,https://smotrim.ru/video/2276179,ok,,C:\Users\PeppermintButler\Desktop\Bachelorarbeit\Audio\transkripte\2021-03-10_2276179.txt
2026-07-09T16:39:38,2275927,https://smotrim.ru/video/2275927,ok,,C:\Users\PeppermintButler\Desktop\Bachelorarbeit\Audio\transkripte\2021-03-09_2275927.txt
2026-07-09T16:43:30,2275791,https://smotrim.ru/video/2275791,ok,,C:\Users\PeppermintButler\Desktop\Bachelorarbeit\Audio\transkripte\2021-03-09_2275791.txt
2026-07-09T16:47:35,2274885,https://smotrim.ru/video/2274885,ok,,C:\Users\PeppermintButler\Desktop\Bachelorarbeit\Audio\transkripte\2021-03-05_2274885.txt
2026-07-09T16:51:15,2274629,https://smotrim.ru/video/2274629,ok,,C:\Users\PeppermintButler\Desktop\Bachelorarbeit\Audio\transkripte\2021-03-04_2274629.txt
2026-07-09T16:55:08,2274447,https://smotrim.ru/video/2274447,ok,,C:\Users\PeppermintButler\Desktop\Bachelorarbeit\Audio\transkripte\2021-03-04_2274447.txt
2026-07-09T16:59:04,2274196,https://smotrim.ru/video/2274196,ok,,C:\Users\PeppermintButler\Desktop\Bachelorarbeit\Audio\transkripte\2021-03-03_2274196.txt
2026-07-09T17:03:12,2274064,https://smotrim.ru/video/2274064,ok,,C:\Users\PeppermintButler\Desktop\Bachelorarbeit\Audio\transkripte\2021-03-03_2274064.txt
2026-07-09T17:07:00,2273806,https://smotrim.ru/video/2273806,ok,,C:\Users\PeppermintButler\Desktop\Bachelorarbeit\Audio\transkripte\2021-03-02_2273806.txt
2026-07-09T17:10:45,2273676,https://smotrim.ru/video/2273676,ok,,C:\Users\PeppermintButler\Desktop\Bachelorarbeit\Audio\transkripte\2021-03-02_2273676.txt
2026-07-09T17:14:57,2273419,https://smotrim.ru/video/2273419,ok,,C:\Users\PeppermintButler\Desktop\Bachelorarbeit\Audio\transkripte\2021-03-01_2273419.txt
2026-07-09T17:18:57,2273286,https://smotrim.ru/video/2273286,ok,,C:\Users\PeppermintButler\Desktop\Bachelorarbeit\Audio\transkripte\2021-03-01_2273286.txt
2026-07-09T17:22:39,2272667,https://smotrim.ru/video/2272667,ok,,C:\Users\PeppermintButler\Desktop\Bachelorarbeit\Audio\transkripte\2021-02-26_2272667.txt
2026-07-09T17:26:30,2272514,https://smotrim.ru/video/2272514,ok,,C:\Users\PeppermintButler\Desktop\Bachelorarbeit\Audio\transkripte\2021-02-26_2272514.txt
2026-07-09T17:30:26,2272253,https://smotrim.ru/video/2272253,ok,,C:\Users\PeppermintButler\Desktop\Bachelorarbeit\Audio\transkripte\2021-02-25_2272253.txt
2026-07-09T17:34:18,2272124,https://smotrim.ru/video/2272124,ok,,C:\Users\PeppermintButler\Desktop\Bachelorarbeit\Audio\transkripte\2021-02-25_2272124.txt
2026-07-09T17:38:13,2271877,https://smotrim.ru/video/2271877,ok,,C:\Users\PeppermintButler\Desktop\Bachelorarbeit\Audio\transkripte\2021-02-24_2271877.txt
2026-07-09T17:42:04,2271733,https://smotrim.ru/video/2271733,ok,,C:\Users\PeppermintButler\Desktop\Bachelorarbeit\Audio\transkripte\2021-02-24_2271733.txt
2026-07-09T17:45:43,2270706,https://smotrim.ru/video/2270706,ok,,C:\Users\PeppermintButler\Desktop\Bachelorarbeit\Audio\transkripte\2021-02-19_2270706.txt
2026-07-09T17:49:32,2270580,https://smotrim.ru/video/2270580,ok,,C:\Users\PeppermintButler\Desktop\Bachelorarbeit\Audio\transkripte\2021-02-19_2270580.txt
2026-07-09T17:53:09,2270304,https://smotrim.ru/video/2270304,ok,,C:\Users\PeppermintButler\Desktop\Bachelorarbeit\Audio\transkripte\2021-02-18_2270304.txt
2026-07-09T17:56:48,2270187,https://smotrim.ru/video/2270187,ok,,C:\Users\PeppermintButler\Desktop\Bachelorarbeit\Audio\transkripte\2021-02-18_2270187.txt
2026-07-09T18:00:08,2269936,https://smotrim.ru/video/2269936,ok,,C:\Users\PeppermintButler\Desktop\Bachelorarbeit\Audio\transkripte\2021-02-17_2269936.txt
2026-07-09T18:04:13,2269813,https://smotrim.ru/video/2269813,ok,,C:\Users\PeppermintButler\Desktop\Bachelorarbeit\Audio\transkripte\2021-02-17_2269813.txt
2026-07-09T18:08:04,2269564,https://smotrim.ru/video/2269564,ok,,C:\Users\PeppermintButler\Desktop\Bachelorarbeit\Audio\transkripte\2021-02-16_2269564.txt
2026-07-09T18:11:55,2269384,https://smotrim.ru/video/2269384,ok,,C:\Users\PeppermintButler\Desktop\Bachelorarbeit\Audio\transkripte\2021-02-16_2269384.txt
2026-07-09T18:16:05,2269100,https://smotrim.ru/video/2269100,ok,,C:\Users\PeppermintButler\Desktop\Bachelorarbeit\Audio\transkripte\2021-02-15_2269100.txt
2026-07-09T18:19:51,2268965,https://smotrim.ru/video/2268965,ok,,C:\Users\PeppermintButler\Desktop\Bachelorarbeit\Audio\transkripte\2021-02-15_2268965.txt
2026-07-09T18:23:31,2268331,https://smotrim.ru/video/2268331,ok,,C:\Users\PeppermintButler\Desktop\Bachelorarbeit\Audio\transkripte\2021-02-12_2268331.txt
2026-07-09T18:27:08,2268163,https://smotrim.ru/video/2268163,ok,,C:\Users\PeppermintButler\Desktop\Bachelorarbeit\Audio\transkripte\2021-02-12_2268163.txt
2026-07-09T18:31:03,2267914,https://smotrim.ru/video/2267914,ok,,C:\Users\PeppermintButler\Desktop\Bachelorarbeit\Audio\transkripte\2021-02-11_2267914.txt
2026-07-09T18:35:09,2267787,https://smotrim.ru/video/2267787,ok,,C:\Users\PeppermintButler\Desktop\Bachelorarbeit\Audio\transkripte\2021-02-11_2267787.txt
2026-07-09T18:39:38,2267522,https://smotrim.ru/video/2267522,ok,,C:\Users\PeppermintButler\Desktop\Bachelorarbeit\Audio\transkripte\2021-02-10_2267522.txt
2026-07-09T18:43:13,2267358,https://smotrim.ru/video/2267358,ok,,C:\Users\PeppermintButler\Desktop\Bachelorarbeit\Audio\transkripte\2021-02-10_2267358.txt
2026-07-09T18:46:48,2267114,https://smotrim.ru/video/2267114,ok,,C:\Users\PeppermintButler\Desktop\Bachelorarbeit\Audio\transkripte\2021-02-09_2267114.txt
2026-07-09T18:51:29,2266968,https://smotrim.ru/video/2266968,ok,,C:\Users\PeppermintButler\Desktop\Bachelorarbeit\Audio\transkripte\2021-02-09_2266968.txt
2026-07-09T18:55:04,2266708,https://smotrim.ru/video/2266708,ok,,C:\Users\PeppermintButler\Desktop\Bachelorarbeit\Audio\transkripte\2021-02-08_2266708.txt
2026-07-09T18:59:08,2266566,https://smotrim.ru/video/2266566,ok,,C:\Users\PeppermintButler\Desktop\Bachelorarbeit\Audio\transkripte\2021-02-08_2266566.txt
2026-07-09T19:02:44,2266013,https://smotrim.ru/video/2266013,ok,,C:\Users\PeppermintButler\Desktop\Bachelorarbeit\Audio\transkripte\2021-02-05_2266013.txt
2026-07-09T19:07:23,2265862,https://smotrim.ru/video/2265862,ok,,C:\Users\PeppermintButler\Desktop\Bachelorarbeit\Audio\transkripte\2021-02-05_2265862.txt
2026-07-09T19:11:30,2265587,https://smotrim.ru/video/2265587,ok,,C:\Users\PeppermintButler\Desktop\Bachelorarbeit\Audio\transkripte\2021-02-04_2265587.txt
2026-07-09T19:15:03,2265435,https://smotrim.ru/video/2265435,ok,,C:\Users\PeppermintButler\Desktop\Bachelorarbeit\Audio\transkripte\2021-02-04_2265435.txt
2026-07-09T19:19:31,2265163,https://smotrim.ru/video/2265163,ok,,C:\Users\PeppermintButler\Desktop\Bachelorarbeit\Audio\transkripte\2021-02-03_2265163.txt
2026-07-09T19:23:19,2265037,https://smotrim.ru/video/2265037,ok,,C:\Users\PeppermintButler\Desktop\Bachelorarbeit\Audio\transkripte\2021-02-03_2265037.txt
2026-07-09T19:27:11,2264796,https://smotrim.ru/video/2264796,ok,,C:\Users\PeppermintButler\Desktop\Bachelorarbeit\Audio\transkripte\2021-02-02_2264796.txt
2026-07-09T19:30:32,2264674,https://smotrim.ru/video/2264674,ok,,C:\Users\PeppermintButler\Desktop\Bachelorarbeit\Audio\transkripte\2021-02-02_2264674.txt
2026-07-09T19:35:47,2264444,https://smotrim.ru/video/2264444,ok,,C:\Users\PeppermintButler\Desktop\Bachelorarbeit\Audio\transkripte\2021-02-01_2264444.txt
2026-07-09T19:39:50,2264322,https://smotrim.ru/video/2264322,ok,,C:\Users\PeppermintButler\Desktop\Bachelorarbeit\Audio\transkripte\2021-02-01_2264322.txt
2026-07-09T19:43:34,2263791,https://smotrim.ru/video/2263791,ok,,C:\Users\PeppermintButler\Desktop\Bachelorarbeit\Audio\transkripte\2021-01-29_2263791.txt
2026-07-09T19:48:16,2263641,https://smotrim.ru/video/2263641,ok,,C:\Users\PeppermintButler\Desktop\Bachelorarbeit\Audio\transkripte\2021-01-29_2263641.txt
2026-07-09T19:52:02,2263365,https://smotrim.ru/video/2263365,ok,,C:\Users\PeppermintButler\Desktop\Bachelorarbeit\Audio\transkripte\2021-01-28_2263365.txt
2026-07-09T19:55:55,2263216,https://smotrim.ru/video/2263216,ok,,C:\Users\PeppermintButler\Desktop\Bachelorarbeit\Audio\transkripte\2021-01-28_2263216.txt
2026-07-09T19:59:32,2262952,https://smotrim.ru/video/2262952,ok,,C:\Users\PeppermintButler\Desktop\Bachelorarbeit\Audio\transkripte\2021-01-27_2262952.txt
2026-07-09T20:03:19,2262829,https://smotrim.ru/video/2262829,ok,,C:\Users\PeppermintButler\Desktop\Bachelorarbeit\Audio\transkripte\2021-01-27_2262829.txt
2026-07-09T20:07:00,2262582,https://smotrim.ru/video/2262582,ok,,C:\Users\PeppermintButler\Desktop\Bachelorarbeit\Audio\transkripte\2021-01-26_2262582.txt
2026-07-09T20:10:50,2262455,https://smotrim.ru/video/2262455,ok,,C:\Users\PeppermintButler\Desktop\Bachelorarbeit\Audio\transkripte\2021-01-26_2262455.txt
2026-07-09T20:14:24,2262232,https://smotrim.ru/video/2262232,ok,,C:\Users\PeppermintButler\Desktop\Bachelorarbeit\Audio\transkripte\2021-01-25_2262232.txt
2026-07-09T20:17:49,2262101,https://smotrim.ru/video/2262101,ok,,C:\Users\PeppermintButler\Desktop\Bachelorarbeit\Audio\transkripte\2021-01-25_2262101.txt
2026-07-09T20:21:36,2261536,https://smotrim.ru/video/2261536,ok,,C:\Users\PeppermintButler\Desktop\Bachelorarbeit\Audio\transkripte\2021-01-22_2261536.txt
2026-07-09T20:25:25,2261378,https://smotrim.ru/video/2261378,ok,,C:\Users\PeppermintButler\Desktop\Bachelorarbeit\Audio\transkripte\2021-01-22_2261378.txt
2026-07-09T20:28:54,2261104,https://smotrim.ru/video/2261104,ok,,C:\Users\PeppermintButler\Desktop\Bachelorarbeit\Audio\transkripte\2021-01-21_2261104.txt
2026-07-09T20:32:32,2260727,https://smotrim.ru/video/2260727,ok,,C:\Users\PeppermintButler\Desktop\Bachelorarbeit\Audio\transkripte\2021-01-20_2260727.txt
2026-07-09T20:36:07,2260595,https://smotrim.ru/video/2260595,ok,,C:\Users\PeppermintButler\Desktop\Bachelorarbeit\Audio\transkripte\2021-01-20_2260595.txt
2026-07-09T20:39:58,2260362,https://smotrim.ru/video/2260362,ok,,C:\Users\PeppermintButler\Desktop\Bachelorarbeit\Audio\transkripte\2021-01-19_2260362.txt
2026-07-09T20:43:21,2260189,https://smotrim.ru/video/2260189,ok,,C:\Users\PeppermintButler\Desktop\Bachelorarbeit\Audio\transkripte\2021-01-19_2260189.txt
2026-07-09T20:47:11,2259942,https://smotrim.ru/video/2259942,ok,,C:\Users\PeppermintButler\Desktop\Bachelorarbeit\Audio\transkripte\2021-01-18_2259942.txt
2026-07-09T20:47:37,2259911,https://smotrim.ru/video/2259911,ok,,C:\Users\PeppermintButler\Desktop\Bachelorarbeit\Audio\transkripte\2021-01-18_2259911.txt
2026-07-09T20:51:41,2259230,https://smotrim.ru/video/2259230,ok,,C:\Users\PeppermintButler\Desktop\Bachelorarbeit\Audio\transkripte\2021-01-15_2259230.txt
2026-07-09T20:55:22,2258782,https://smotrim.ru/video/2258782,ok,,C:\Users\PeppermintButler\Desktop\Bachelorarbeit\Audio\transkripte\2021-01-14_2258782.txt
2026-07-09T20:59:22,2258404,https://smotrim.ru/video/2258404,ok,,C:\Users\PeppermintButler\Desktop\Bachelorarbeit\Audio\transkripte\2021-01-13_2258404.txt
2026-07-09T21:03:12,2258059,https://smotrim.ru/video/2258059,ok,,C:\Users\PeppermintButler\Desktop\Bachelorarbeit\Audio\transkripte\2021-01-12_2258059.txt
2026-07-09T21:06:53,2257691,https://smotrim.ru/video/2257691,ok,,C:\Users\PeppermintButler\Desktop\Bachelorarbeit\Audio\transkripte\2021-01-11_2257691.txt
2026-07-09T21:12:34,2539395,https://smotrim.ru/video/2539395,ok,,C:\Users\PeppermintButler\Desktop\Bachelorarbeit\Audio\transkripte\2022-12-29_2539395.txt
2026-07-09T21:18:39,2539109,https://smotrim.ru/video/2539109,ok,,C:\Users\PeppermintButler\Desktop\Bachelorarbeit\Audio\transkripte\2022-12-29_2539109.txt
2026-07-09T21:25:41,2538677,https://smotrim.ru/video/2538677,ok,,C:\Users\PeppermintButler\Desktop\Bachelorarbeit\Audio\transkripte\2022-12-28_2538677.txt
2026-07-09T21:31:26,2538308,https://smotrim.ru/video/2538308,ok,,C:\Users\PeppermintButler\Desktop\Bachelorarbeit\Audio\transkripte\2022-12-28_2538308.txt
2026-07-09T21:37:33,2537855,https://smotrim.ru/video/2537855,ok,,C:\Users\PeppermintButler\Desktop\Bachelorarbeit\Audio\transkripte\2022-12-27_2537855.txt
2026-07-09T21:44:15,2537605,https://smotrim.ru/video/2537605,ok,,C:\Users\PeppermintButler\Desktop\Bachelorarbeit\Audio\transkripte\2022-12-27_2537605.txt
2026-07-09T21:50:56,2537170,https://smotrim.ru/video/2537170,ok,,C:\Users\PeppermintButler\Desktop\Bachelorarbeit\Audio\transkripte\2022-12-26_2537170.txt
2026-07-09T21:57:51,2536881,https://smotrim.ru/video/2536881,ok,,C:\Users\PeppermintButler\Desktop\Bachelorarbeit\Audio\transkripte\2022-12-26_2536881.txt
2026-07-09T22:04:52,2536073,https://smotrim.ru/video/2536073,ok,,C:\Users\PeppermintButler\Desktop\Bachelorarbeit\Audio\transkripte\2022-12-23_2536073.txt
2026-07-09T22:11:45,2535996,https://smotrim.ru/video/2535996,ok,,C:\Users\PeppermintButler\Desktop\Bachelorarbeit\Audio\transkripte\2022-12-23_2535996.txt
2026-07-09T22:18:03,2535289,https://smotrim.ru/video/2535289,ok,,C:\Users\PeppermintButler\Desktop\Bachelorarbeit\Audio\transkripte\2022-12-22_2535289.txt
2026-07-09T22:25:46,2534731,https://smotrim.ru/video/2534731,ok,,C:\Users\PeppermintButler\Desktop\Bachelorarbeit\Audio\transkripte\2022-12-21_2534731.txt
2026-07-09T22:32:42,2533927,https://smotrim.ru/video/2533927,ok,,C:\Users\PeppermintButler\Desktop\Bachelorarbeit\Audio\transkripte\2022-12-20_2533927.txt
2026-07-09T22:39:52,2533127,https://smotrim.ru/video/2533127,ok,,C:\Users\PeppermintButler\Desktop\Bachelorarbeit\Audio\transkripte\2022-12-19_2533127.txt
2026-07-09T22:46:40,2531000,https://smotrim.ru/video/2531000,ok,,C:\Users\PeppermintButler\Desktop\Bachelorarbeit\Audio\transkripte\2022-12-15_2531000.txt
2026-07-09T22:53:35,2530613,https://smotrim.ru/video/2530613,ok,,C:\Users\PeppermintButler\Desktop\Bachelorarbeit\Audio\transkripte\2022-12-14_2530613.txt
2026-07-09T23:00:15,2530374,https://smotrim.ru/video/2530374,ok,,C:\Users\PeppermintButler\Desktop\Bachelorarbeit\Audio\transkripte\2022-12-14_2530374.txt
2026-07-09T23:06:50,2529821,https://smotrim.ru/video/2529821,ok,,C:\Users\PeppermintButler\Desktop\Bachelorarbeit\Audio\transkripte\2022-12-13_2529821.txt
2026-07-09T23:13:55,2529488,https://smotrim.ru/video/2529488,ok,,C:\Users\PeppermintButler\Desktop\Bachelorarbeit\Audio\transkripte\2022-12-13_2529488.txt
2026-07-09T23:20:29,2529112,https://smotrim.ru/video/2529112,ok,,C:\Users\PeppermintButler\Desktop\Bachelorarbeit\Audio\transkripte\2022-12-12_2529112.txt
2026-07-09T23:26:59,2528727,https://smotrim.ru/video/2528727,ok,,C:\Users\PeppermintButler\Desktop\Bachelorarbeit\Audio\transkripte\2022-12-12_2528727.txt
2026-07-09T23:34:09,2527878,https://smotrim.ru/video/2527878,ok,,C:\Users\PeppermintButler\Desktop\Bachelorarbeit\Audio\transkripte\2022-12-09_2527878.txt
2026-07-09T23:41:21,2527600,https://smotrim.ru/video/2527600,ok,,C:\Users\PeppermintButler\Desktop\Bachelorarbeit\Audio\transkripte\2022-12-09_2527600.txt
2026-07-09T23:48:01,2527150,https://smotrim.ru/video/2527150,ok,,C:\Users\PeppermintButler\Desktop\Bachelorarbeit\Audio\transkripte\2022-12-08_2527150.txt
2026-07-09T23:55:13,2526819,https://smotrim.ru/video/2526819,ok,,C:\Users\PeppermintButler\Desktop\Bachelorarbeit\Audio\transkripte\2022-12-08_2526819.txt
2026-07-10T00:02:02,2526465,https://smotrim.ru/video/2526465,ok,,C:\Users\PeppermintButler\Desktop\Bachelorarbeit\Audio\transkripte\2022-12-07_2526465.txt
2026-07-10T00:08:50,2526321,https://smotrim.ru/video/2526321,ok,,C:\Users\PeppermintButler\Desktop\Bachelorarbeit\Audio\transkripte\2022-12-07_2526321.txt
2026-07-10T00:16:01,2525677,https://smotrim.ru/video/2525677,ok,,C:\Users\PeppermintButler\Desktop\Bachelorarbeit\Audio\transkripte\2022-12-06_2525677.txt
2026-07-10T00:23:24,2525316,https://smotrim.ru/video/2525316,ok,,C:\Users\PeppermintButler\Desktop\Bachelorarbeit\Audio\transkripte\2022-12-06_2525316.txt
2026-07-10T00:30:18,2524950,https://smotrim.ru/video/2524950,ok,,C:\Users\PeppermintButler\Desktop\Bachelorarbeit\Audio\transkripte\2022-12-05_2524950.txt
2026-07-10T00:37:04,2524666,https://smotrim.ru/video/2524666,ok,,C:\Users\PeppermintButler\Desktop\Bachelorarbeit\Audio\transkripte\2022-12-05_2524666.txt
2026-07-10T00:44:50,2523778,https://smotrim.ru/video/2523778,ok,,C:\Users\PeppermintButler\Desktop\Bachelorarbeit\Audio\transkripte\2022-12-02_2523778.txt
2026-07-10T00:51:29,2523527,https://smotrim.ru/video/2523527,ok,,C:\Users\PeppermintButler\Desktop\Bachelorarbeit\Audio\transkripte\2022-12-02_2523527.txt
2026-07-10T00:58:51,2522994,https://smotrim.ru/video/2522994,ok,,C:\Users\PeppermintButler\Desktop\Bachelorarbeit\Audio\transkripte\2022-12-01_2522994.txt
2026-07-10T01:05:56,2522769,https://smotrim.ru/video/2522769,ok,,C:\Users\PeppermintButler\Desktop\Bachelorarbeit\Audio\transkripte\2022-12-01_2522769.txt
2026-07-10T01:13:14,2522274,https://smotrim.ru/video/2522274,ok,,C:\Users\PeppermintButler\Desktop\Bachelorarbeit\Audio\transkripte\2022-11-30_2522274.txt
2026-07-10T01:20:40,2522080,https://smotrim.ru/video/2522080,ok,,C:\Users\PeppermintButler\Desktop\Bachelorarbeit\Audio\transkripte\2022-11-30_2522080.txt
2026-07-10T01:27:21,2521541,https://smotrim.ru/video/2521541,ok,,C:\Users\PeppermintButler\Desktop\Bachelorarbeit\Audio\transkripte\2022-11-29_2521541.txt
2026-07-10T01:34:29,2521285,https://smotrim.ru/video/2521285,ok,,C:\Users\PeppermintButler\Desktop\Bachelorarbeit\Audio\transkripte\2022-11-29_2521285.txt
2026-07-10T01:41:36,2520832,https://smotrim.ru/video/2520832,ok,,C:\Users\PeppermintButler\Desktop\Bachelorarbeit\Audio\transkripte\2022-11-28_2520832.txt
2026-07-10T01:48:19,2520535,https://smotrim.ru/video/2520535,ok,,C:\Users\PeppermintButler\Desktop\Bachelorarbeit\Audio\transkripte\2022-11-28_2520535.txt
2026-07-10T01:54:50,2519651,https://smotrim.ru/video/2519651,ok,,C:\Users\PeppermintButler\Desktop\Bachelorarbeit\Audio\transkripte\2022-11-25_2519651.txt
2026-07-10T02:01:48,2519397,https://smotrim.ru/video/2519397,ok,,C:\Users\PeppermintButler\Desktop\Bachelorarbeit\Audio\transkripte\2022-11-25_2519397.txt
2026-07-10T02:08:26,2518949,https://smotrim.ru/video/2518949,ok,,C:\Users\PeppermintButler\Desktop\Bachelorarbeit\Audio\transkripte\2022-11-24_2518949.txt
2026-07-10T02:15:35,2518704,https://smotrim.ru/video/2518704,ok,,C:\Users\PeppermintButler\Desktop\Bachelorarbeit\Audio\transkripte\2022-11-24_2518704.txt
2026-07-10T02:22:13,2518288,https://smotrim.ru/video/2518288,ok,,C:\Users\PeppermintButler\Desktop\Bachelorarbeit\Audio\transkripte\2022-11-23_2518288.txt
2026-07-10T02:28:56,2518116,https://smotrim.ru/video/2518116,ok,,C:\Users\PeppermintButler\Desktop\Bachelorarbeit\Audio\transkripte\2022-11-23_2518116.txt
2026-07-10T02:35:26,2517481,https://smotrim.ru/video/2517481,ok,,C:\Users\PeppermintButler\Desktop\Bachelorarbeit\Audio\transkripte\2022-11-22_2517481.txt
2026-07-10T02:42:06,2517183,https://smotrim.ru/video/2517183,ok,,C:\Users\PeppermintButler\Desktop\Bachelorarbeit\Audio\transkripte\2022-11-22_2517183.txt
2026-07-10T02:48:58,2516724,https://smotrim.ru/video/2516724,ok,,C:\Users\PeppermintButler\Desktop\Bachelorarbeit\Audio\transkripte\2022-11-21_2516724.txt
2026-07-10T02:55:41,2516406,https://smotrim.ru/video/2516406,ok,,C:\Users\PeppermintButler\Desktop\Bachelorarbeit\Audio\transkripte\2022-11-21_2516406.txt
2026-07-10T03:02:32,2515623,https://smotrim.ru/video/2515623,ok,,C:\Users\PeppermintButler\Desktop\Bachelorarbeit\Audio\transkripte\2022-11-18_2515623.txt
2026-07-10T03:10:02,2515410,https://smotrim.ru/video/2515410,ok,,C:\Users\PeppermintButler\Desktop\Bachelorarbeit\Audio\transkripte\2022-11-18_2515410.txt
2026-07-10T03:17:11,2515007,https://smotrim.ru/video/2515007,ok,,C:\Users\PeppermintButler\Desktop\Bachelorarbeit\Audio\transkripte\2022-11-17_2515007.txt
2026-07-10T03:23:52,2514670,https://smotrim.ru/video/2514670,ok,,C:\Users\PeppermintButler\Desktop\Bachelorarbeit\Audio\transkripte\2022-11-17_2514670.txt
2026-07-10T03:30:43,2514293,https://smotrim.ru/video/2514293,ok,,C:\Users\PeppermintButler\Desktop\Bachelorarbeit\Audio\transkripte\2022-11-16_2514293.txt
2026-07-10T03:37:44,2514027,https://smotrim.ru/video/2514027,ok,,C:\Users\PeppermintButler\Desktop\Bachelorarbeit\Audio\transkripte\2022-11-16_2514027.txt
2026-07-10T03:44:45,2513464,https://smotrim.ru/video/2513464,ok,,C:\Users\PeppermintButler\Desktop\Bachelorarbeit\Audio\transkripte\2022-11-15_2513464.txt
2026-07-10T03:51:46,2513153,https://smotrim.ru/video/2513153,ok,,C:\Users\PeppermintButler\Desktop\Bachelorarbeit\Audio\transkripte\2022-11-15_2513153.txt
2026-07-10T03:58:33,2512738,https://smotrim.ru/video/2512738,ok,,C:\Users\PeppermintButler\Desktop\Bachelorarbeit\Audio\transkripte\2022-11-14_2512738.txt
2026-07-10T04:05:49,2512400,https://smotrim.ru/video/2512400,ok,,C:\Users\PeppermintButler\Desktop\Bachelorarbeit\Audio\transkripte\2022-11-14_2512400.txt
2026-07-10T04:12:47,2511580,https://smotrim.ru/video/2511580,ok,,C:\Users\PeppermintButler\Desktop\Bachelorarbeit\Audio\transkripte\2022-11-11_2511580.txt
2026-07-10T04:19:56,2511249,https://smotrim.ru/video/2511249,ok,,C:\Users\PeppermintButler\Desktop\Bachelorarbeit\Audio\transkripte\2022-11-11_2511249.txt
2026-07-10T04:26:52,2510897,https://smotrim.ru/video/2510897,ok,,C:\Users\PeppermintButler\Desktop\Bachelorarbeit\Audio\transkripte\2022-11-10_2510897.txt
2026-07-10T04:33:34,2510636,https://smotrim.ru/video/2510636,ok,,C:\Users\PeppermintButler\Desktop\Bachelorarbeit\Audio\transkripte\2022-11-10_2510636.txt
2026-07-10T04:40:58,2510172,https://smotrim.ru/video/2510172,ok,,C:\Users\PeppermintButler\Desktop\Bachelorarbeit\Audio\transkripte\2022-11-09_2510172.txt
2026-07-10T04:48:25,2510040,https://smotrim.ru/video/2510040,ok,,C:\Users\PeppermintButler\Desktop\Bachelorarbeit\Audio\transkripte\2022-11-09_2510040.txt
2026-07-10T04:55:46,2509547,https://smotrim.ru/video/2509547,ok,,C:\Users\PeppermintButler\Desktop\Bachelorarbeit\Audio\transkripte\2022-11-08_2509547.txt
2026-07-10T05:03:08,2509318,https://smotrim.ru/video/2509318,ok,,C:\Users\PeppermintButler\Desktop\Bachelorarbeit\Audio\transkripte\2022-11-08_2509318.txt
2026-07-10T05:10:27,2508735,https://smotrim.ru/video/2508735,ok,,C:\Users\PeppermintButler\Desktop\Bachelorarbeit\Audio\transkripte\2022-11-07_2508735.txt
2026-07-10T05:17:32,2508433,https://smotrim.ru/video/2508433,ok,,C:\Users\PeppermintButler\Desktop\Bachelorarbeit\Audio\transkripte\2022-11-07_2508433.txt
2026-07-10T05:24:24,2507374,https://smotrim.ru/video/2507374,ok,,C:\Users\PeppermintButler\Desktop\Bachelorarbeit\Audio\transkripte\2022-11-03_2507374.txt
2026-07-10T05:31:40,2507146,https://smotrim.ru/video/2507146,ok,,C:\Users\PeppermintButler\Desktop\Bachelorarbeit\Audio\transkripte\2022-11-03_2507146.txt
2026-07-10T05:38:49,2506657,https://smotrim.ru/video/2506657,ok,,C:\Users\PeppermintButler\Desktop\Bachelorarbeit\Audio\transkripte\2022-11-02_2506657.txt
2026-07-10T05:45:50,2506517,https://smotrim.ru/video/2506517,ok,,C:\Users\PeppermintButler\Desktop\Bachelorarbeit\Audio\transkripte\2022-11-02_2506517.txt
2026-07-10T05:52:48,2505887,https://smotrim.ru/video/2505887,ok,,C:\Users\PeppermintButler\Desktop\Bachelorarbeit\Audio\transkripte\2022-11-01_2505887.txt
2026-07-10T05:59:19,2505819,https://smotrim.ru/video/2505819,ok,,C:\Users\PeppermintButler\Desktop\Bachelorarbeit\Audio\transkripte\2022-11-01_2505819.txt
2026-07-10T06:06:11,2505164,https://smotrim.ru/video/2505164,ok,,C:\Users\PeppermintButler\Desktop\Bachelorarbeit\Audio\transkripte\2022-10-31_2505164.txt
2026-07-10T06:13:01,2504855,https://smotrim.ru/video/2504855,ok,,C:\Users\PeppermintButler\Desktop\Bachelorarbeit\Audio\transkripte\2022-10-31_2504855.txt
2026-07-10T06:20:29,2503774,https://smotrim.ru/video/2503774,ok,,C:\Users\PeppermintButler\Desktop\Bachelorarbeit\Audio\transkripte\2022-10-28_2503774.txt
2026-07-10T06:27:28,2503574,https://smotrim.ru/video/2503574,ok,,C:\Users\PeppermintButler\Desktop\Bachelorarbeit\Audio\transkripte\2022-10-28_2503574.txt
2026-07-10T06:34:31,2503091,https://smotrim.ru/video/2503091,ok,,C:\Users\PeppermintButler\Desktop\Bachelorarbeit\Audio\transkripte\2022-10-27_2503091.txt
2026-07-10T06:41:40,2502895,https://smotrim.ru/video/2502895,ok,,C:\Users\PeppermintButler\Desktop\Bachelorarbeit\Audio\transkripte\2022-10-27_2502895.txt
2026-07-10T06:48:31,2502447,https://smotrim.ru/video/2502447,ok,,C:\Users\PeppermintButler\Desktop\Bachelorarbeit\Audio\transkripte\2022-10-26_2502447.txt
2026-07-10T06:55:27,2502302,https://smotrim.ru/video/2502302,ok,,C:\Users\PeppermintButler\Desktop\Bachelorarbeit\Audio\transkripte\2022-10-26_2502302.txt
2026-07-10T07:03:17,2501694,https://smotrim.ru/video/2501694,ok,,C:\Users\PeppermintButler\Desktop\Bachelorarbeit\Audio\transkripte\2022-10-25_2501694.txt
2026-07-10T07:10:25,2501448,https://smotrim.ru/video/2501448,ok,,C:\Users\PeppermintButler\Desktop\Bachelorarbeit\Audio\transkripte\2022-10-25_2501448.txt
2026-07-10T07:17:33,2500891,https://smotrim.ru/video/2500891,ok,,C:\Users\PeppermintButler\Desktop\Bachelorarbeit\Audio\transkripte\2022-10-24_2500891.txt
2026-07-10T07:24:15,2500628,https://smotrim.ru/video/2500628,ok,,C:\Users\PeppermintButler\Desktop\Bachelorarbeit\Audio\transkripte\2022-10-24_2500628.txt
2026-07-10T07:31:56,2499651,https://smotrim.ru/video/2499651,ok,,C:\Users\PeppermintButler\Desktop\Bachelorarbeit\Audio\transkripte\2022-10-21_2499651.txt
2026-07-10T07:39:06,2499432,https://smotrim.ru/video/2499432,ok,,C:\Users\PeppermintButler\Desktop\Bachelorarbeit\Audio\transkripte\2022-10-21_2499432.txt
2026-07-10T07:46:08,2498942,https://smotrim.ru/video/2498942,ok,,C:\Users\PeppermintButler\Desktop\Bachelorarbeit\Audio\transkripte\2022-10-20_2498942.txt
2026-07-10T07:53:03,2498695,https://smotrim.ru/video/2498695,ok,,C:\Users\PeppermintButler\Desktop\Bachelorarbeit\Audio\transkripte\2022-10-20_2498695.txt
2026-07-10T08:00:50,2498260,https://smotrim.ru/video/2498260,ok,,C:\Users\PeppermintButler\Desktop\Bachelorarbeit\Audio\transkripte\2022-10-19_2498260.txt
2026-07-10T08:07:46,2498033,https://smotrim.ru/video/2498033,ok,,C:\Users\PeppermintButler\Desktop\Bachelorarbeit\Audio\transkripte\2022-10-19_2498033.txt
2026-07-10T08:14:28,2497510,https://smotrim.ru/video/2497510,ok,,C:\Users\PeppermintButler\Desktop\Bachelorarbeit\Audio\transkripte\2022-10-18_2497510.txt
2026-07-10T08:21:26,2497212,https://smotrim.ru/video/2497212,ok,,C:\Users\PeppermintButler\Desktop\Bachelorarbeit\Audio\transkripte\2022-10-18_2497212.txt
2026-07-10T08:28:17,2496756,https://smotrim.ru/video/2496756,ok,,C:\Users\PeppermintButler\Desktop\Bachelorarbeit\Audio\transkripte\2022-10-17_2496756.txt
2026-07-10T08:35:35,2496540,https://smotrim.ru/video/2496540,ok,,C:\Users\PeppermintButler\Desktop\Bachelorarbeit\Audio\transkripte\2022-10-17_2496540.txt
2026-07-10T08:43:13,2495625,https://smotrim.ru/video/2495625,ok,,C:\Users\PeppermintButler\Desktop\Bachelorarbeit\Audio\transkripte\2022-10-14_2495625.txt
2026-07-10T08:50:38,2495412,https://smotrim.ru/video/2495412,ok,,C:\Users\PeppermintButler\Desktop\Bachelorarbeit\Audio\transkripte\2022-10-14_2495412.txt
2026-07-10T08:57:34,2494894,https://smotrim.ru/video/2494894,ok,,C:\Users\PeppermintButler\Desktop\Bachelorarbeit\Audio\transkripte\2022-10-13_2494894.txt
2026-07-10T09:04:28,2494676,https://smotrim.ru/video/2494676,ok,,C:\Users\PeppermintButler\Desktop\Bachelorarbeit\Audio\transkripte\2022-10-13_2494676.txt
2026-07-10T09:11:14,2494286,https://smotrim.ru/video/2494286,ok,,C:\Users\PeppermintButler\Desktop\Bachelorarbeit\Audio\transkripte\2022-10-12_2494286.txt
2026-07-10T09:18:55,2494074,https://smotrim.ru/video/2494074,ok,,C:\Users\PeppermintButler\Desktop\Bachelorarbeit\Audio\transkripte\2022-10-12_2494074.txt
2026-07-10T09:26:33,2493439,https://smotrim.ru/video/2493439,ok,,C:\Users\PeppermintButler\Desktop\Bachelorarbeit\Audio\transkripte\2022-10-11_2493439.txt
2026-07-10T09:33:59,2493357,https://smotrim.ru/video/2493357,ok,,C:\Users\PeppermintButler\Desktop\Bachelorarbeit\Audio\transkripte\2022-10-11_2493357.txt
2026-07-10T09:40:48,2492794,https://smotrim.ru/video/2492794,ok,,C:\Users\PeppermintButler\Desktop\Bachelorarbeit\Audio\transkripte\2022-10-10_2492794.txt
2026-07-10T09:47:45,2492561,https://smotrim.ru/video/2492561,ok,,C:\Users\PeppermintButler\Desktop\Bachelorarbeit\Audio\transkripte\2022-10-10_2492561.txt
2026-07-10T09:54:40,2491677,https://smotrim.ru/video/2491677,ok,,C:\Users\PeppermintButler\Desktop\Bachelorarbeit\Audio\transkripte\2022-10-07_2491677.txt
2026-07-10T10:01:41,2491316,https://smotrim.ru/video/2491316,ok,,C:\Users\PeppermintButler\Desktop\Bachelorarbeit\Audio\transkripte\2022-10-07_2491316.txt
2026-07-10T10:08:44,2490926,https://smotrim.ru/video/2490926,ok,,C:\Users\PeppermintButler\Desktop\Bachelorarbeit\Audio\transkripte\2022-10-06_2490926.txt
2026-07-10T10:15:47,2490571,https://smotrim.ru/video/2490571,ok,,C:\Users\PeppermintButler\Desktop\Bachelorarbeit\Audio\transkripte\2022-10-06_2490571.txt
2026-07-10T10:22:56,2490290,https://smotrim.ru/video/2490290,ok,,C:\Users\PeppermintButler\Desktop\Bachelorarbeit\Audio\transkripte\2022-10-05_2490290.txt
2026-07-10T10:30:06,2490071,https://smotrim.ru/video/2490071,ok,,C:\Users\PeppermintButler\Desktop\Bachelorarbeit\Audio\transkripte\2022-10-05_2490071.txt
2026-07-10T10:36:52,2489377,https://smotrim.ru/video/2489377,ok,,C:\Users\PeppermintButler\Desktop\Bachelorarbeit\Audio\transkripte\2022-10-04_2489377.txt
2026-07-10T10:43:35,2488993,https://smotrim.ru/video/2488993,ok,,C:\Users\PeppermintButler\Desktop\Bachelorarbeit\Audio\transkripte\2022-10-04_2488993.txt
2026-07-10T10:50:46,2488564,https://smotrim.ru/video/2488564,ok,,C:\Users\PeppermintButler\Desktop\Bachelorarbeit\Audio\transkripte\2022-10-03_2488564.txt
2026-07-10T10:57:35,2488245,https://smotrim.ru/video/2488245,ok,,C:\Users\PeppermintButler\Desktop\Bachelorarbeit\Audio\transkripte\2022-10-03_2488245.txt
2026-07-10T11:03:59,2487361,https://smotrim.ru/video/2487361,ok,,C:\Users\PeppermintButler\Desktop\Bachelorarbeit\Audio\transkripte\2022-09-30_2487361.txt
2026-07-10T11:10:37,2487290,https://smotrim.ru/video/2487290,ok,,C:\Users\PeppermintButler\Desktop\Bachelorarbeit\Audio\transkripte\2022-09-30_2487290.txt
2026-07-10T11:16:13,2486671,https://smotrim.ru/video/2486671,ok,,C:\Users\PeppermintButler\Desktop\Bachelorarbeit\Audio\transkripte\2022-08-29_2486671.txt
2026-07-10T11:23:17,2486549,https://smotrim.ru/video/2486549,ok,,C:\Users\PeppermintButler\Desktop\Bachelorarbeit\Audio\transkripte\2022-09-29_2486549.txt
2026-07-10T11:30:48,2485972,https://smotrim.ru/video/2485972,ok,,C:\Users\PeppermintButler\Desktop\Bachelorarbeit\Audio\transkripte\2022-09-28_2485972.txt
2026-07-10T11:37:52,2485769,https://smotrim.ru/video/2485769,ok,,C:\Users\PeppermintButler\Desktop\Bachelorarbeit\Audio\transkripte\2022-09-28_2485769.txt
2026-07-10T11:45:01,2485271,https://smotrim.ru/video/2485271,ok,,C:\Users\PeppermintButler\Desktop\Bachelorarbeit\Audio\transkripte\2022-09-27_2485271.txt
2026-07-10T11:51:52,2485044,https://smotrim.ru/video/2485044,ok,,C:\Users\PeppermintButler\Desktop\Bachelorarbeit\Audio\transkripte\2022-09-27_2485044.txt
2026-07-10T11:58:47,2484489,https://smotrim.ru/video/2484489,ok,,C:\Users\PeppermintButler\Desktop\Bachelorarbeit\Audio\transkripte\2022-09-26_2484489.txt
2026-07-10T12:05:15,2484208,https://smotrim.ru/video/2484208,ok,,C:\Users\PeppermintButler\Desktop\Bachelorarbeit\Audio\transkripte\2022-09-26_2484208.txt
2026-07-10T12:12:01,2483332,https://smotrim.ru/video/2483332,ok,,C:\Users\PeppermintButler\Desktop\Bachelorarbeit\Audio\transkripte\2022-09-23_2483332.txt
2026-07-10T12:19:11,2483109,https://smotrim.ru/video/2483109,ok,,C:\Users\PeppermintButler\Desktop\Bachelorarbeit\Audio\transkripte\2022-09-23_2483109.txt
2026-07-10T12:26:10,2482500,https://smotrim.ru/video/2482500,ok,,C:\Users\PeppermintButler\Desktop\Bachelorarbeit\Audio\transkripte\2022-09-22_2482500.txt
2026-07-10T12:33:21,2482397,https://smotrim.ru/video/2482397,ok,,C:\Users\PeppermintButler\Desktop\Bachelorarbeit\Audio\transkripte\2022-09-22_2482397.txt
2026-07-10T12:40:31,2481818,https://smotrim.ru/video/2481818,ok,,C:\Users\PeppermintButler\Desktop\Bachelorarbeit\Audio\transkripte\2022-09-21_2481818.txt
2026-07-10T12:46:57,2481626,https://smotrim.ru/video/2481626,ok,,C:\Users\PeppermintButler\Desktop\Bachelorarbeit\Audio\transkripte\2022-09-21_2481626.txt
2026-07-10T12:54:02,2481265,https://smotrim.ru/video/2481265,ok,,C:\Users\PeppermintButler\Desktop\Bachelorarbeit\Audio\transkripte\2022-09-20_2481265.txt
2026-07-10T13:01:02,2481080,https://smotrim.ru/video/2481080,ok,,C:\Users\PeppermintButler\Desktop\Bachelorarbeit\Audio\transkripte\2022-09-20_2481080.txt
2026-07-10T13:08:06,2480518,https://smotrim.ru/video/2480518,ok,,C:\Users\PeppermintButler\Desktop\Bachelorarbeit\Audio\transkripte\2022-09-19_2480518.txt
2026-07-10T13:14:41,2480298,https://smotrim.ru/video/2480298,ok,,C:\Users\PeppermintButler\Desktop\Bachelorarbeit\Audio\transkripte\2022-09-19_2480298.txt
2026-07-10T13:21:57,2479332,https://smotrim.ru/video/2479332,ok,,C:\Users\PeppermintButler\Desktop\Bachelorarbeit\Audio\transkripte\2022-09-16_2479332.txt
2026-07-10T13:28:56,2478901,https://smotrim.ru/video/2478901,ok,,C:\Users\PeppermintButler\Desktop\Bachelorarbeit\Audio\transkripte\2022-09-16_2478901.txt
2026-07-10T13:35:37,2478460,https://smotrim.ru/video/2478460,ok,,C:\Users\PeppermintButler\Desktop\Bachelorarbeit\Audio\transkripte\2022-09-15_2478460.txt
2026-07-10T13:42:13,2478211,https://smotrim.ru/video/2478211,ok,,C:\Users\PeppermintButler\Desktop\Bachelorarbeit\Audio\transkripte\2022-09-15_2478211.txt
2026-07-10T13:49:16,2477869,https://smotrim.ru/video/2477869,ok,,C:\Users\PeppermintButler\Desktop\Bachelorarbeit\Audio\transkripte\2022-09-14_2477869.txt
2026-07-10T13:56:17,2477594,https://smotrim.ru/video/2477594,ok,,C:\Users\PeppermintButler\Desktop\Bachelorarbeit\Audio\transkripte\2022-09-14_2477594.txt
2026-07-10T14:03:06,2477058,https://smotrim.ru/video/2477058,ok,,C:\Users\PeppermintButler\Desktop\Bachelorarbeit\Audio\transkripte\2022-09-13_2477058.txt
2026-07-10T14:10:01,2476729,https://smotrim.ru/video/2476729,ok,,C:\Users\PeppermintButler\Desktop\Bachelorarbeit\Audio\transkripte\2022-09-13_2476729.txt
2026-07-10T14:16:52,2476318,https://smotrim.ru/video/2476318,ok,,C:\Users\PeppermintButler\Desktop\Bachelorarbeit\Audio\transkripte\2022-09-12_2476318.txt
2026-07-10T14:23:20,2475981,https://smotrim.ru/video/2475981,ok,,C:\Users\PeppermintButler\Desktop\Bachelorarbeit\Audio\transkripte\2022-09-12_2475981.txt
2026-07-10T14:30:11,2475117,https://smotrim.ru/video/2475117,ok,,C:\Users\PeppermintButler\Desktop\Bachelorarbeit\Audio\transkripte\2022-09-09_2475117.txt
2026-07-10T14:36:46,2474820,https://smotrim.ru/video/2474820,ok,,C:\Users\PeppermintButler\Desktop\Bachelorarbeit\Audio\transkripte\2022-09-09_2474820.txt
2026-07-10T14:43:15,2474433,https://smotrim.ru/video/2474433,ok,,C:\Users\PeppermintButler\Desktop\Bachelorarbeit\Audio\transkripte\2022-09-08_2474433.txt
2026-07-10T14:49:30,2474087,https://smotrim.ru/video/2474087,ok,,C:\Users\PeppermintButler\Desktop\Bachelorarbeit\Audio\transkripte\2022-09-08_2474087.txt
2026-07-10T14:55:45,2473783,https://smotrim.ru/video/2473783,ok,,C:\Users\PeppermintButler\Desktop\Bachelorarbeit\Audio\transkripte\2022-09-07_2473783.txt
2026-07-10T15:02:03,2473587,https://smotrim.ru/video/2473587,ok,,C:\Users\PeppermintButler\Desktop\Bachelorarbeit\Audio\transkripte\2022-09-07_2473587.txt
2026-07-10T15:09:01,2473013,https://smotrim.ru/video/2473013,ok,,C:\Users\PeppermintButler\Desktop\Bachelorarbeit\Audio\transkripte\2022-09-06_2473013.txt
2026-07-10T15:15:38,2472699,https://smotrim.ru/video/2472699,ok,,C:\Users\PeppermintButler\Desktop\Bachelorarbeit\Audio\transkripte\2022-09-06_2472699.txt
2026-07-10T15:21:47,2472295,https://smotrim.ru/video/2472295,ok,,C:\Users\PeppermintButler\Desktop\Bachelorarbeit\Audio\transkripte\2022-09-05_2472295.txt
2026-07-10T15:29:03,2472058,https://smotrim.ru/video/2472058,ok,,C:\Users\PeppermintButler\Desktop\Bachelorarbeit\Audio\transkripte\2022-09-05_2472058.txt
2026-07-10T15:35:11,2471180,https://smotrim.ru/video/2471180,ok,,C:\Users\PeppermintButler\Desktop\Bachelorarbeit\Audio\transkripte\2022-09-02_2471180.txt
2026-07-10T15:41:36,2470868,https://smotrim.ru/video/2470868,ok,,C:\Users\PeppermintButler\Desktop\Bachelorarbeit\Audio\transkripte\2022-09-02_2470868.txt
2026-07-10T15:48:23,2470426,https://smotrim.ru/video/2470426,ok,,C:\Users\PeppermintButler\Desktop\Bachelorarbeit\Audio\transkripte\2022-09-01_2470426.txt
2026-07-10T15:55:07,2470128,https://smotrim.ru/video/2470128,ok,,C:\Users\PeppermintButler\Desktop\Bachelorarbeit\Audio\transkripte\2022-09-01_2470128.txt
2026-07-10T16:02:46,2469860,https://smotrim.ru/video/2469860,ok,,C:\Users\PeppermintButler\Desktop\Bachelorarbeit\Audio\transkripte\2022-08-31_2469860.txt
2026-07-10T16:09:01,2469719,https://smotrim.ru/video/2469719,ok,,C:\Users\PeppermintButler\Desktop\Bachelorarbeit\Audio\transkripte\2022-08-31_2469719.txt
2026-07-10T16:15:42,2469057,https://smotrim.ru/video/2469057,ok,,C:\Users\PeppermintButler\Desktop\Bachelorarbeit\Audio\transkripte\2022-08-30_2469057.txt
2026-07-10T16:21:56,2468731,https://smotrim.ru/video/2468731,ok,,C:\Users\PeppermintButler\Desktop\Bachelorarbeit\Audio\transkripte\2022-08-30_2468731.txt
2026-07-10T16:28:24,2468323,https://smotrim.ru/video/2468323,ok,,C:\Users\PeppermintButler\Desktop\Bachelorarbeit\Audio\transkripte\2022-08-29_2468323.txt
2026-07-10T16:34:51,2467245,https://smotrim.ru/video/2467245,ok,,C:\Users\PeppermintButler\Desktop\Bachelorarbeit\Audio\transkripte\2022-08-26_2467245.txt
2026-07-10T16:41:34,2467002,https://smotrim.ru/video/2467002,ok,,C:\Users\PeppermintButler\Desktop\Bachelorarbeit\Audio\transkripte\2022-08-26_2467002.txt
2026-07-10T16:48:19,2466520,https://smotrim.ru/video/2466520,ok,,C:\Users\PeppermintButler\Desktop\Bachelorarbeit\Audio\transkripte\2022-08-25_2466520.txt
2026-07-10T16:54:57,2466229,https://smotrim.ru/video/2466229,ok,,C:\Users\PeppermintButler\Desktop\Bachelorarbeit\Audio\transkripte\2022-08-25_2466229.txt
2026-07-10T17:01:34,2465976,https://smotrim.ru/video/2465976,ok,,C:\Users\PeppermintButler\Desktop\Bachelorarbeit\Audio\transkripte\2022-08-24_2465976.txt
2026-07-10T17:15:46,2276572,https://smotrim.ru/video/2276572,ok,,C:\Users\PeppermintButler\Desktop\Bachelorarbeit\Audio\transkripte\2021-03-11_2276572.txt
2026-07-10T17:20:27,2276323,https://smotrim.ru/video/2276323,ok,,C:\Users\PeppermintButler\Desktop\Bachelorarbeit\Audio\transkripte\2021-03-10_2276323.txt
2026-07-10T17:28:27,2465171,https://smotrim.ru/video/2465171,ok,,C:\Users\PeppermintButler\Desktop\Bachelorarbeit\Audio\transkripte\2022-08-23_2465171.txt
2026-07-10T17:35:43,2464994,https://smotrim.ru/video/2464994,ok,,C:\Users\PeppermintButler\Desktop\Bachelorarbeit\Audio\transkripte\2022-08-23_2464994.txt
2026-07-10T17:43:30,2464484,https://smotrim.ru/video/2464484,ok,,C:\Users\PeppermintButler\Desktop\Bachelorarbeit\Audio\transkripte\2022-08-22_2464484.txt
2026-07-10T17:50:30,2464191,https://smotrim.ru/video/2464191,ok,,C:\Users\PeppermintButler\Desktop\Bachelorarbeit\Audio\transkripte\2022-08-22_2464191.txt
2026-07-10T17:57:30,2463464,https://smotrim.ru/video/2463464,ok,,C:\Users\PeppermintButler\Desktop\Bachelorarbeit\Audio\transkripte\2022-08-19_2463464.txt
2026-07-10T18:05:15,2463292,https://smotrim.ru/video/2463292,ok,,C:\Users\PeppermintButler\Desktop\Bachelorarbeit\Audio\transkripte\2022-08-19_2463292.txt
2026-07-10T18:12:35,2462760,https://smotrim.ru/video/2462760,ok,,C:\Users\PeppermintButler\Desktop\Bachelorarbeit\Audio\transkripte\2022-08-18_2462760.txt
2026-07-10T18:19:43,2462625,https://smotrim.ru/video/2462625,ok,,C:\Users\PeppermintButler\Desktop\Bachelorarbeit\Audio\transkripte\2022-08-18_2462625.txt
2026-07-10T18:27:00,2462176,https://smotrim.ru/video/2462176,ok,,C:\Users\PeppermintButler\Desktop\Bachelorarbeit\Audio\transkripte\2022-08-17_2462176.txt
2026-07-10T18:34:34,2461996,https://smotrim.ru/video/2461996,ok,,C:\Users\PeppermintButler\Desktop\Bachelorarbeit\Audio\transkripte\2022-08-17_2461996.txt
2026-07-10T18:42:46,2461366,https://smotrim.ru/video/2461366,ok,,C:\Users\PeppermintButler\Desktop\Bachelorarbeit\Audio\transkripte\2022-08-16_2461366.txt
2026-07-10T18:51:25,2461126,https://smotrim.ru/video/2461126,ok,,C:\Users\PeppermintButler\Desktop\Bachelorarbeit\Audio\transkripte\2022-08-16_2461126.txt
2026-07-10T18:58:55,2460598,https://smotrim.ru/video/2460598,ok,,C:\Users\PeppermintButler\Desktop\Bachelorarbeit\Audio\transkripte\2022-08-15_2460598.txt
2026-07-10T19:06:16,2460320,https://smotrim.ru/video/2460320,ok,,C:\Users\PeppermintButler\Desktop\Bachelorarbeit\Audio\transkripte\2022-08-15_2460320.txt
2026-07-10T19:13:08,2459562,https://smotrim.ru/video/2459562,ok,,C:\Users\PeppermintButler\Desktop\Bachelorarbeit\Audio\transkripte\2022-08-12_2459562.txt
2026-07-10T19:20:01,2459260,https://smotrim.ru/video/2459260,ok,,C:\Users\PeppermintButler\Desktop\Bachelorarbeit\Audio\transkripte\2022-08-12_2459260.txt
2026-07-10T19:27:04,2458900,https://smotrim.ru/video/2458900,ok,,C:\Users\PeppermintButler\Desktop\Bachelorarbeit\Audio\transkripte\2022-08-11_2458900.txt
2026-07-10T19:33:57,2458694,https://smotrim.ru/video/2458694,ok,,C:\Users\PeppermintButler\Desktop\Bachelorarbeit\Audio\transkripte\2022-08-11_2458694.txt
2026-07-10T19:40:37,2458315,https://smotrim.ru/video/2458315,ok,,C:\Users\PeppermintButler\Desktop\Bachelorarbeit\Audio\transkripte\2022-08-10_2458315.txt
2026-07-10T19:47:59,2458119,https://smotrim.ru/video/2458119,ok,,C:\Users\PeppermintButler\Desktop\Bachelorarbeit\Audio\transkripte\2022-08-10_2458119.txt
2026-07-10T19:55:14,2457473,https://smotrim.ru/video/2457473,ok,,C:\Users\PeppermintButler\Desktop\Bachelorarbeit\Audio\transkripte\2022-08-09_2457473.txt
2026-07-10T20:02:14,2457277,https://smotrim.ru/video/2457277,ok,,C:\Users\PeppermintButler\Desktop\Bachelorarbeit\Audio\transkripte\2022-08-09_2457277.txt
2026-07-10T20:09:08,2456782,https://smotrim.ru/video/2456782,ok,,C:\Users\PeppermintButler\Desktop\Bachelorarbeit\Audio\transkripte\2022-08-08_2456782.txt
2026-07-10T20:15:50,2456583,https://smotrim.ru/video/2456583,ok,,C:\Users\PeppermintButler\Desktop\Bachelorarbeit\Audio\transkripte\2022-08-08_2456583.txt
2026-07-10T20:23:28,2455798,https://smotrim.ru/video/2455798,ok,,C:\Users\PeppermintButler\Desktop\Bachelorarbeit\Audio\transkripte\2022-08-05_2455798.txt
2026-07-10T20:30:22,2455593,https://smotrim.ru/video/2455593,ok,,C:\Users\PeppermintButler\Desktop\Bachelorarbeit\Audio\transkripte\2022-08-05_2455593.txt
2026-07-10T20:37:44,2455111,https://smotrim.ru/video/2455111,ok,,C:\Users\PeppermintButler\Desktop\Bachelorarbeit\Audio\transkripte\2022-08-04_2455111.txt
2026-07-10T20:44:54,2454924,https://smotrim.ru/video/2454924,ok,,C:\Users\PeppermintButler\Desktop\Bachelorarbeit\Audio\transkripte\2022-08-04_2454924.txt
2026-07-10T20:52:00,2454579,https://smotrim.ru/video/2454579,ok,,C:\Users\PeppermintButler\Desktop\Bachelorarbeit\Audio\transkripte\2022-08-03_2454579.txt
2026-07-10T20:59:12,2454444,https://smotrim.ru/video/2454444,ok,,C:\Users\PeppermintButler\Desktop\Bachelorarbeit\Audio\transkripte\2022-08-03_2454444.txt
2026-07-10T21:06:10,2453779,https://smotrim.ru/video/2453779,ok,,C:\Users\PeppermintButler\Desktop\Bachelorarbeit\Audio\transkripte\2022-08-02_2453779.txt
2026-07-10T21:13:25,2453539,https://smotrim.ru/video/2453539,ok,,C:\Users\PeppermintButler\Desktop\Bachelorarbeit\Audio\transkripte\2022-08-02_2453539.txt
2026-07-10T21:20:48,2453133,https://smotrim.ru/video/2453133,ok,,C:\Users\PeppermintButler\Desktop\Bachelorarbeit\Audio\transkripte\2022-08-01_2453133.txt
2026-07-10T21:27:58,2452943,https://smotrim.ru/video/2452943,ok,,C:\Users\PeppermintButler\Desktop\Bachelorarbeit\Audio\transkripte\2022-08-01_2452943.txt
2026-07-10T21:35:33,2452081,https://smotrim.ru/video/2452081,ok,,C:\Users\PeppermintButler\Desktop\Bachelorarbeit\Audio\transkripte\2022-07-29_2452081.txt
2026-07-10T21:43:01,2451802,https://smotrim.ru/video/2451802,ok,,C:\Users\PeppermintButler\Desktop\Bachelorarbeit\Audio\transkripte\2022-07-29_2451802.txt
2026-07-10T21:50:36,2451527,https://smotrim.ru/video/2451527,ok,,C:\Users\PeppermintButler\Desktop\Bachelorarbeit\Audio\transkripte\2022-07-28_2451527.txt
2026-07-10T21:57:38,2451167,https://smotrim.ru/video/2451167,ok,,C:\Users\PeppermintButler\Desktop\Bachelorarbeit\Audio\transkripte\2022-07-28_2451167.txt
2026-07-10T22:05:40,2450944,https://smotrim.ru/video/2450944,ok,,C:\Users\PeppermintButler\Desktop\Bachelorarbeit\Audio\transkripte\2022-07-27_2450944.txt
2026-07-10T22:13:13,2450643,https://smotrim.ru/video/2450643,ok,,C:\Users\PeppermintButler\Desktop\Bachelorarbeit\Audio\transkripte\2022-07-27_2450643.txt
2026-07-10T22:20:16,2450135,https://smotrim.ru/video/2450135,ok,,C:\Users\PeppermintButler\Desktop\Bachelorarbeit\Audio\transkripte\2022-07-26_2450135.txt
2026-07-10T22:27:24,2449862,https://smotrim.ru/video/2449862,ok,,C:\Users\PeppermintButler\Desktop\Bachelorarbeit\Audio\transkripte\2022-07-26_2449862.txt
2026-07-10T22:34:25,2449522,https://smotrim.ru/video/2449522,ok,,C:\Users\PeppermintButler\Desktop\Bachelorarbeit\Audio\transkripte\2022-07-25_2449522.txt
2026-07-10T22:41:42,2449282,https://smotrim.ru/video/2449282,ok,,C:\Users\PeppermintButler\Desktop\Bachelorarbeit\Audio\transkripte\2022-07-25_2449282.txt
2026-07-10T22:48:58,2448412,https://smotrim.ru/video/2448412,ok,,C:\Users\PeppermintButler\Desktop\Bachelorarbeit\Audio\transkripte\2022-07-22_2448412.txt
2026-07-10T22:55:46,2448170,https://smotrim.ru/video/2448170,ok,,C:\Users\PeppermintButler\Desktop\Bachelorarbeit\Audio\transkripte\2022-07-22_2448170.txt
2026-07-10T23:02:28,2447762,https://smotrim.ru/video/2447762,ok,,C:\Users\PeppermintButler\Desktop\Bachelorarbeit\Audio\transkripte\2022-07-21_2447762.txt
2026-07-10T23:09:38,2447487,https://smotrim.ru/video/2447487,ok,,C:\Users\PeppermintButler\Desktop\Bachelorarbeit\Audio\transkripte\2022-07-21_2447487.txt
2026-07-10T23:16:28,2447195,https://smotrim.ru/video/2447195,ok,,C:\Users\PeppermintButler\Desktop\Bachelorarbeit\Audio\transkripte\2022-07-20_2447195.txt
2026-07-10T23:23:35,2446327,https://smotrim.ru/video/2446327,ok,,C:\Users\PeppermintButler\Desktop\Bachelorarbeit\Audio\transkripte\2022-07-19_2446327.txt
2026-07-10T23:31:37,2446037,https://smotrim.ru/video/2446037,ok,,C:\Users\PeppermintButler\Desktop\Bachelorarbeit\Audio\transkripte\2022-07-19_2446037.txt
2026-07-10T23:38:10,2445632,https://smotrim.ru/video/2445632,ok,,C:\Users\PeppermintButler\Desktop\Bachelorarbeit\Audio\transkripte\2022-07-18_2445632.txt
2026-07-10T23:46:19,2445475,https://smotrim.ru/video/2445475,ok,,C:\Users\PeppermintButler\Desktop\Bachelorarbeit\Audio\transkripte\2022-07-18_2445475.txt
2026-07-10T23:53:55,2444578,https://smotrim.ru/video/2444578,ok,,C:\Users\PeppermintButler\Desktop\Bachelorarbeit\Audio\transkripte\2022-07-15_2444578.txt
2026-07-11T00:00:45,2444367,https://smotrim.ru/video/2444367,ok,,C:\Users\PeppermintButler\Desktop\Bachelorarbeit\Audio\transkripte\2022-07-15_2444367.txt
2026-07-11T00:08:27,2443864,https://smotrim.ru/video/2443864,ok,,C:\Users\PeppermintButler\Desktop\Bachelorarbeit\Audio\transkripte\2022-07-14_2443864.txt
2026-07-11T00:16:58,2443677,https://smotrim.ru/video/2443677,ok,,C:\Users\PeppermintButler\Desktop\Bachelorarbeit\Audio\transkripte\2022-07-14_2443677.txt
2026-07-11T00:25:02,2443001,https://smotrim.ru/video/2443001,ok,,C:\Users\PeppermintButler\Desktop\Bachelorarbeit\Audio\transkripte\2022-07-13_2443001.txt
2026-07-11T00:28:27,2442522,https://smotrim.ru/video/2442522,ok,,C:\Users\PeppermintButler\Desktop\Bachelorarbeit\Audio\transkripte\2022-07-12_2442522.txt
2026-07-11T00:35:26,2442462,https://smotrim.ru/video/2442462,ok,,C:\Users\PeppermintButler\Desktop\Bachelorarbeit\Audio\transkripte\2022-07-12_2442462.txt
2026-07-11T00:42:33,2442252,https://smotrim.ru/video/2442252,ok,,C:\Users\PeppermintButler\Desktop\Bachelorarbeit\Audio\transkripte\2022-07-11_2442252.txt
2026-07-11T00:49:24,2441455,https://smotrim.ru/video/2441455,ok,,C:\Users\PeppermintButler\Desktop\Bachelorarbeit\Audio\transkripte\2022-07-11_2441455.txt
2026-07-11T00:56:42,2440545,https://smotrim.ru/video/2440545,ok,,C:\Users\PeppermintButler\Desktop\Bachelorarbeit\Audio\transkripte\2022-07-08_2440545.txt
2026-07-11T01:04:12,2440333,https://smotrim.ru/video/2440333,ok,,C:\Users\PeppermintButler\Desktop\Bachelorarbeit\Audio\transkripte\2022-07-08_2440333.txt
2026-07-11T01:11:51,2439866,https://smotrim.ru/video/2439866,ok,,C:\Users\PeppermintButler\Desktop\Bachelorarbeit\Audio\transkripte\2022-07-07_2439866.txt
2026-07-11T01:19:17,2439551,https://smotrim.ru/video/2439551,ok,,C:\Users\PeppermintButler\Desktop\Bachelorarbeit\Audio\transkripte\2022-07-07_2439551.txt
2026-07-11T01:25:20,2439138,https://smotrim.ru/video/2439138,ok,,C:\Users\PeppermintButler\Desktop\Bachelorarbeit\Audio\transkripte\2022-07-06_2439138.txt
2026-07-11T01:32:41,2438949,https://smotrim.ru/video/2438949,ok,,C:\Users\PeppermintButler\Desktop\Bachelorarbeit\Audio\transkripte\2022-07-06_2438949.txt
2026-07-11T01:39:46,2438282,https://smotrim.ru/video/2438282,ok,,C:\Users\PeppermintButler\Desktop\Bachelorarbeit\Audio\transkripte\2022-07-05_2438282.txt
2026-07-11T01:46:48,2437976,https://smotrim.ru/video/2437976,ok,,C:\Users\PeppermintButler\Desktop\Bachelorarbeit\Audio\transkripte\2022-07-05_2437976.txt
2026-07-11T01:53:48,2437547,https://smotrim.ru/video/2437547,ok,,C:\Users\PeppermintButler\Desktop\Bachelorarbeit\Audio\transkripte\2022-07-04_2437547.txt
2026-07-11T02:00:53,2437195,https://smotrim.ru/video/2437195,ok,,C:\Users\PeppermintButler\Desktop\Bachelorarbeit\Audio\transkripte\2022-07-04_2437195.txt
2026-07-11T02:07:33,2436383,https://smotrim.ru/video/2436383,ok,,C:\Users\PeppermintButler\Desktop\Bachelorarbeit\Audio\transkripte\2022-07-01_2436383.txt
2026-07-11T02:14:30,2436184,https://smotrim.ru/video/2436184,ok,,C:\Users\PeppermintButler\Desktop\Bachelorarbeit\Audio\transkripte\2022-07-01_2436184.txt
2026-07-11T02:20:59,2435727,https://smotrim.ru/video/2435727,ok,,C:\Users\PeppermintButler\Desktop\Bachelorarbeit\Audio\transkripte\2022-06-30_2435727.txt
2026-07-11T02:27:21,2435445,https://smotrim.ru/video/2435445,ok,,C:\Users\PeppermintButler\Desktop\Bachelorarbeit\Audio\transkripte\2022-06-30_2435445.txt
2026-07-11T02:34:13,2434992,https://smotrim.ru/video/2434992,ok,,C:\Users\PeppermintButler\Desktop\Bachelorarbeit\Audio\transkripte\2022-06-29_2434992.txt
2026-07-11T02:40:56,2434771,https://smotrim.ru/video/2434771,ok,,C:\Users\PeppermintButler\Desktop\Bachelorarbeit\Audio\transkripte\2022-06-29_2434771.txt
2026-07-11T02:48:07,2434132,https://smotrim.ru/video/2434132,ok,,C:\Users\PeppermintButler\Desktop\Bachelorarbeit\Audio\transkripte\2022-06-28_2434132.txt
2026-07-11T02:55:26,2433927,https://smotrim.ru/video/2433927,ok,,C:\Users\PeppermintButler\Desktop\Bachelorarbeit\Audio\transkripte\2022-06-28_2433927.txt
2026-07-11T03:03:17,2433372,https://smotrim.ru/video/2433372,ok,,C:\Users\PeppermintButler\Desktop\Bachelorarbeit\Audio\transkripte\2022-06-27_2433372.txt
2026-07-11T03:10:06,2433251,https://smotrim.ru/video/2433251,ok,,C:\Users\PeppermintButler\Desktop\Bachelorarbeit\Audio\transkripte\2022-06-27_2433251.txt
2026-07-11T03:17:14,2432195,https://smotrim.ru/video/2432195,ok,,C:\Users\PeppermintButler\Desktop\Bachelorarbeit\Audio\transkripte\2022-06-24_2432195.txt
2026-07-11T03:24:50,2431913,https://smotrim.ru/video/2431913,ok,,C:\Users\PeppermintButler\Desktop\Bachelorarbeit\Audio\transkripte\2022-06-24_2431913.txt
2026-07-11T03:32:03,2431586,https://smotrim.ru/video/2431586,ok,,C:\Users\PeppermintButler\Desktop\Bachelorarbeit\Audio\transkripte\2022-06-23_2431586.txt
2026-07-11T03:39:17,2431170,https://smotrim.ru/video/2431170,ok,,C:\Users\PeppermintButler\Desktop\Bachelorarbeit\Audio\transkripte\2022-06-23_2431170.txt
2026-07-11T03:46:35,2430862,https://smotrim.ru/video/2430862,ok,,C:\Users\PeppermintButler\Desktop\Bachelorarbeit\Audio\transkripte\2022-06-22_2430862.txt
2026-07-11T03:53:32,2430574,https://smotrim.ru/video/2430574,ok,,C:\Users\PeppermintButler\Desktop\Bachelorarbeit\Audio\transkripte\2022-06-22_2430574.txt
2026-07-11T04:00:34,2430082,https://smotrim.ru/video/2430082,ok,,C:\Users\PeppermintButler\Desktop\Bachelorarbeit\Audio\transkripte\2022-06-21_2430082.txt
2026-07-11T04:07:25,2429793,https://smotrim.ru/video/2429793,ok,,C:\Users\PeppermintButler\Desktop\Bachelorarbeit\Audio\transkripte\2022-06-21_2429793.txt
2026-07-11T04:13:58,2429228,https://smotrim.ru/video/2429228,ok,,C:\Users\PeppermintButler\Desktop\Bachelorarbeit\Audio\transkripte\2022-06-20_2429228.txt
2026-07-11T04:21:00,2428939,https://smotrim.ru/video/2428939,ok,,C:\Users\PeppermintButler\Desktop\Bachelorarbeit\Audio\transkripte\2022-06-20_2428939.txt
2026-07-11T04:28:26,2428147,https://smotrim.ru/video/2428147,ok,,C:\Users\PeppermintButler\Desktop\Bachelorarbeit\Audio\transkripte\2022-06-17_2428147.txt
2026-07-11T04:35:22,2427812,https://smotrim.ru/video/2427812,ok,,C:\Users\PeppermintButler\Desktop\Bachelorarbeit\Audio\transkripte\2022-06-17_2427812.txt
2026-07-11T04:42:40,2427478,https://smotrim.ru/video/2427478,ok,,C:\Users\PeppermintButler\Desktop\Bachelorarbeit\Audio\transkripte\2022-06-16_2427478.txt
2026-07-11T04:49:53,2427245,https://smotrim.ru/video/2427245,ok,,C:\Users\PeppermintButler\Desktop\Bachelorarbeit\Audio\transkripte\2022-06-16_2427245.txt
2026-07-11T04:56:55,2426813,https://smotrim.ru/video/2426813,ok,,C:\Users\PeppermintButler\Desktop\Bachelorarbeit\Audio\transkripte\2022-06-15_2426813.txt
2026-07-11T05:03:44,2426585,https://smotrim.ru/video/2426585,ok,,C:\Users\PeppermintButler\Desktop\Bachelorarbeit\Audio\transkripte\2022-06-15_2426585.txt
2026-07-11T05:10:39,2426146,https://smotrim.ru/video/2426146,ok,,C:\Users\PeppermintButler\Desktop\Bachelorarbeit\Audio\transkripte\2022-06-14_2426146.txt
2026-07-11T05:17:59,2425933,https://smotrim.ru/video/2425933,ok,,C:\Users\PeppermintButler\Desktop\Bachelorarbeit\Audio\transkripte\2022-06-14_2425933.txt
2026-07-11T05:25:09,2424625,https://smotrim.ru/video/2424625,ok,,C:\Users\PeppermintButler\Desktop\Bachelorarbeit\Audio\transkripte\2022-06-10_2424625.txt
2026-07-11T05:33:01,2424463,https://smotrim.ru/video/2424463,ok,,C:\Users\PeppermintButler\Desktop\Bachelorarbeit\Audio\transkripte\2022-06-10_2424463.txt
2026-07-11T05:40:02,2423956,https://smotrim.ru/video/2423956,ok,,C:\Users\PeppermintButler\Desktop\Bachelorarbeit\Audio\transkripte\2022-06-09_2423956.txt
2026-07-11T05:47:24,2423709,https://smotrim.ru/video/2423709,ok,,C:\Users\PeppermintButler\Desktop\Bachelorarbeit\Audio\transkripte\2022-06-09_2423709.txt
2026-07-11T05:54:44,2423239,https://smotrim.ru/video/2423239,ok,,C:\Users\PeppermintButler\Desktop\Bachelorarbeit\Audio\transkripte\2022-06-08_2423239.txt
2026-07-11T06:02:25,2423114,https://smotrim.ru/video/2423114,ok,,C:\Users\PeppermintButler\Desktop\Bachelorarbeit\Audio\transkripte\2022-06-08_2423114.txt
2026-07-11T06:09:50,2422606,https://smotrim.ru/video/2422606,ok,,C:\Users\PeppermintButler\Desktop\Bachelorarbeit\Audio\transkripte\2022-06-07_2422606.txt
2026-07-11T06:17:11,2422434,https://smotrim.ru/video/2422434,ok,,C:\Users\PeppermintButler\Desktop\Bachelorarbeit\Audio\transkripte\2022-06-07_2422434.txt
2026-07-11T06:24:35,2421915,https://smotrim.ru/video/2421915,ok,,C:\Users\PeppermintButler\Desktop\Bachelorarbeit\Audio\transkripte\2022-06-06_2421915.txt
2026-07-11T06:32:06,2421702,https://smotrim.ru/video/2421702,ok,,C:\Users\PeppermintButler\Desktop\Bachelorarbeit\Audio\transkripte\2022-06-06_2421702.txt
2026-07-11T06:39:22,2420933,https://smotrim.ru/video/2420933,ok,,C:\Users\PeppermintButler\Desktop\Bachelorarbeit\Audio\transkripte\2022-06-03_2420933.txt
2026-07-11T06:47:13,2420648,https://smotrim.ru/video/2420648,ok,,C:\Users\PeppermintButler\Desktop\Bachelorarbeit\Audio\transkripte\2022-06-03_2420648.txt
2026-07-11T06:54:14,2420217,https://smotrim.ru/video/2420217,ok,,C:\Users\PeppermintButler\Desktop\Bachelorarbeit\Audio\transkripte\2022-06-02_2420217.txt
2026-07-11T07:01:24,2420058,https://smotrim.ru/video/2420058,ok,,C:\Users\PeppermintButler\Desktop\Bachelorarbeit\Audio\transkripte\2022-06-02_2420058.txt
2026-07-11T07:08:33,2419558,https://smotrim.ru/video/2419558,ok,,C:\Users\PeppermintButler\Desktop\Bachelorarbeit\Audio\transkripte\2022-06-01_2419558.txt
2026-07-11T07:16:27,2419345,https://smotrim.ru/video/2419345,ok,,C:\Users\PeppermintButler\Desktop\Bachelorarbeit\Audio\transkripte\2022-06-01_2419345.txt
2026-07-11T07:24:51,2418806,https://smotrim.ru/video/2418806,ok,,C:\Users\PeppermintButler\Desktop\Bachelorarbeit\Audio\transkripte\2022-05-31_2418806.txt
2026-07-11T07:32:54,2418624,https://smotrim.ru/video/2418624,ok,,C:\Users\PeppermintButler\Desktop\Bachelorarbeit\Audio\transkripte\2022-05-31_2418624.txt
2026-07-11T07:41:03,2418125,https://smotrim.ru/video/2418125,ok,,C:\Users\PeppermintButler\Desktop\Bachelorarbeit\Audio\transkripte\2022-05-30_2418125.txt
2026-07-11T07:48:29,2417949,https://smotrim.ru/video/2417949,ok,,C:\Users\PeppermintButler\Desktop\Bachelorarbeit\Audio\transkripte\2022-05-30_2417949.txt
2026-07-11T07:55:37,2417077,https://smotrim.ru/video/2417077,ok,,C:\Users\PeppermintButler\Desktop\Bachelorarbeit\Audio\transkripte\2022-05-27_2417077.txt
2026-07-11T08:02:45,2416848,https://smotrim.ru/video/2416848,ok,,C:\Users\PeppermintButler\Desktop\Bachelorarbeit\Audio\transkripte\2022-05-27_2416848.txt
2026-07-11T08:09:55,2416460,https://smotrim.ru/video/2416460,ok,,C:\Users\PeppermintButler\Desktop\Bachelorarbeit\Audio\transkripte\2022-05-26_2416460.txt
2026-07-11T08:17:32,2416187,https://smotrim.ru/video/2416187,ok,,C:\Users\PeppermintButler\Desktop\Bachelorarbeit\Audio\transkripte\2022-05-26_2416187.txt
2026-07-11T08:24:58,2415808,https://smotrim.ru/video/2415808,ok,,C:\Users\PeppermintButler\Desktop\Bachelorarbeit\Audio\transkripte\2022-05-25_2415808.txt
2026-07-11T08:32:19,2415625,https://smotrim.ru/video/2415625,ok,,C:\Users\PeppermintButler\Desktop\Bachelorarbeit\Audio\transkripte\2022-05-25_2415625.txt
2026-07-11T08:40:36,2415200,https://smotrim.ru/video/2415200,ok,,C:\Users\PeppermintButler\Desktop\Bachelorarbeit\Audio\transkripte\2022-05-24_2415200.txt
2026-07-11T08:48:31,2415037,https://smotrim.ru/video/2415037,ok,,C:\Users\PeppermintButler\Desktop\Bachelorarbeit\Audio\transkripte\2022-05-24_2415037.txt
2026-07-11T08:55:54,2414665,https://smotrim.ru/video/2414665,ok,,C:\Users\PeppermintButler\Desktop\Bachelorarbeit\Audio\transkripte\2022-05-23_2414665.txt
2026-07-11T09:02:56,2414411,https://smotrim.ru/video/2414411,ok,,C:\Users\PeppermintButler\Desktop\Bachelorarbeit\Audio\transkripte\2022-05-23_2414411.txt
2026-07-11T09:09:52,2413716,https://smotrim.ru/video/2413716,ok,,C:\Users\PeppermintButler\Desktop\Bachelorarbeit\Audio\transkripte\2022-05-20_2413716.txt
2026-07-11T09:17:35,2413448,https://smotrim.ru/video/2413448,ok,,C:\Users\PeppermintButler\Desktop\Bachelorarbeit\Audio\transkripte\2022-05-20_2413448.txt
2026-07-11T09:24:38,2413101,https://smotrim.ru/video/2413101,ok,,C:\Users\PeppermintButler\Desktop\Bachelorarbeit\Audio\transkripte\2022-05-19_2413101.txt
2026-07-11T09:32:14,2412955,https://smotrim.ru/video/2412955,ok,,C:\Users\PeppermintButler\Desktop\Bachelorarbeit\Audio\transkripte\2022-05-19_2412955.txt
2026-07-11T09:39:25,2412516,https://smotrim.ru/video/2412516,ok,,C:\Users\PeppermintButler\Desktop\Bachelorarbeit\Audio\transkripte\2022-05-18_2412516.txt
2026-07-11T09:46:35,2412376,https://smotrim.ru/video/2412376,ok,,C:\Users\PeppermintButler\Desktop\Bachelorarbeit\Audio\transkripte\2022-05-18_2412376.txt
2026-07-11T09:54:23,2412013,https://smotrim.ru/video/2412013,ok,,C:\Users\PeppermintButler\Desktop\Bachelorarbeit\Audio\transkripte\2022-05-17_2412013.txt
2026-07-11T10:01:30,2411833,https://smotrim.ru/video/2411833,ok,,C:\Users\PeppermintButler\Desktop\Bachelorarbeit\Audio\transkripte\2022-05-17_2411833.txt
2026-07-11T10:08:36,2411506,https://smotrim.ru/video/2411506,ok,,C:\Users\PeppermintButler\Desktop\Bachelorarbeit\Audio\transkripte\2022-05-16_2411506.txt
2026-07-11T10:15:53,2411368,https://smotrim.ru/video/2411368,ok,,C:\Users\PeppermintButler\Desktop\Bachelorarbeit\Audio\transkripte\2022-05-16_2411368.txt
2026-07-11T10:23:10,2410648,https://smotrim.ru/video/2410648,ok,,C:\Users\PeppermintButler\Desktop\Bachelorarbeit\Audio\transkripte\2022-05-13_2410648.txt
2026-07-11T10:30:16,2410373,https://smotrim.ru/video/2410373,ok,,C:\Users\PeppermintButler\Desktop\Bachelorarbeit\Audio\transkripte\2022-05-13_2410373.txt
2026-07-11T10:37:33,2410155,https://smotrim.ru/video/2410155,ok,,C:\Users\PeppermintButler\Desktop\Bachelorarbeit\Audio\transkripte\2022-05-12_2410155.txt
2026-07-11T10:44:57,2409992,https://smotrim.ru/video/2409992,ok,,C:\Users\PeppermintButler\Desktop\Bachelorarbeit\Audio\transkripte\2022-05-12_2409992.txt
2026-07-11T10:52:29,2409635,https://smotrim.ru/video/2409635,ok,,C:\Users\PeppermintButler\Desktop\Bachelorarbeit\Audio\transkripte\2022-05-11_2409635.txt
2026-07-11T10:59:42,2409528,https://smotrim.ru/video/2409528,ok,,C:\Users\PeppermintButler\Desktop\Bachelorarbeit\Audio\transkripte\2022-05-11_2409528.txt
2026-07-11T11:07:10,2408344,https://smotrim.ru/video/2408344,ok,,C:\Users\PeppermintButler\Desktop\Bachelorarbeit\Audio\transkripte\2022-05-06_2408344.txt
2026-07-11T11:14:23,2408229,https://smotrim.ru/video/2408229,ok,,C:\Users\PeppermintButler\Desktop\Bachelorarbeit\Audio\transkripte\2022-05-06_2408229.txt
2026-07-11T11:21:52,2407890,https://smotrim.ru/video/2407890,ok,,C:\Users\PeppermintButler\Desktop\Bachelorarbeit\Audio\transkripte\2022-05-05_2407890.txt
2026-07-11T11:28:39,2407794,https://smotrim.ru/video/2407794,ok,,C:\Users\PeppermintButler\Desktop\Bachelorarbeit\Audio\transkripte\2022-05-05_2407794.txt
2026-07-11T11:36:18,2407478,https://smotrim.ru/video/2407478,ok,,C:\Users\PeppermintButler\Desktop\Bachelorarbeit\Audio\transkripte\2022-05-04_2407478.txt
2026-07-11T11:43:50,2407305,https://smotrim.ru/video/2407305,ok,,C:\Users\PeppermintButler\Desktop\Bachelorarbeit\Audio\transkripte\2022-05-04_2407305.txt
2026-07-11T11:50:58,2406212,https://smotrim.ru/video/2406212,ok,,C:\Users\PeppermintButler\Desktop\Bachelorarbeit\Audio\transkripte\2022-04-29_2406212.txt
2026-07-11T11:58:21,2405969,https://smotrim.ru/video/2405969,ok,,C:\Users\PeppermintButler\Desktop\Bachelorarbeit\Audio\transkripte\2022-04-29_2405969.txt
2026-07-11T12:05:35,2405786,https://smotrim.ru/video/2405786,ok,,C:\Users\PeppermintButler\Desktop\Bachelorarbeit\Audio\transkripte\2022-04-28_2405786.txt
2026-07-11T12:12:45,2405500,https://smotrim.ru/video/2405500,ok,,C:\Users\PeppermintButler\Desktop\Bachelorarbeit\Audio\transkripte\2022-04-28_2405500.txt
2026-07-11T12:20:15,2405276,https://smotrim.ru/video/2405276,ok,,C:\Users\PeppermintButler\Desktop\Bachelorarbeit\Audio\transkripte\2022-04-27_2405276.txt
2026-07-11T12:27:43,2405001,https://smotrim.ru/video/2405001,ok,,C:\Users\PeppermintButler\Desktop\Bachelorarbeit\Audio\transkripte\2022-04-27_2405001.txt
2026-07-11T12:35:48,2404809,https://smotrim.ru/video/2404809,ok,,C:\Users\PeppermintButler\Desktop\Bachelorarbeit\Audio\transkripte\2022-04-26_2404809.txt
2026-07-11T12:43:10,2404659,https://smotrim.ru/video/2404659,ok,,C:\Users\PeppermintButler\Desktop\Bachelorarbeit\Audio\transkripte\2022-04-26_2404659.txt
2026-07-11T12:50:20,2404326,https://smotrim.ru/video/2404326,ok,,C:\Users\PeppermintButler\Desktop\Bachelorarbeit\Audio\transkripte\2022-04-25_2404326.txt
2026-07-11T12:57:01,2404230,https://smotrim.ru/video/2404230,ok,,C:\Users\PeppermintButler\Desktop\Bachelorarbeit\Audio\transkripte\2022-04-25_2404230.txt
2026-07-11T13:04:38,2403657,https://smotrim.ru/video/2403657,ok,,C:\Users\PeppermintButler\Desktop\Bachelorarbeit\Audio\transkripte\2022-04-22_2403657.txt
2026-07-11T13:12:22,2403479,https://smotrim.ru/video/2403479,ok,,C:\Users\PeppermintButler\Desktop\Bachelorarbeit\Audio\transkripte\2022-04-22_2403479.txt
2026-07-11T13:19:39,2403225,https://smotrim.ru/video/2403225,ok,,C:\Users\PeppermintButler\Desktop\Bachelorarbeit\Audio\transkripte\2022-04-21_2403225.txt
2026-07-11T13:27:31,2402999,https://smotrim.ru/video/2402999,ok,,C:\Users\PeppermintButler\Desktop\Bachelorarbeit\Audio\transkripte\2022-04-21_2402999.txt
2026-07-11T13:35:10,2402817,https://smotrim.ru/video/2402817,ok,,C:\Users\PeppermintButler\Desktop\Bachelorarbeit\Audio\transkripte\2022-04-20_2402817.txt
2026-07-11T13:42:57,2402618,https://smotrim.ru/video/2402618,ok,,C:\Users\PeppermintButler\Desktop\Bachelorarbeit\Audio\transkripte\2022-04-20_2402618.txt
2026-07-11T13:50:44,2402405,https://smotrim.ru/video/2402405,ok,,C:\Users\PeppermintButler\Desktop\Bachelorarbeit\Audio\transkripte\2022-04-19_2402405.txt
2026-07-11T13:58:11,2402289,https://smotrim.ru/video/2402289,ok,,C:\Users\PeppermintButler\Desktop\Bachelorarbeit\Audio\transkripte\2022-04-19_2402289.txt
2026-07-11T14:05:27,2402053,https://smotrim.ru/video/2402053,ok,,C:\Users\PeppermintButler\Desktop\Bachelorarbeit\Audio\transkripte\2022-04-18_2402053.txt
2026-07-11T14:12:53,2401960,https://smotrim.ru/video/2401960,ok,,C:\Users\PeppermintButler\Desktop\Bachelorarbeit\Audio\transkripte\2022-04-18_2401960.txt
2026-07-11T14:20:20,2401360,https://smotrim.ru/video/2401360,ok,,C:\Users\PeppermintButler\Desktop\Bachelorarbeit\Audio\transkripte\2022-04-15_2401360.txt
2026-07-11T14:27:44,2401197,https://smotrim.ru/video/2401197,ok,,C:\Users\PeppermintButler\Desktop\Bachelorarbeit\Audio\transkripte\2022-04-15_2401197.txt
2026-07-11T14:35:17,2401003,https://smotrim.ru/video/2401003,ok,,C:\Users\PeppermintButler\Desktop\Bachelorarbeit\Audio\transkripte\2022-04-14_2401003.txt
2026-07-11T14:42:22,2400878,https://smotrim.ru/video/2400878,ok,,C:\Users\PeppermintButler\Desktop\Bachelorarbeit\Audio\transkripte\2022-04-14_2400878.txt
2026-07-11T14:50:47,2400732,https://smotrim.ru/video/2400732,ok,,C:\Users\PeppermintButler\Desktop\Bachelorarbeit\Audio\transkripte\2022-04-13_2400732.txt
2026-07-11T14:57:47,2400596,https://smotrim.ru/video/2400596,ok,,C:\Users\PeppermintButler\Desktop\Bachelorarbeit\Audio\transkripte\2022-04-13_2400596.txt
2026-07-11T15:05:38,2400400,https://smotrim.ru/video/2400400,ok,,C:\Users\PeppermintButler\Desktop\Bachelorarbeit\Audio\transkripte\2022-04-12_2400400.txt
2026-07-11T15:13:12,2400230,https://smotrim.ru/video/2400230,ok,,C:\Users\PeppermintButler\Desktop\Bachelorarbeit\Audio\transkripte\2022-04-12_2400230.txt
2026-07-11T15:20:52,2400028,https://smotrim.ru/video/2400028,ok,,C:\Users\PeppermintButler\Desktop\Bachelorarbeit\Audio\transkripte\2022-04-11_2400028.txt
2026-07-11T15:28:10,2399845,https://smotrim.ru/video/2399845,ok,,C:\Users\PeppermintButler\Desktop\Bachelorarbeit\Audio\transkripte\2022-04-11_2399845.txt
2026-07-11T15:35:53,2399286,https://smotrim.ru/video/2399286,ok,,C:\Users\PeppermintButler\Desktop\Bachelorarbeit\Audio\transkripte\2022-04-08_2399286.txt
2026-07-11T15:44:59,2399139,https://smotrim.ru/video/2399139,ok,,C:\Users\PeppermintButler\Desktop\Bachelorarbeit\Audio\transkripte\2022-04-08_2399139.txt
2026-07-11T15:52:25,2398975,https://smotrim.ru/video/2398975,ok,,C:\Users\PeppermintButler\Desktop\Bachelorarbeit\Audio\transkripte\2022-04-07_2398975.txt
2026-07-11T16:00:03,2398879,https://smotrim.ru/video/2398879,ok,,C:\Users\PeppermintButler\Desktop\Bachelorarbeit\Audio\transkripte\2022-04-07_2398879.txt
2026-07-11T16:07:43,2398666,https://smotrim.ru/video/2398666,ok,,C:\Users\PeppermintButler\Desktop\Bachelorarbeit\Audio\transkripte\2022-04-06_2398666.txt
2026-07-11T16:15:27,2398517,https://smotrim.ru/video/2398517,ok,,C:\Users\PeppermintButler\Desktop\Bachelorarbeit\Audio\transkripte\2022-04-06_2398517.txt
2026-07-11T16:22:44,2398386,https://smotrim.ru/video/2398386,ok,,C:\Users\PeppermintButler\Desktop\Bachelorarbeit\Audio\transkripte\2022-04-05_2398386.txt
2026-07-11T16:30:11,2398303,https://smotrim.ru/video/2398303,ok,,C:\Users\PeppermintButler\Desktop\Bachelorarbeit\Audio\transkripte\2022-04-05_2398303.txt
2026-07-11T16:37:32,2398049,https://smotrim.ru/video/2398049,ok,,C:\Users\PeppermintButler\Desktop\Bachelorarbeit\Audio\transkripte\2022-04-04_2398049.txt
2026-07-11T16:45:16,2397952,https://smotrim.ru/video/2397952,ok,,C:\Users\PeppermintButler\Desktop\Bachelorarbeit\Audio\transkripte\2022-04-04_2397952.txt
2026-07-11T16:53:16,2397323,https://smotrim.ru/video/2397323,ok,,C:\Users\PeppermintButler\Desktop\Bachelorarbeit\Audio\transkripte\2022-04-01_2397323.txt
2026-07-11T17:00:58,2397208,https://smotrim.ru/video/2397208,ok,,C:\Users\PeppermintButler\Desktop\Bachelorarbeit\Audio\transkripte\2022-04-01_2397208.txt
2026-07-11T17:08:18,2397003,https://smotrim.ru/video/2397003,ok,,C:\Users\PeppermintButler\Desktop\Bachelorarbeit\Audio\transkripte\2022-03-31_2397003.txt
2026-07-11T17:16:13,2396952,https://smotrim.ru/video/2396952,ok,,C:\Users\PeppermintButler\Desktop\Bachelorarbeit\Audio\transkripte\2022-03-31_2396952.txt
2026-07-11T17:23:44,2396581,https://smotrim.ru/video/2396581,ok,,C:\Users\PeppermintButler\Desktop\Bachelorarbeit\Audio\transkripte\2022-03-30_2396581.txt
2026-07-11T17:31:33,2396520,https://smotrim.ru/video/2396520,ok,,C:\Users\PeppermintButler\Desktop\Bachelorarbeit\Audio\transkripte\2022-03-30_2396520.txt
2026-07-11T17:39:00,2396276,https://smotrim.ru/video/2396276,ok,,C:\Users\PeppermintButler\Desktop\Bachelorarbeit\Audio\transkripte\2022-03-29_2396276.txt
2026-07-11T17:46:17,2396219,https://smotrim.ru/video/2396219,ok,,C:\Users\PeppermintButler\Desktop\Bachelorarbeit\Audio\transkripte\2022-03-29_2396219.txt
2026-07-11T17:53:50,2396030,https://smotrim.ru/video/2396030,ok,,C:\Users\PeppermintButler\Desktop\Bachelorarbeit\Audio\transkripte\2022-03-28_2396030.txt
2026-07-11T18:01:09,2395919,https://smotrim.ru/video/2395919,ok,,C:\Users\PeppermintButler\Desktop\Bachelorarbeit\Audio\transkripte\2022-03-28_2395919.txt
2026-07-11T18:08:14,2395274,https://smotrim.ru/video/2395274,ok,,C:\Users\PeppermintButler\Desktop\Bachelorarbeit\Audio\transkripte\2022-03-25_2395274.txt
2026-07-11T18:15:18,2395167,https://smotrim.ru/video/2395167,ok,,C:\Users\PeppermintButler\Desktop\Bachelorarbeit\Audio\transkripte\2022-03-25_2395167.txt
2026-07-11T18:22:27,2394897,https://smotrim.ru/video/2394897,ok,,C:\Users\PeppermintButler\Desktop\Bachelorarbeit\Audio\transkripte\2022-03-24_2394897.txt
2026-07-11T18:30:28,2394846,https://smotrim.ru/video/2394846,ok,,C:\Users\PeppermintButler\Desktop\Bachelorarbeit\Audio\transkripte\2022-03-24_2394846.txt
2026-07-11T18:38:04,2394574,https://smotrim.ru/video/2394574,ok,,C:\Users\PeppermintButler\Desktop\Bachelorarbeit\Audio\transkripte\2022-03-23_2394574.txt
2026-07-11T18:47:24,2394528,https://smotrim.ru/video/2394528,ok,,C:\Users\PeppermintButler\Desktop\Bachelorarbeit\Audio\transkripte\2022-03-23_2394528.txt
2026-07-11T18:55:04,2394240,https://smotrim.ru/video/2394240,ok,,C:\Users\PeppermintButler\Desktop\Bachelorarbeit\Audio\transkripte\2022-03-22_2394240.txt
2026-07-11T19:02:44,2394202,https://smotrim.ru/video/2394202,ok,,C:\Users\PeppermintButler\Desktop\Bachelorarbeit\Audio\transkripte\2022-03-22_2394202.txt
2026-07-11T19:10:11,2393960,https://smotrim.ru/video/2393960,ok,,C:\Users\PeppermintButler\Desktop\Bachelorarbeit\Audio\transkripte\2022-03-21_2393960.txt
2026-07-11T19:18:04,2393847,https://smotrim.ru/video/2393847,ok,,C:\Users\PeppermintButler\Desktop\Bachelorarbeit\Audio\transkripte\2022-03-21_2393847.txt
2026-07-11T19:28:52,2393468,https://smotrim.ru/video/2393468,ok,,C:\Users\PeppermintButler\Desktop\Bachelorarbeit\Audio\transkripte\2022-03-19_2393468.txt
2026-07-11T19:36:08,2393308,https://smotrim.ru/video/2393308,ok,,C:\Users\PeppermintButler\Desktop\Bachelorarbeit\Audio\transkripte\2022-03-18_2393308.txt
2026-07-11T19:43:51,2393153,https://smotrim.ru/video/2393153,ok,,C:\Users\PeppermintButler\Desktop\Bachelorarbeit\Audio\transkripte\2022-03-18_2393153.txt
2026-07-11T19:51:53,2392965,https://smotrim.ru/video/2392965,ok,,C:\Users\PeppermintButler\Desktop\Bachelorarbeit\Audio\transkripte\2022-03-17_2392965.txt
2026-07-11T20:00:06,2392859,https://smotrim.ru/video/2392859,ok,,C:\Users\PeppermintButler\Desktop\Bachelorarbeit\Audio\transkripte\2022-03-17_2392859.txt
2026-07-11T20:07:48,2392555,https://smotrim.ru/video/2392555,ok,,C:\Users\PeppermintButler\Desktop\Bachelorarbeit\Audio\transkripte\2022-03-16_2392555.txt
2026-07-11T20:15:12,2392450,https://smotrim.ru/video/2392450,ok,,C:\Users\PeppermintButler\Desktop\Bachelorarbeit\Audio\transkripte\2022-03-16_2392450.txt
2026-07-11T20:23:11,2392247,https://smotrim.ru/video/2392247,ok,,C:\Users\PeppermintButler\Desktop\Bachelorarbeit\Audio\transkripte\2022-03-15_2392247.txt
2026-07-11T20:30:58,2392243,https://smotrim.ru/video/2392243,ok,,C:\Users\PeppermintButler\Desktop\Bachelorarbeit\Audio\transkripte\2022-03-15_2392243.txt
2026-07-11T20:38:12,2391936,https://smotrim.ru/video/2391936,ok,,C:\Users\PeppermintButler\Desktop\Bachelorarbeit\Audio\transkripte\2022-03-14_2391936.txt
2026-07-11T20:39:49,2391819,https://smotrim.ru/video/2391819,ok,,C:\Users\PeppermintButler\Desktop\Bachelorarbeit\Audio\transkripte\2022-03-14_2391819.txt
2026-07-11T20:52:15,2391511,https://smotrim.ru/video/2391511,ok,,C:\Users\PeppermintButler\Desktop\Bachelorarbeit\Audio\transkripte\2022-03-12_2391511.txt
2026-07-11T21:00:21,2391257,https://smotrim.ru/video/2391257,ok,,C:\Users\PeppermintButler\Desktop\Bachelorarbeit\Audio\transkripte\2022-03-11_2391257.txt
2026-07-11T21:08:53,2391165,https://smotrim.ru/video/2391165,ok,,C:\Users\PeppermintButler\Desktop\Bachelorarbeit\Audio\transkripte\2022-03-11_2391165.txt
2026-07-11T21:16:58,2390907,https://smotrim.ru/video/2390907,ok,,C:\Users\PeppermintButler\Desktop\Bachelorarbeit\Audio\transkripte\2022-03-10_2390907.txt
2026-07-11T21:24:34,2390781,https://smotrim.ru/video/2390781,ok,,C:\Users\PeppermintButler\Desktop\Bachelorarbeit\Audio\transkripte\2022-03-10_2390781.txt
2026-07-11T21:33:16,2390553,https://smotrim.ru/video/2390553,ok,,C:\Users\PeppermintButler\Desktop\Bachelorarbeit\Audio\transkripte\2022-03-09_2390553.txt
2026-07-11T21:42:06,2390498,https://smotrim.ru/video/2390498,ok,,C:\Users\PeppermintButler\Desktop\Bachelorarbeit\Audio\transkripte\2022-03-09_2390498.txt
2026-07-11T21:50:52,2390054,https://smotrim.ru/video/2390054,ok,,C:\Users\PeppermintButler\Desktop\Bachelorarbeit\Audio\transkripte\2022-03-07_2390054.txt
2026-07-11T21:59:37,2390007,https://smotrim.ru/video/2390007,ok,,C:\Users\PeppermintButler\Desktop\Bachelorarbeit\Audio\transkripte\2022-03-07_2390007.txt
2026-07-11T22:05:25,2389885,https://smotrim.ru/video/2389885,ok,,C:\Users\PeppermintButler\Desktop\Bachelorarbeit\Audio\transkripte\2022-03-06_2389885.txt
2026-07-11T22:09:20,2389840,https://smotrim.ru/video/2389840,ok,,C:\Users\PeppermintButler\Desktop\Bachelorarbeit\Audio\transkripte\2022-03-06_2389840.txt
2026-07-11T22:13:50,2389665,https://smotrim.ru/video/2389665,ok,,C:\Users\PeppermintButler\Desktop\Bachelorarbeit\Audio\transkripte\2022-03-05_2389665.txt
2026-07-11T22:18:51,2389666,https://smotrim.ru/video/2389666,ok,,C:\Users\PeppermintButler\Desktop\Bachelorarbeit\Audio\transkripte\2022-03-05_2389666.txt
2026-07-11T22:26:48,2389471,https://smotrim.ru/video/2389471,ok,,C:\Users\PeppermintButler\Desktop\Bachelorarbeit\Audio\transkripte\2022-03-04_2389471.txt
2026-07-11T22:34:28,2389365,https://smotrim.ru/video/2389365,ok,,C:\Users\PeppermintButler\Desktop\Bachelorarbeit\Audio\transkripte\2022-03-04_2389365.txt
2026-07-11T22:42:25,2389121,https://smotrim.ru/video/2389121,ok,,C:\Users\PeppermintButler\Desktop\Bachelorarbeit\Audio\transkripte\2022-03-03_2389121.txt
2026-07-11T22:50:27,2389026,https://smotrim.ru/video/2389026,ok,,C:\Users\PeppermintButler\Desktop\Bachelorarbeit\Audio\transkripte\2022-03-03_2389026.txt
2026-07-11T22:58:10,2388798,https://smotrim.ru/video/2388798,ok,,C:\Users\PeppermintButler\Desktop\Bachelorarbeit\Audio\transkripte\2022-03-02_2388798.txt
2026-07-11T23:07:03,2388733,https://smotrim.ru/video/2388733,ok,,C:\Users\PeppermintButler\Desktop\Bachelorarbeit\Audio\transkripte\2022-03-02_2388733.txt
2026-07-11T23:18:03,2388499,https://smotrim.ru/video/2388499,ok,,C:\Users\PeppermintButler\Desktop\Bachelorarbeit\Audio\transkripte\2022-03-01_2388499.txt
2026-07-11T23:26:09,2388411,https://smotrim.ru/video/2388411,ok,,C:\Users\PeppermintButler\Desktop\Bachelorarbeit\Audio\transkripte\2022-03-01_2388411.txt
2026-07-11T23:35:01,2388225,https://smotrim.ru/video/2388225,ok,,C:\Users\PeppermintButler\Desktop\Bachelorarbeit\Audio\transkripte\2022-02-28_2388225.txt
2026-07-11T23:43:30,2388007,https://smotrim.ru/video/2388007,ok,,C:\Users\PeppermintButler\Desktop\Bachelorarbeit\Audio\transkripte\2022-02-28_2388007.txt
2026-07-11T23:51:40,2387690,https://smotrim.ru/video/2387690,ok,,C:\Users\PeppermintButler\Desktop\Bachelorarbeit\Audio\transkripte\2022-02-26_2387690.txt
2026-07-11T23:59:06,2387561,https://smotrim.ru/video/2387561,ok,,C:\Users\PeppermintButler\Desktop\Bachelorarbeit\Audio\transkripte\2022-02-25_2387561.txt
2026-07-12T00:06:34,2387521,https://smotrim.ru/video/2387521,ok,,C:\Users\PeppermintButler\Desktop\Bachelorarbeit\Audio\transkripte\2022-02-25_2387521.txt
2026-07-12T00:15:42,2387219,https://smotrim.ru/video/2387219,ok,,C:\Users\PeppermintButler\Desktop\Bachelorarbeit\Audio\transkripte\2022-02-24_2387219.txt
2026-07-12T00:20:49,2387090,https://smotrim.ru/video/2387090,ok,,C:\Users\PeppermintButler\Desktop\Bachelorarbeit\Audio\transkripte\2022-02-24_2387090.txt
2026-07-12T00:25:10,2386662,https://smotrim.ru/video/2386662,ok,,C:\Users\PeppermintButler\Desktop\Bachelorarbeit\Audio\transkripte\2022-02-22_2386662.txt
2026-07-12T00:30:55,2386530,https://smotrim.ru/video/2386530,ok,,C:\Users\PeppermintButler\Desktop\Bachelorarbeit\Audio\transkripte\2022-02-22_2386530.txt
2026-07-12T00:36:47,2386394,https://smotrim.ru/video/2386394,ok,,C:\Users\PeppermintButler\Desktop\Bachelorarbeit\Audio\transkripte\2022-02-21_2386394.txt
2026-07-12T00:41:51,2386215,https://smotrim.ru/video/2386215,ok,,C:\Users\PeppermintButler\Desktop\Bachelorarbeit\Audio\transkripte\2022-02-21_2386215.txt
2026-07-12T00:45:46,2385650,https://smotrim.ru/video/2385650,ok,,C:\Users\PeppermintButler\Desktop\Bachelorarbeit\Audio\transkripte\2022-02-18_2385650.txt
2026-07-12T00:49:27,2385438,https://smotrim.ru/video/2385438,ok,,C:\Users\PeppermintButler\Desktop\Bachelorarbeit\Audio\transkripte\2022-02-18_2385438.txt
2026-07-12T00:54:11,2385147,https://smotrim.ru/video/2385147,ok,,C:\Users\PeppermintButler\Desktop\Bachelorarbeit\Audio\transkripte\2022-02-17_2385147.txt
2026-07-12T00:58:52,2384965,https://smotrim.ru/video/2384965,ok,,C:\Users\PeppermintButler\Desktop\Bachelorarbeit\Audio\transkripte\2022-02-17_2384965.txt
2026-07-12T01:03:47,2384785,https://smotrim.ru/video/2384785,ok,,C:\Users\PeppermintButler\Desktop\Bachelorarbeit\Audio\transkripte\2022-02-16_2384785.txt
2026-07-12T01:09:20,2384659,https://smotrim.ru/video/2384659,ok,,C:\Users\PeppermintButler\Desktop\Bachelorarbeit\Audio\transkripte\2022-02-16_2384659.txt
2026-07-12T01:14:13,2384393,https://smotrim.ru/video/2384393,ok,,C:\Users\PeppermintButler\Desktop\Bachelorarbeit\Audio\transkripte\2022-02-15_2384393.txt
2026-07-12T01:19:09,2384248,https://smotrim.ru/video/2384248,ok,,C:\Users\PeppermintButler\Desktop\Bachelorarbeit\Audio\transkripte\2022-02-15_2384248.txt
2026-07-12T01:24:14,2384108,https://smotrim.ru/video/2384108,ok,,C:\Users\PeppermintButler\Desktop\Bachelorarbeit\Audio\transkripte\2022-02-14_2384108.txt
2026-07-12T01:29:09,2384004,https://smotrim.ru/video/2384004,ok,,C:\Users\PeppermintButler\Desktop\Bachelorarbeit\Audio\transkripte\2022-02-14_2384004.txt
2026-07-12T01:33:33,2383189,https://smotrim.ru/video/2383189,ok,,C:\Users\PeppermintButler\Desktop\Bachelorarbeit\Audio\transkripte\2022-02-11_2383189.txt
2026-07-12T01:38:32,2383038,https://smotrim.ru/video/2383038,ok,,C:\Users\PeppermintButler\Desktop\Bachelorarbeit\Audio\transkripte\2022-02-11_2383038.txt
2026-07-12T01:43:01,2382796,https://smotrim.ru/video/2382796,ok,,C:\Users\PeppermintButler\Desktop\Bachelorarbeit\Audio\transkripte\2022-02-10_2382796.txt
2026-07-12T01:47:46,2382653,https://smotrim.ru/video/2382653,ok,,C:\Users\PeppermintButler\Desktop\Bachelorarbeit\Audio\transkripte\2022-02-10_2382653.txt
2026-07-12T01:53:18,2382436,https://smotrim.ru/video/2382436,ok,,C:\Users\PeppermintButler\Desktop\Bachelorarbeit\Audio\transkripte\2022-02-09_2382436.txt
2026-07-12T01:57:32,2382155,https://smotrim.ru/video/2382155,ok,,C:\Users\PeppermintButler\Desktop\Bachelorarbeit\Audio\transkripte\2022-02-08_2382155.txt
2026-07-12T02:02:25,2381862,https://smotrim.ru/video/2381862,ok,,C:\Users\PeppermintButler\Desktop\Bachelorarbeit\Audio\transkripte\2022-02-07_2381862.txt
2026-07-12T02:07:56,2381022,https://smotrim.ru/video/2381022,ok,,C:\Users\PeppermintButler\Desktop\Bachelorarbeit\Audio\transkripte\2022-02-04_2381022.txt
2026-07-12T02:12:33,2380899,https://smotrim.ru/video/2380899,ok,,C:\Users\PeppermintButler\Desktop\Bachelorarbeit\Audio\transkripte\2022-02-04_2380899.txt
2026-07-12T02:17:01,2380675,https://smotrim.ru/video/2380675,ok,,C:\Users\PeppermintButler\Desktop\Bachelorarbeit\Audio\transkripte\2022-02-03_2380675.txt
2026-07-12T02:21:29,2380550,https://smotrim.ru/video/2380550,ok,,C:\Users\PeppermintButler\Desktop\Bachelorarbeit\Audio\transkripte\2022-02-03_2380550.txt
2026-07-12T02:25:51,2380350,https://smotrim.ru/video/2380350,ok,,C:\Users\PeppermintButler\Desktop\Bachelorarbeit\Audio\transkripte\2022-02-02_2380350.txt
2026-07-12T02:30:01,2380241,https://smotrim.ru/video/2380241,ok,,C:\Users\PeppermintButler\Desktop\Bachelorarbeit\Audio\transkripte\2022-02-02_2380241.txt
2026-07-12T02:35:01,2380025,https://smotrim.ru/video/2380025,ok,,C:\Users\PeppermintButler\Desktop\Bachelorarbeit\Audio\transkripte\2022-02-01_2380025.txt
2026-07-12T02:39:55,2379920,https://smotrim.ru/video/2379920,ok,,C:\Users\PeppermintButler\Desktop\Bachelorarbeit\Audio\transkripte\2022-02-01_2379920.txt
2026-07-12T02:44:59,2379756,https://smotrim.ru/video/2379756,ok,,C:\Users\PeppermintButler\Desktop\Bachelorarbeit\Audio\transkripte\2022-01-31_2379756.txt
2026-07-12T02:50:08,2379668,https://smotrim.ru/video/2379668,ok,,C:\Users\PeppermintButler\Desktop\Bachelorarbeit\Audio\transkripte\2022-01-31_2379668.txt
2026-07-12T02:54:51,2379146,https://smotrim.ru/video/2379146,ok,,C:\Users\PeppermintButler\Desktop\Bachelorarbeit\Audio\transkripte\2022-01-28_2379146.txt
2026-07-12T02:59:35,2379021,https://smotrim.ru/video/2379021,ok,,C:\Users\PeppermintButler\Desktop\Bachelorarbeit\Audio\transkripte\2022-01-28_2379021.txt
2026-07-12T03:04:21,2378760,https://smotrim.ru/video/2378760,ok,,C:\Users\PeppermintButler\Desktop\Bachelorarbeit\Audio\transkripte\2022-01-27_2378760.txt
2026-07-12T03:08:24,2378648,https://smotrim.ru/video/2378648,ok,,C:\Users\PeppermintButler\Desktop\Bachelorarbeit\Audio\transkripte\2022-01-27_2378648.txt
2026-07-12T03:12:36,2378437,https://smotrim.ru/video/2378437,ok,,C:\Users\PeppermintButler\Desktop\Bachelorarbeit\Audio\transkripte\2022-01-26_2378437.txt
2026-07-12T03:16:53,2378292,https://smotrim.ru/video/2378292,ok,,C:\Users\PeppermintButler\Desktop\Bachelorarbeit\Audio\transkripte\2022-01-26_2378292.txt
2026-07-12T03:21:44,2378088,https://smotrim.ru/video/2378088,ok,,C:\Users\PeppermintButler\Desktop\Bachelorarbeit\Audio\transkripte\2022-01-25_2378088.txt
2026-07-12T03:26:52,2377949,https://smotrim.ru/video/2377949,ok,,C:\Users\PeppermintButler\Desktop\Bachelorarbeit\Audio\transkripte\2022-01-25_2377949.txt
2026-07-12T03:31:26,2377712,https://smotrim.ru/video/2377712,ok,,C:\Users\PeppermintButler\Desktop\Bachelorarbeit\Audio\transkripte\2022-01-24_2377712.txt
2026-07-12T03:36:23,2377604,https://smotrim.ru/video/2377604,ok,,C:\Users\PeppermintButler\Desktop\Bachelorarbeit\Audio\transkripte\2022-01-24_2377604.txt
2026-07-12T03:40:56,2377125,https://smotrim.ru/video/2377125,ok,,C:\Users\PeppermintButler\Desktop\Bachelorarbeit\Audio\transkripte\2022-01-21_2377125.txt
2026-07-12T03:45:40,2376751,https://smotrim.ru/video/2376751,ok,,C:\Users\PeppermintButler\Desktop\Bachelorarbeit\Audio\transkripte\2022-01-20_2376751.txt
2026-07-12T03:50:22,2376631,https://smotrim.ru/video/2376631,ok,,C:\Users\PeppermintButler\Desktop\Bachelorarbeit\Audio\transkripte\2022-01-20_2376631.txt
2026-07-12T03:54:38,2376394,https://smotrim.ru/video/2376394,ok,,C:\Users\PeppermintButler\Desktop\Bachelorarbeit\Audio\transkripte\2022-01-19_2376394.txt
2026-07-12T03:59:12,2376271,https://smotrim.ru/video/2376271,ok,,C:\Users\PeppermintButler\Desktop\Bachelorarbeit\Audio\transkripte\2022-01-19_2376271.txt
2026-07-12T04:04:00,2376105,https://smotrim.ru/video/2376105,ok,,C:\Users\PeppermintButler\Desktop\Bachelorarbeit\Audio\transkripte\2022-01-18_2376105.txt
2026-07-12T04:08:39,2375981,https://smotrim.ru/video/2375981,ok,,C:\Users\PeppermintButler\Desktop\Bachelorarbeit\Audio\transkripte\2022-01-18_2375981.txt
2026-07-12T04:13:30,2375703,https://smotrim.ru/video/2375703,ok,,C:\Users\PeppermintButler\Desktop\Bachelorarbeit\Audio\transkripte\2022-01-17_2375703.txt
2026-07-12T04:14:41,2375595,https://smotrim.ru/video/2375595,fehler,WAV nach 3 Versuchen nicht erzeugt: C:\Users\PeppermintButler\Desktop\Bachelorarbeit\Audio\roh\2022-01-17_2375595.wav,
2026-07-12T04:19:08,2375017,https://smotrim.ru/video/2375017,ok,,C:\Users\PeppermintButler\Desktop\Bachelorarbeit\Audio\transkripte\2022-01-14_2375017.txt
2026-07-12T04:23:42,2374900,https://smotrim.ru/video/2374900,ok,,C:\Users\PeppermintButler\Desktop\Bachelorarbeit\Audio\transkripte\2022-01-14_2374900.txt
2026-07-12T04:28:27,2374642,https://smotrim.ru/video/2374642,ok,,C:\Users\PeppermintButler\Desktop\Bachelorarbeit\Audio\transkripte\2022-01-13_2374642.txt
2026-07-12T04:33:18,2374522,https://smotrim.ru/video/2374522,ok,,C:\Users\PeppermintButler\Desktop\Bachelorarbeit\Audio\transkripte\2022-01-13_2374522.txt
2026-07-12T04:38:20,2374339,https://smotrim.ru/video/2374339,ok,,C:\Users\PeppermintButler\Desktop\Bachelorarbeit\Audio\transkripte\2022-01-12_2374339.txt
2026-07-12T04:42:58,2374224,https://smotrim.ru/video/2374224,ok,,C:\Users\PeppermintButler\Desktop\Bachelorarbeit\Audio\transkripte\2022-01-12_2374224.txt
2026-07-12T04:47:13,2373916,https://smotrim.ru/video/2373916,ok,,C:\Users\PeppermintButler\Desktop\Bachelorarbeit\Audio\transkripte\2022-01-11_2373916.txt
2026-07-12T04:51:27,2373824,https://smotrim.ru/video/2373824,ok,,C:\Users\PeppermintButler\Desktop\Bachelorarbeit\Audio\transkripte\2022-01-11_2373824.txt
2026-07-12T04:55:35,2373631,https://smotrim.ru/video/2373631,ok,,C:\Users\PeppermintButler\Desktop\Bachelorarbeit\Audio\transkripte\2022-01-10_2373631.txt
2026-07-12T05:00:34,2373577,https://smotrim.ru/video/2373577,ok,,C:\Users\PeppermintButler\Desktop\Bachelorarbeit\Audio\transkripte\2022-01-10_2373577.txt
2026-07-12T05:08:59,2738130,https://smotrim.ru/video/2738130,ok,,C:\Users\PeppermintButler\Desktop\Bachelorarbeit\Audio\transkripte\2023-12-29_2738130.txt
2026-07-12T05:17:22,2735781,https://smotrim.ru/video/2735781,ok,,C:\Users\PeppermintButler\Desktop\Bachelorarbeit\Audio\transkripte\2023-12-25_2735781.txt
2026-07-12T05:26:28,2733958,https://smotrim.ru/video/2733958,ok,,C:\Users\PeppermintButler\Desktop\Bachelorarbeit\Audio\transkripte\2023-12-21_2733958.txt
2026-07-12T05:34:52,2733717,https://smotrim.ru/video/2733717,ok,,C:\Users\PeppermintButler\Desktop\Bachelorarbeit\Audio\transkripte\2023-12-21_2733717.txt
2026-07-12T05:42:36,2733257,https://smotrim.ru/video/2733257,ok,,C:\Users\PeppermintButler\Desktop\Bachelorarbeit\Audio\transkripte\2023-12-20_2733257.txt
2026-07-12T05:50:26,2732971,https://smotrim.ru/video/2732971,ok,,C:\Users\PeppermintButler\Desktop\Bachelorarbeit\Audio\transkripte\2023-12-20_2732971.txt
2026-07-12T05:58:16,2732562,https://smotrim.ru/video/2732562,ok,,C:\Users\PeppermintButler\Desktop\Bachelorarbeit\Audio\transkripte\2023-12-19_2732562.txt
2026-07-12T06:07:35,2732266,https://smotrim.ru/video/2732266,ok,,C:\Users\PeppermintButler\Desktop\Bachelorarbeit\Audio\transkripte\2023-12-19_2732266.txt
2026-07-12T06:16:42,2731874,https://smotrim.ru/video/2731874,ok,,C:\Users\PeppermintButler\Desktop\Bachelorarbeit\Audio\transkripte\2023-12-18_2731874.txt
2026-07-12T06:25:42,2731611,https://smotrim.ru/video/2731611,ok,,C:\Users\PeppermintButler\Desktop\Bachelorarbeit\Audio\transkripte\2023-12-18_2731611.txt
2026-07-12T06:34:21,2730911,https://smotrim.ru/video/2730911,ok,,C:\Users\PeppermintButler\Desktop\Bachelorarbeit\Audio\transkripte\2023-12-15_2730911.txt
2026-07-12T06:43:04,2730662,https://smotrim.ru/video/2730662,ok,,C:\Users\PeppermintButler\Desktop\Bachelorarbeit\Audio\transkripte\2023-12-15_2730662.txt
2026-07-12T06:51:22,2730319,https://smotrim.ru/video/2730319,ok,,C:\Users\PeppermintButler\Desktop\Bachelorarbeit\Audio\transkripte\2023-12-14_2730319.txt
2026-07-12T06:54:45,2730230,https://smotrim.ru/video/2730230,ok,,C:\Users\PeppermintButler\Desktop\Bachelorarbeit\Audio\transkripte\2023-12-14_2730230.txt
2026-07-12T07:04:30,2729747,https://smotrim.ru/video/2729747,ok,,C:\Users\PeppermintButler\Desktop\Bachelorarbeit\Audio\transkripte\2023-12-13_2729747.txt
2026-07-12T07:13:02,2729513,https://smotrim.ru/video/2729513,ok,,C:\Users\PeppermintButler\Desktop\Bachelorarbeit\Audio\transkripte\2023-12-13_2729513.txt
2026-07-12T07:20:44,2729094,https://smotrim.ru/video/2729094,ok,,C:\Users\PeppermintButler\Desktop\Bachelorarbeit\Audio\transkripte\2023-12-12_2729094.txt
2026-07-12T07:28:21,2728840,https://smotrim.ru/video/2728840,ok,,C:\Users\PeppermintButler\Desktop\Bachelorarbeit\Audio\transkripte\2023-12-12_2728840.txt
2026-07-12T07:37:46,2728409,https://smotrim.ru/video/2728409,ok,,C:\Users\PeppermintButler\Desktop\Bachelorarbeit\Audio\transkripte\2023-12-11_2728409.txt
2026-07-12T07:47:02,2728209,https://smotrim.ru/video/2728209,ok,,C:\Users\PeppermintButler\Desktop\Bachelorarbeit\Audio\transkripte\2023-12-11_2728209.txt
2026-07-12T07:56:19,2727415,https://smotrim.ru/video/2727415,ok,,C:\Users\PeppermintButler\Desktop\Bachelorarbeit\Audio\transkripte\2023-12-08_2727415.txt
2026-07-12T08:05:24,2727120,https://smotrim.ru/video/2727120,ok,,C:\Users\PeppermintButler\Desktop\Bachelorarbeit\Audio\transkripte\2023-12-08_2727120.txt
2026-07-12T08:14:12,2726716,https://smotrim.ru/video/2726716,ok,,C:\Users\PeppermintButler\Desktop\Bachelorarbeit\Audio\transkripte\2023-12-07_2726716.txt
2026-07-12T08:23:09,2726472,https://smotrim.ru/video/2726472,ok,,C:\Users\PeppermintButler\Desktop\Bachelorarbeit\Audio\transkripte\2023-12-07_2726472.txt
2026-07-12T08:31:25,2726037,https://smotrim.ru/video/2726037,ok,,C:\Users\PeppermintButler\Desktop\Bachelorarbeit\Audio\transkripte\2023-12-06_2726037.txt
2026-07-12T08:39:55,2725764,https://smotrim.ru/video/2725764,ok,,C:\Users\PeppermintButler\Desktop\Bachelorarbeit\Audio\transkripte\2023-12-06_2725764.txt
2026-07-12T08:48:43,2725348,https://smotrim.ru/video/2725348,ok,,C:\Users\PeppermintButler\Desktop\Bachelorarbeit\Audio\transkripte\2023-12-05_2725348.txt
2026-07-12T08:57:03,2725088,https://smotrim.ru/video/2725088,ok,,C:\Users\PeppermintButler\Desktop\Bachelorarbeit\Audio\transkripte\2023-12-05_2725088.txt
2026-07-12T09:06:19,2724602,https://smotrim.ru/video/2724602,ok,,C:\Users\PeppermintButler\Desktop\Bachelorarbeit\Audio\transkripte\2023-12-04_2724602.txt
2026-07-12T09:14:17,2724335,https://smotrim.ru/video/2724335,ok,,C:\Users\PeppermintButler\Desktop\Bachelorarbeit\Audio\transkripte\2023-12-04_2724335.txt
2026-07-12T09:23:29,2723503,https://smotrim.ru/video/2723503,ok,,C:\Users\PeppermintButler\Desktop\Bachelorarbeit\Audio\transkripte\2023-12-01_2723503.txt
2026-07-12T09:31:38,2723207,https://smotrim.ru/video/2723207,ok,,C:\Users\PeppermintButler\Desktop\Bachelorarbeit\Audio\transkripte\2023-12-01_2723207.txt
2026-07-12T09:40:43,2722873,https://smotrim.ru/video/2722873,ok,,C:\Users\PeppermintButler\Desktop\Bachelorarbeit\Audio\transkripte\2023-11-30_2722873.txt
2026-07-12T09:49:34,2722611,https://smotrim.ru/video/2722611,ok,,C:\Users\PeppermintButler\Desktop\Bachelorarbeit\Audio\transkripte\2023-11-30_2722611.txt
2026-07-12T09:57:07,2722223,https://smotrim.ru/video/2722223,ok,,C:\Users\PeppermintButler\Desktop\Bachelorarbeit\Audio\transkripte\2023-11-29_2722223.txt
2026-07-12T10:06:13,2721955,https://smotrim.ru/video/2721955,ok,,C:\Users\PeppermintButler\Desktop\Bachelorarbeit\Audio\transkripte\2023-11-29_2721955.txt
2026-07-12T10:15:39,2721448,https://smotrim.ru/video/2721448,ok,,C:\Users\PeppermintButler\Desktop\Bachelorarbeit\Audio\transkripte\2023-11-28_2721448.txt
2026-07-12T10:24:48,2721235,https://smotrim.ru/video/2721235,ok,,C:\Users\PeppermintButler\Desktop\Bachelorarbeit\Audio\transkripte\2023-11-28_2721235.txt
2026-07-12T10:33:33,2720855,https://smotrim.ru/video/2720855,ok,,C:\Users\PeppermintButler\Desktop\Bachelorarbeit\Audio\transkripte\2023-11-27_2720855.txt
2026-07-12T10:42:22,2720614,https://smotrim.ru/video/2720614,ok,,C:\Users\PeppermintButler\Desktop\Bachelorarbeit\Audio\transkripte\2023-11-27_2720614.txt
2026-07-12T10:50:52,2719799,https://smotrim.ru/video/2719799,ok,,C:\Users\PeppermintButler\Desktop\Bachelorarbeit\Audio\transkripte\2023-11-24_2719799.txt
2026-07-12T10:58:21,2719507,https://smotrim.ru/video/2719507,ok,,C:\Users\PeppermintButler\Desktop\Bachelorarbeit\Audio\transkripte\2023-11-24_2719507.txt
2026-07-12T11:07:05,2719068,https://smotrim.ru/video/2719068,ok,,C:\Users\PeppermintButler\Desktop\Bachelorarbeit\Audio\transkripte\2023-11-23_2719068.txt
2026-07-12T11:16:09,2718793,https://smotrim.ru/video/2718793,ok,,C:\Users\PeppermintButler\Desktop\Bachelorarbeit\Audio\transkripte\2023-11-23_2718793.txt
2026-07-12T11:25:39,2718391,https://smotrim.ru/video/2718391,ok,,C:\Users\PeppermintButler\Desktop\Bachelorarbeit\Audio\transkripte\2023-11-22_2718391.txt
2026-07-12T11:33:32,2718161,https://smotrim.ru/video/2718161,ok,,C:\Users\PeppermintButler\Desktop\Bachelorarbeit\Audio\transkripte\2023-11-22_2718161.txt
2026-07-12T11:40:38,2717660,https://smotrim.ru/video/2717660,ok,,C:\Users\PeppermintButler\Desktop\Bachelorarbeit\Audio\transkripte\2023-11-21_2717660.txt
2026-07-12T11:47:31,2717414,https://smotrim.ru/video/2717414,ok,,C:\Users\PeppermintButler\Desktop\Bachelorarbeit\Audio\transkripte\2023-11-21_2717414.txt
2026-07-12T11:54:31,2716954,https://smotrim.ru/video/2716954,ok,,C:\Users\PeppermintButler\Desktop\Bachelorarbeit\Audio\transkripte\2023-11-20_2716954.txt
2026-07-12T12:01:37,2716710,https://smotrim.ru/video/2716710,ok,,C:\Users\PeppermintButler\Desktop\Bachelorarbeit\Audio\transkripte\2023-11-20_2716710.txt
2026-07-12T12:08:33,2715845,https://smotrim.ru/video/2715845,ok,,C:\Users\PeppermintButler\Desktop\Bachelorarbeit\Audio\transkripte\2023-11-17_2715845.txt
2026-07-12T12:15:54,2715600,https://smotrim.ru/video/2715600,ok,,C:\Users\PeppermintButler\Desktop\Bachelorarbeit\Audio\transkripte\2023-11-17_2715600.txt
2026-07-12T12:23:14,2715194,https://smotrim.ru/video/2715194,ok,,C:\Users\PeppermintButler\Desktop\Bachelorarbeit\Audio\transkripte\2023-11-16_2715194.txt
2026-07-12T12:29:36,2714944,https://smotrim.ru/video/2714944,ok,,C:\Users\PeppermintButler\Desktop\Bachelorarbeit\Audio\transkripte\2023-11-16_2714944.txt
2026-07-12T12:36:41,2714514,https://smotrim.ru/video/2714514,ok,,C:\Users\PeppermintButler\Desktop\Bachelorarbeit\Audio\transkripte\2023-11-15_2714514.txt
2026-07-12T12:44:01,2714273,https://smotrim.ru/video/2714273,ok,,C:\Users\PeppermintButler\Desktop\Bachelorarbeit\Audio\transkripte\2023-11-15_2714273.txt
2026-07-12T12:51:12,2713838,https://smotrim.ru/video/2713838,ok,,C:\Users\PeppermintButler\Desktop\Bachelorarbeit\Audio\transkripte\2023-11-14_2713838.txt
2026-07-12T12:57:57,2713613,https://smotrim.ru/video/2713613,ok,,C:\Users\PeppermintButler\Desktop\Bachelorarbeit\Audio\transkripte\2023-11-14_2713613.txt
2026-07-12T13:04:23,2713188,https://smotrim.ru/video/2713188,ok,,C:\Users\PeppermintButler\Desktop\Bachelorarbeit\Audio\transkripte\2023-11-13_2713188.txt
2026-07-12T13:11:38,2712935,https://smotrim.ru/video/2712935,ok,,C:\Users\PeppermintButler\Desktop\Bachelorarbeit\Audio\transkripte\2023-11-13_2712935.txt
2026-07-12T13:18:10,2712060,https://smotrim.ru/video/2712060,ok,,C:\Users\PeppermintButler\Desktop\Bachelorarbeit\Audio\transkripte\2023-11-10_2712060.txt
2026-07-12T13:25:32,2711774,https://smotrim.ru/video/2711774,ok,,C:\Users\PeppermintButler\Desktop\Bachelorarbeit\Audio\transkripte\2023-11-10_2711774.txt
2026-07-12T13:31:53,2711400,https://smotrim.ru/video/2711400,ok,,C:\Users\PeppermintButler\Desktop\Bachelorarbeit\Audio\transkripte\2023-11-09_2711400.txt
2026-07-12T13:39:12,2711222,https://smotrim.ru/video/2711222,ok,,C:\Users\PeppermintButler\Desktop\Bachelorarbeit\Audio\transkripte\2023-11-09_2711222.txt
2026-07-12T13:46:23,2710748,https://smotrim.ru/video/2710748,ok,,C:\Users\PeppermintButler\Desktop\Bachelorarbeit\Audio\transkripte\2023-11-08_2710748.txt
2026-07-12T13:53:08,2710464,https://smotrim.ru/video/2710464,ok,,C:\Users\PeppermintButler\Desktop\Bachelorarbeit\Audio\transkripte\2023-11-08_2710464.txt
2026-07-12T13:59:55,2710064,https://smotrim.ru/video/2710064,ok,,C:\Users\PeppermintButler\Desktop\Bachelorarbeit\Audio\transkripte\2023-11-07_2710064.txt
2026-07-12T14:07:03,2709867,https://smotrim.ru/video/2709867,ok,,C:\Users\PeppermintButler\Desktop\Bachelorarbeit\Audio\transkripte\2023-11-07_2709867.txt
2026-07-12T14:13:26,2708718,https://smotrim.ru/video/2708718,ok,,C:\Users\PeppermintButler\Desktop\Bachelorarbeit\Audio\transkripte\2023-11-03_2708718.txt
2026-07-12T14:19:40,2708487,https://smotrim.ru/video/2708487,ok,,C:\Users\PeppermintButler\Desktop\Bachelorarbeit\Audio\transkripte\2023-11-03_2708487.txt
2026-07-12T14:26:55,2708120,https://smotrim.ru/video/2708120,ok,,C:\Users\PeppermintButler\Desktop\Bachelorarbeit\Audio\transkripte\2023-11-02_2708120.txt
2026-07-12T14:34:10,2707884,https://smotrim.ru/video/2707884,ok,,C:\Users\PeppermintButler\Desktop\Bachelorarbeit\Audio\transkripte\2023-11-02_2707884.txt
2026-07-12T14:41:53,2707481,https://smotrim.ru/video/2707481,ok,,C:\Users\PeppermintButler\Desktop\Bachelorarbeit\Audio\transkripte\2023-11-01_2707481.txt
2026-07-12T14:48:54,2707214,https://smotrim.ru/video/2707214,ok,,C:\Users\PeppermintButler\Desktop\Bachelorarbeit\Audio\transkripte\2023-11-01_2707214.txt
2026-07-12T14:56:53,2706794,https://smotrim.ru/video/2706794,ok,,C:\Users\PeppermintButler\Desktop\Bachelorarbeit\Audio\transkripte\2023-10-31_2706794.txt
2026-07-12T15:04:19,2706594,https://smotrim.ru/video/2706594,ok,,C:\Users\PeppermintButler\Desktop\Bachelorarbeit\Audio\transkripte\2023-10-31_2706594.txt
2026-07-12T15:10:59,2706158,https://smotrim.ru/video/2706158,ok,,C:\Users\PeppermintButler\Desktop\Bachelorarbeit\Audio\transkripte\2023-10-30_2706158.txt
2026-07-12T15:18:01,2705930,https://smotrim.ru/video/2705930,ok,,C:\Users\PeppermintButler\Desktop\Bachelorarbeit\Audio\transkripte\2023-10-30_2705930.txt
2026-07-12T15:25:22,2705088,https://smotrim.ru/video/2705088,ok,,C:\Users\PeppermintButler\Desktop\Bachelorarbeit\Audio\transkripte\2023-10-27_2705088.txt
2026-07-12T15:32:15,2704897,https://smotrim.ru/video/2704897,ok,,C:\Users\PeppermintButler\Desktop\Bachelorarbeit\Audio\transkripte\2023-10-27_2704897.txt
2026-07-12T15:39:31,2704447,https://smotrim.ru/video/2704447,ok,,C:\Users\PeppermintButler\Desktop\Bachelorarbeit\Audio\transkripte\2023-10-26_2704447.txt
2026-07-12T15:46:09,2704231,https://smotrim.ru/video/2704231,ok,,C:\Users\PeppermintButler\Desktop\Bachelorarbeit\Audio\transkripte\2023-10-26_2704231.txt
2026-07-12T15:53:38,2703742,https://smotrim.ru/video/2703742,ok,,C:\Users\PeppermintButler\Desktop\Bachelorarbeit\Audio\transkripte\2023-10-25_2703742.txt
2026-07-12T16:02:30,2703597,https://smotrim.ru/video/2703597,ok,,C:\Users\PeppermintButler\Desktop\Bachelorarbeit\Audio\transkripte\2023-10-25_2703597.txt
2026-07-12T16:11:08,2703101,https://smotrim.ru/video/2703101,ok,,C:\Users\PeppermintButler\Desktop\Bachelorarbeit\Audio\transkripte\2023-10-24_2703101.txt
2026-07-12T16:19:52,2702866,https://smotrim.ru/video/2702866,ok,,C:\Users\PeppermintButler\Desktop\Bachelorarbeit\Audio\transkripte\2023-10-24_2702866.txt
2026-07-12T16:29:03,2702452,https://smotrim.ru/video/2702452,ok,,C:\Users\PeppermintButler\Desktop\Bachelorarbeit\Audio\transkripte\2023-10-23_2702452.txt
2026-07-12T16:37:31,2702272,https://smotrim.ru/video/2702272,ok,,C:\Users\PeppermintButler\Desktop\Bachelorarbeit\Audio\transkripte\2023-10-23_2702272.txt
2026-07-12T16:44:54,2702382,https://smotrim.ru/video/2702382,ok,,C:\Users\PeppermintButler\Desktop\Bachelorarbeit\Audio\transkripte\2023-10-20_2702382.txt
2026-07-12T16:54:05,2701212,https://smotrim.ru/video/2701212,ok,,C:\Users\PeppermintButler\Desktop\Bachelorarbeit\Audio\transkripte\2023-10-20_2701212.txt
2026-07-12T17:03:13,2700824,https://smotrim.ru/video/2700824,ok,,C:\Users\PeppermintButler\Desktop\Bachelorarbeit\Audio\transkripte\2023-10-19_2700824.txt
2026-07-12T17:11:16,2700580,https://smotrim.ru/video/2700580,ok,,C:\Users\PeppermintButler\Desktop\Bachelorarbeit\Audio\transkripte\2023-10-19_2700580.txt
2026-07-12T17:20:11,2700249,https://smotrim.ru/video/2700249,ok,,C:\Users\PeppermintButler\Desktop\Bachelorarbeit\Audio\transkripte\2023-10-18_2700249.txt
2026-07-12T17:29:11,2700031,https://smotrim.ru/video/2700031,ok,,C:\Users\PeppermintButler\Desktop\Bachelorarbeit\Audio\transkripte\2023-10-18_2700031.txt
2026-07-12T17:38:29,2699573,https://smotrim.ru/video/2699573,ok,,C:\Users\PeppermintButler\Desktop\Bachelorarbeit\Audio\transkripte\2023-10-17_2699573.txt
2026-07-12T17:47:29,2699326,https://smotrim.ru/video/2699326,ok,,C:\Users\PeppermintButler\Desktop\Bachelorarbeit\Audio\transkripte\2023-10-17_2699326.txt
2026-07-12T17:55:20,2698951,https://smotrim.ru/video/2698951,ok,,C:\Users\PeppermintButler\Desktop\Bachelorarbeit\Audio\transkripte\2023-10-16_2698951.txt
2026-07-12T18:03:06,2698556,https://smotrim.ru/video/2698556,ok,,C:\Users\PeppermintButler\Desktop\Bachelorarbeit\Audio\transkripte\2023-10-16_2698556.txt
2026-07-12T18:12:32,2697905,https://smotrim.ru/video/2697905,ok,,C:\Users\PeppermintButler\Desktop\Bachelorarbeit\Audio\transkripte\2023-10-13_2697905.txt
2026-07-12T18:21:19,2697663,https://smotrim.ru/video/2697663,ok,,C:\Users\PeppermintButler\Desktop\Bachelorarbeit\Audio\transkripte\2023-10-13_2697663.txt
2026-07-12T18:30:22,2697293,https://smotrim.ru/video/2697293,ok,,C:\Users\PeppermintButler\Desktop\Bachelorarbeit\Audio\transkripte\2023-10-12_2697293.txt
2026-07-12T18:40:30,2697048,https://smotrim.ru/video/2697048,ok,,C:\Users\PeppermintButler\Desktop\Bachelorarbeit\Audio\transkripte\2023-10-12_2697048.txt
2026-07-12T18:49:26,2696616,https://smotrim.ru/video/2696616,ok,,C:\Users\PeppermintButler\Desktop\Bachelorarbeit\Audio\transkripte\2023-10-11_2696616.txt
2026-07-12T18:58:21,2696485,https://smotrim.ru/video/2696485,ok,,C:\Users\PeppermintButler\Desktop\Bachelorarbeit\Audio\transkripte\2023-10-11_2696485.txt
2026-07-12T19:07:48,2696040,https://smotrim.ru/video/2696040,ok,,C:\Users\PeppermintButler\Desktop\Bachelorarbeit\Audio\transkripte\2023-10-10_2696040.txt
2026-07-12T19:17:50,2695811,https://smotrim.ru/video/2695811,ok,,C:\Users\PeppermintButler\Desktop\Bachelorarbeit\Audio\transkripte\2023-10-10_2695811.txt
2026-07-12T19:27:12,2695373,https://smotrim.ru/video/2695373,ok,,C:\Users\PeppermintButler\Desktop\Bachelorarbeit\Audio\transkripte\2023-10-09_2695373.txt
2026-07-12T19:36:17,2695071,https://smotrim.ru/video/2695071,ok,,C:\Users\PeppermintButler\Desktop\Bachelorarbeit\Audio\transkripte\2023-10-09_2695071.txt
2026-07-12T19:44:28,2694246,https://smotrim.ru/video/2694246,ok,,C:\Users\PeppermintButler\Desktop\Bachelorarbeit\Audio\transkripte\2023-10-06_2694246.txt
2026-07-12T19:54:20,2693940,https://smotrim.ru/video/2693940,ok,,C:\Users\PeppermintButler\Desktop\Bachelorarbeit\Audio\transkripte\2023-10-06_2693940.txt
2026-07-12T20:03:48,2693304,https://smotrim.ru/video/2693304,ok,,C:\Users\PeppermintButler\Desktop\Bachelorarbeit\Audio\transkripte\2023-10-05_2693304.txt
2026-07-12T20:13:43,2692906,https://smotrim.ru/video/2692906,ok,,C:\Users\PeppermintButler\Desktop\Bachelorarbeit\Audio\transkripte\2023-10-04_2692906.txt
2026-07-12T20:23:29,2692682,https://smotrim.ru/video/2692682,ok,,C:\Users\PeppermintButler\Desktop\Bachelorarbeit\Audio\transkripte\2023-10-04_2692682.txt
2026-07-12T20:32:10,2692294,https://smotrim.ru/video/2692294,ok,,C:\Users\PeppermintButler\Desktop\Bachelorarbeit\Audio\transkripte\2023-10-03_2692294.txt
2026-07-12T20:41:56,2691955,https://smotrim.ru/video/2691955,ok,,C:\Users\PeppermintButler\Desktop\Bachelorarbeit\Audio\transkripte\2023-10-03_2691955.txt
2026-07-12T20:51:58,2691590,https://smotrim.ru/video/2691590,ok,,C:\Users\PeppermintButler\Desktop\Bachelorarbeit\Audio\transkripte\2023-10-02_2691590.txt
2026-07-12T21:02:03,2691421,https://smotrim.ru/video/2691421,ok,,C:\Users\PeppermintButler\Desktop\Bachelorarbeit\Audio\transkripte\2023-10-02_2691421.txt
2026-07-12T21:11:23,2690318,https://smotrim.ru/video/2690318,ok,,C:\Users\PeppermintButler\Desktop\Bachelorarbeit\Audio\transkripte\2023-09-29_2690318.txt
2026-07-12T21:19:09,2690053,https://smotrim.ru/video/2690053,ok,,C:\Users\PeppermintButler\Desktop\Bachelorarbeit\Audio\transkripte\2023-09-29_2690053.txt
2026-07-12T21:26:44,2689686,https://smotrim.ru/video/2689686,ok,,C:\Users\PeppermintButler\Desktop\Bachelorarbeit\Audio\transkripte\2023-09-28_2689686.txt
2026-07-12T21:36:01,2689313,https://smotrim.ru/video/2689313,ok,,C:\Users\PeppermintButler\Desktop\Bachelorarbeit\Audio\transkripte\2023-09-28_2689313.txt
2026-07-12T21:45:35,2689024,https://smotrim.ru/video/2689024,ok,,C:\Users\PeppermintButler\Desktop\Bachelorarbeit\Audio\transkripte\2023-09-27_2689024.txt
2026-07-12T21:55:12,2688739,https://smotrim.ru/video/2688739,ok,,C:\Users\PeppermintButler\Desktop\Bachelorarbeit\Audio\transkripte\2023-09-27_2688739.txt
2026-07-12T22:04:49,2688295,https://smotrim.ru/video/2688295,ok,,C:\Users\PeppermintButler\Desktop\Bachelorarbeit\Audio\transkripte\2023-09-26_2688295.txt
2026-07-12T22:12:41,2688073,https://smotrim.ru/video/2688073,ok,,C:\Users\PeppermintButler\Desktop\Bachelorarbeit\Audio\transkripte\2023-09-26_2688073.txt
2026-07-12T22:22:33,2687676,https://smotrim.ru/video/2687676,ok,,C:\Users\PeppermintButler\Desktop\Bachelorarbeit\Audio\transkripte\2023-09-25_2687676.txt
2026-07-12T22:30:49,2687441,https://smotrim.ru/video/2687441,ok,,C:\Users\PeppermintButler\Desktop\Bachelorarbeit\Audio\transkripte\2023-09-25_2687441.txt
2026-07-12T22:39:51,2686543,https://smotrim.ru/video/2686543,ok,,C:\Users\PeppermintButler\Desktop\Bachelorarbeit\Audio\transkripte\2023-09-22_2686543.txt
2026-07-12T22:48:53,2686343,https://smotrim.ru/video/2686343,ok,,C:\Users\PeppermintButler\Desktop\Bachelorarbeit\Audio\transkripte\2023-09-22_2686343.txt
2026-07-12T22:57:38,2685894,https://smotrim.ru/video/2685894,ok,,C:\Users\PeppermintButler\Desktop\Bachelorarbeit\Audio\transkripte\2023-09-21_2685894.txt
2026-07-12T23:05:23,2685703,https://smotrim.ru/video/2685703,ok,,C:\Users\PeppermintButler\Desktop\Bachelorarbeit\Audio\transkripte\2023-09-21_2685703.txt
2026-07-12T23:12:57,2685326,https://smotrim.ru/video/2685326,ok,,C:\Users\PeppermintButler\Desktop\Bachelorarbeit\Audio\transkripte\2023-09-20_2685326.txt
2026-07-12T23:21:42,2685087,https://smotrim.ru/video/2685087,ok,,C:\Users\PeppermintButler\Desktop\Bachelorarbeit\Audio\transkripte\2023-09-20_2685087.txt
2026-07-12T23:30:47,2684651,https://smotrim.ru/video/2684651,ok,,C:\Users\PeppermintButler\Desktop\Bachelorarbeit\Audio\transkripte\2023-09-19_2684651.txt
2026-07-12T23:40:51,2684412,https://smotrim.ru/video/2684412,ok,,C:\Users\PeppermintButler\Desktop\Bachelorarbeit\Audio\transkripte\2023-09-19_2684412.txt
2026-07-12T23:50:14,2684040,https://smotrim.ru/video/2684040,ok,,C:\Users\PeppermintButler\Desktop\Bachelorarbeit\Audio\transkripte\2023-09-18_2684040.txt
2026-07-12T23:58:08,2683735,https://smotrim.ru/video/2683735,ok,,C:\Users\PeppermintButler\Desktop\Bachelorarbeit\Audio\transkripte\2023-09-18_2683735.txt
2026-07-13T00:07:22,2682938,https://smotrim.ru/video/2682938,ok,,C:\Users\PeppermintButler\Desktop\Bachelorarbeit\Audio\transkripte\2023-09-15_2682938.txt
2026-07-13T00:16:16,2682639,https://smotrim.ru/video/2682639,ok,,C:\Users\PeppermintButler\Desktop\Bachelorarbeit\Audio\transkripte\2023-09-15_2682639.txt
2026-07-13T00:25:22,2682240,https://smotrim.ru/video/2682240,ok,,C:\Users\PeppermintButler\Desktop\Bachelorarbeit\Audio\transkripte\2023-09-14_2682240.txt
2026-07-13T00:34:44,2682002,https://smotrim.ru/video/2682002,ok,,C:\Users\PeppermintButler\Desktop\Bachelorarbeit\Audio\transkripte\2023-09-14_2682002.txt
2026-07-13T00:42:43,2681620,https://smotrim.ru/video/2681620,ok,,C:\Users\PeppermintButler\Desktop\Bachelorarbeit\Audio\transkripte\2023-09-13_2681620.txt
2026-07-13T00:50:15,2681375,https://smotrim.ru/video/2681375,ok,,C:\Users\PeppermintButler\Desktop\Bachelorarbeit\Audio\transkripte\2023-09-13_2681375.txt
2026-07-13T00:59:07,2680917,https://smotrim.ru/video/2680917,ok,,C:\Users\PeppermintButler\Desktop\Bachelorarbeit\Audio\transkripte\2023-09-12_2680917.txt
2026-07-13T01:08:51,2680664,https://smotrim.ru/video/2680664,ok,,C:\Users\PeppermintButler\Desktop\Bachelorarbeit\Audio\transkripte\2023-09-12_2680664.txt
2026-07-13T01:18:33,2680238,https://smotrim.ru/video/2680238,ok,,C:\Users\PeppermintButler\Desktop\Bachelorarbeit\Audio\transkripte\2023-09-11_2680238.txt
2026-07-13T01:27:09,2680000,https://smotrim.ru/video/2680000,ok,,C:\Users\PeppermintButler\Desktop\Bachelorarbeit\Audio\transkripte\2023-09-11_2680000.txt
2026-07-13T01:34:54,2679127,https://smotrim.ru/video/2679127,ok,,C:\Users\PeppermintButler\Desktop\Bachelorarbeit\Audio\transkripte\2023-09-08_2679127.txt
2026-07-13T01:42:35,2678825,https://smotrim.ru/video/2678825,ok,,C:\Users\PeppermintButler\Desktop\Bachelorarbeit\Audio\transkripte\2023-09-08_2678825.txt
2026-07-13T01:53:35,2678423,https://smotrim.ru/video/2678423,ok,,C:\Users\PeppermintButler\Desktop\Bachelorarbeit\Audio\transkripte\2023-09-07_2678423.txt
2026-07-13T02:01:49,2678049,https://smotrim.ru/video/2678049,ok,,C:\Users\PeppermintButler\Desktop\Bachelorarbeit\Audio\transkripte\2023-09-07_2678049.txt
2026-07-13T02:13:12,2677740,https://smotrim.ru/video/2677740,ok,,C:\Users\PeppermintButler\Desktop\Bachelorarbeit\Audio\transkripte\2023-09-06_2677740.txt
2026-07-13T02:21:36,2677604,https://smotrim.ru/video/2677604,ok,,C:\Users\PeppermintButler\Desktop\Bachelorarbeit\Audio\transkripte\2023-09-06_2677604.txt
2026-07-13T02:29:34,2676998,https://smotrim.ru/video/2676998,ok,,C:\Users\PeppermintButler\Desktop\Bachelorarbeit\Audio\transkripte\2023-09-05_2676998.txt
2026-07-13T02:38:44,2676681,https://smotrim.ru/video/2676681,ok,,C:\Users\PeppermintButler\Desktop\Bachelorarbeit\Audio\transkripte\2023-09-05_2676681.txt
2026-07-13T02:49:18,2676349,https://smotrim.ru/video/2676349,ok,,C:\Users\PeppermintButler\Desktop\Bachelorarbeit\Audio\transkripte\2023-09-04_2676349.txt
2026-07-13T02:59:17,2675973,https://smotrim.ru/video/2675973,ok,,C:\Users\PeppermintButler\Desktop\Bachelorarbeit\Audio\transkripte\2023-09-04_2675973.txt
2026-07-13T03:07:10,2675271,https://smotrim.ru/video/2675271,ok,,C:\Users\PeppermintButler\Desktop\Bachelorarbeit\Audio\transkripte\2023-09-01_2675271.txt
2026-07-13T03:15:00,2674971,https://smotrim.ru/video/2674971,ok,,C:\Users\PeppermintButler\Desktop\Bachelorarbeit\Audio\transkripte\2023-09-01_2674971.txt
2026-07-13T03:24:04,2674560,https://smotrim.ru/video/2674560,ok,,C:\Users\PeppermintButler\Desktop\Bachelorarbeit\Audio\transkripte\2023-08-31_2674560.txt
2026-07-13T03:34:09,2674365,https://smotrim.ru/video/2674365,ok,,C:\Users\PeppermintButler\Desktop\Bachelorarbeit\Audio\transkripte\2023-08-31_2674365.txt
2026-07-13T03:44:26,2673931,https://smotrim.ru/video/2673931,ok,,C:\Users\PeppermintButler\Desktop\Bachelorarbeit\Audio\transkripte\2023-08-30_2673931.txt
2026-07-13T03:53:00,2673739,https://smotrim.ru/video/2673739,ok,,C:\Users\PeppermintButler\Desktop\Bachelorarbeit\Audio\transkripte\2023-08-30_2673739.txt
2026-07-13T04:00:36,2673268,https://smotrim.ru/video/2673268,ok,,C:\Users\PeppermintButler\Desktop\Bachelorarbeit\Audio\transkripte\2023-08-29_2673268.txt
2026-07-13T04:09:49,2673009,https://smotrim.ru/video/2673009,ok,,C:\Users\PeppermintButler\Desktop\Bachelorarbeit\Audio\transkripte\2023-08-29_2673009.txt
2026-07-13T04:19:25,2672613,https://smotrim.ru/video/2672613,ok,,C:\Users\PeppermintButler\Desktop\Bachelorarbeit\Audio\transkripte\2023-08-28_2672613.txt
2026-07-13T04:29:54,2672366,https://smotrim.ru/video/2672366,ok,,C:\Users\PeppermintButler\Desktop\Bachelorarbeit\Audio\transkripte\2023-08-28_2672366.txt
2026-07-13T04:39:44,2671563,https://smotrim.ru/video/2671563,ok,,C:\Users\PeppermintButler\Desktop\Bachelorarbeit\Audio\transkripte\2023-08-25_2671563.txt
2026-07-13T04:47:03,2671324,https://smotrim.ru/video/2671324,ok,,C:\Users\PeppermintButler\Desktop\Bachelorarbeit\Audio\transkripte\2023-08-25_2671324.txt
2026-07-13T04:54:26,2670958,https://smotrim.ru/video/2670958,ok,,C:\Users\PeppermintButler\Desktop\Bachelorarbeit\Audio\transkripte\2023-08-24_2670958.txt
2026-07-13T05:03:21,2670734,https://smotrim.ru/video/2670734,ok,,C:\Users\PeppermintButler\Desktop\Bachelorarbeit\Audio\transkripte\2023-08-24_2670734.txt
2026-07-13T05:13:56,2670395,https://smotrim.ru/video/2670395,ok,,C:\Users\PeppermintButler\Desktop\Bachelorarbeit\Audio\transkripte\2023-08-23_2670395.txt
2026-07-13T05:24:16,2670188,https://smotrim.ru/video/2670188,ok,,C:\Users\PeppermintButler\Desktop\Bachelorarbeit\Audio\transkripte\2023-08-23_2670188.txt
2026-07-13T05:32:20,2669664,https://smotrim.ru/video/2669664,ok,,C:\Users\PeppermintButler\Desktop\Bachelorarbeit\Audio\transkripte\2023-08-22_2669664.txt
2026-07-13T05:40:28,2669438,https://smotrim.ru/video/2669438,ok,,C:\Users\PeppermintButler\Desktop\Bachelorarbeit\Audio\transkripte\2023-08-22_2669438.txt
2026-07-13T05:49:06,2669042,https://smotrim.ru/video/2669042,ok,,C:\Users\PeppermintButler\Desktop\Bachelorarbeit\Audio\transkripte\2023-08-21_2669042.txt
2026-07-13T05:57:12,2668809,https://smotrim.ru/video/2668809,ok,,C:\Users\PeppermintButler\Desktop\Bachelorarbeit\Audio\transkripte\2023-08-21_2668809.txt
2026-07-13T06:06:16,2668080,https://smotrim.ru/video/2668080,ok,,C:\Users\PeppermintButler\Desktop\Bachelorarbeit\Audio\transkripte\2023-08-18_2668080.txt
2026-07-13T06:16:30,2667814,https://smotrim.ru/video/2667814,ok,,C:\Users\PeppermintButler\Desktop\Bachelorarbeit\Audio\transkripte\2023-08-18_2667814.txt
2026-07-13T06:27:04,2667338,https://smotrim.ru/video/2667338,ok,,C:\Users\PeppermintButler\Desktop\Bachelorarbeit\Audio\transkripte\2023-08-17_2667338.txt
2026-07-13T06:35:36,2667117,https://smotrim.ru/video/2667117,ok,,C:\Users\PeppermintButler\Desktop\Bachelorarbeit\Audio\transkripte\2023-08-17_2667117.txt
2026-07-13T06:43:22,2666817,https://smotrim.ru/video/2666817,ok,,C:\Users\PeppermintButler\Desktop\Bachelorarbeit\Audio\transkripte\2023-08-16_2666817.txt
2026-07-13T06:53:42,2666575,https://smotrim.ru/video/2666575,ok,,C:\Users\PeppermintButler\Desktop\Bachelorarbeit\Audio\transkripte\2023-08-16_2666575.txt
2026-07-13T06:54:35,2666003,https://smotrim.ru/video/2666003,ok,,C:\Users\PeppermintButler\Desktop\Bachelorarbeit\Audio\transkripte\2023-08-15_2666003.txt
2026-07-13T07:02:55,2666043,https://smotrim.ru/video/2666043,ok,,C:\Users\PeppermintButler\Desktop\Bachelorarbeit\Audio\transkripte\2023-08-15_2666043.txt
2026-07-13T07:11:00,2665313,https://smotrim.ru/video/2665313,ok,,C:\Users\PeppermintButler\Desktop\Bachelorarbeit\Audio\transkripte\2023-08-14_2665313.txt
2026-07-13T07:21:07,2665122,https://smotrim.ru/video/2665122,ok,,C:\Users\PeppermintButler\Desktop\Bachelorarbeit\Audio\transkripte\2023-08-14_2665122.txt
2026-07-13T07:28:55,2664293,https://smotrim.ru/video/2664293,ok,,C:\Users\PeppermintButler\Desktop\Bachelorarbeit\Audio\transkripte\2023-08-11_2664293.txt
2026-07-13T07:37:48,2664083,https://smotrim.ru/video/2664083,ok,,C:\Users\PeppermintButler\Desktop\Bachelorarbeit\Audio\transkripte\2023-08-11_2664083.txt
2026-07-13T07:46:56,2663733,https://smotrim.ru/video/2663733,ok,,C:\Users\PeppermintButler\Desktop\Bachelorarbeit\Audio\transkripte\2023-08-10_2663733.txt
2026-07-13T07:58:11,2663468,https://smotrim.ru/video/2663468,ok,,C:\Users\PeppermintButler\Desktop\Bachelorarbeit\Audio\transkripte\2023-08-10_2663468.txt
2026-07-13T08:08:46,2663072,https://smotrim.ru/video/2663072,ok,,C:\Users\PeppermintButler\Desktop\Bachelorarbeit\Audio\transkripte\2023-08-09_2663072.txt
2026-07-13T08:17:14,2662892,https://smotrim.ru/video/2662892,ok,,C:\Users\PeppermintButler\Desktop\Bachelorarbeit\Audio\transkripte\2023-08-09_2662892.txt
2026-07-13T08:25:05,2662384,https://smotrim.ru/video/2662384,ok,,C:\Users\PeppermintButler\Desktop\Bachelorarbeit\Audio\transkripte\2023-08-08_2662384.txt
2026-07-13T08:34:38,2662101,https://smotrim.ru/video/2662101,ok,,C:\Users\PeppermintButler\Desktop\Bachelorarbeit\Audio\transkripte\2023-08-08_2662101.txt
2026-07-13T08:44:57,2661702,https://smotrim.ru/video/2661702,ok,,C:\Users\PeppermintButler\Desktop\Bachelorarbeit\Audio\transkripte\2023-08-07_2661702.txt
2026-07-13T08:55:25,2661401,https://smotrim.ru/video/2661401,ok,,C:\Users\PeppermintButler\Desktop\Bachelorarbeit\Audio\transkripte\2023-08-07_2661401.txt
2026-07-13T09:04:29,2660622,https://smotrim.ru/video/2660622,ok,,C:\Users\PeppermintButler\Desktop\Bachelorarbeit\Audio\transkripte\2023-08-04_2660622.txt
2026-07-13T09:12:31,2660356,https://smotrim.ru/video/2660356,ok,,C:\Users\PeppermintButler\Desktop\Bachelorarbeit\Audio\transkripte\2023-08-04_2660356.txt
2026-07-13T09:20:51,2659768,https://smotrim.ru/video/2659768,ok,,C:\Users\PeppermintButler\Desktop\Bachelorarbeit\Audio\transkripte\2023-08-03_2659768.txt
2026-07-13T09:33:10,2659479,https://smotrim.ru/video/2659479,ok,,C:\Users\PeppermintButler\Desktop\Bachelorarbeit\Audio\transkripte\2023-08-03_2659479.txt
2026-07-13T09:43:47,2659102,https://smotrim.ru/video/2659102,ok,,C:\Users\PeppermintButler\Desktop\Bachelorarbeit\Audio\transkripte\2023-08-02_2659102.txt
2026-07-13T09:52:18,2658929,https://smotrim.ru/video/2658929,ok,,C:\Users\PeppermintButler\Desktop\Bachelorarbeit\Audio\transkripte\2023-08-02_2658929.txt
2026-07-13T10:00:43,2658299,https://smotrim.ru/video/2658299,ok,,C:\Users\PeppermintButler\Desktop\Bachelorarbeit\Audio\transkripte\2023-08-01_2658299.txt
2026-07-13T10:08:02,2657945,https://smotrim.ru/video/2657945,ok,,C:\Users\PeppermintButler\Desktop\Bachelorarbeit\Audio\transkripte\2023-08-01_2657945.txt
2026-07-13T10:15:32,2657601,https://smotrim.ru/video/2657601,ok,,C:\Users\PeppermintButler\Desktop\Bachelorarbeit\Audio\transkripte\2023-07-31_2657601.txt
2026-07-13T10:22:44,2657275,https://smotrim.ru/video/2657275,ok,,C:\Users\PeppermintButler\Desktop\Bachelorarbeit\Audio\transkripte\2023-07-31_2657275.txt
2026-07-13T10:29:58,2656526,https://smotrim.ru/video/2656526,ok,,C:\Users\PeppermintButler\Desktop\Bachelorarbeit\Audio\transkripte\2023-07-28_2656526.txt
2026-07-13T10:37:35,2656240,https://smotrim.ru/video/2656240,ok,,C:\Users\PeppermintButler\Desktop\Bachelorarbeit\Audio\transkripte\2023-07-28_2656240.txt
2026-07-13T10:44:47,2655852,https://smotrim.ru/video/2655852,ok,,C:\Users\PeppermintButler\Desktop\Bachelorarbeit\Audio\transkripte\2023-07-27_2655852.txt
2026-07-13T10:52:45,2655620,https://smotrim.ru/video/2655620,ok,,C:\Users\PeppermintButler\Desktop\Bachelorarbeit\Audio\transkripte\2023-07-27_2655620.txt
2026-07-13T11:00:03,2655154,https://smotrim.ru/video/2655154,ok,,C:\Users\PeppermintButler\Desktop\Bachelorarbeit\Audio\transkripte\2023-07-26_2655154.txt
2026-07-13T11:07:33,2654929,https://smotrim.ru/video/2654929,ok,,C:\Users\PeppermintButler\Desktop\Bachelorarbeit\Audio\transkripte\2023-07-26_2654929.txt
2026-07-13T11:14:38,2654254,https://smotrim.ru/video/2654254,ok,,C:\Users\PeppermintButler\Desktop\Bachelorarbeit\Audio\transkripte\2023-07-25_2654254.txt
2026-07-13T11:22:57,2653956,https://smotrim.ru/video/2653956,ok,,C:\Users\PeppermintButler\Desktop\Bachelorarbeit\Audio\transkripte\2023-07-25_2653956.txt
2026-07-13T11:30:46,2653583,https://smotrim.ru/video/2653583,ok,,C:\Users\PeppermintButler\Desktop\Bachelorarbeit\Audio\transkripte\2023-07-24_2653583.txt
2026-07-13T11:37:43,2653303,https://smotrim.ru/video/2653303,ok,,C:\Users\PeppermintButler\Desktop\Bachelorarbeit\Audio\transkripte\2023-07-24_2653303.txt
2026-07-13T11:44:18,2652540,https://smotrim.ru/video/2652540,ok,,C:\Users\PeppermintButler\Desktop\Bachelorarbeit\Audio\transkripte\2023-07-21_2652540.txt
2026-07-13T11:51:19,2652282,https://smotrim.ru/video/2652282,ok,,C:\Users\PeppermintButler\Desktop\Bachelorarbeit\Audio\transkripte\2023-07-21_2652282.txt
2026-07-13T11:58:27,2651899,https://smotrim.ru/video/2651899,ok,,C:\Users\PeppermintButler\Desktop\Bachelorarbeit\Audio\transkripte\2023-07-20_2651899.txt
2026-07-13T12:05:25,2651644,https://smotrim.ru/video/2651644,ok,,C:\Users\PeppermintButler\Desktop\Bachelorarbeit\Audio\transkripte\2023-07-20_2651644.txt
2026-07-13T12:12:42,2651260,https://smotrim.ru/video/2651260,ok,,C:\Users\PeppermintButler\Desktop\Bachelorarbeit\Audio\transkripte\2023-07-19_2651260.txt
2026-07-13T12:19:36,2651060,https://smotrim.ru/video/2651060,ok,,C:\Users\PeppermintButler\Desktop\Bachelorarbeit\Audio\transkripte\2023-07-19_2651060.txt
2026-07-13T12:26:49,2650583,https://smotrim.ru/video/2650583,ok,,C:\Users\PeppermintButler\Desktop\Bachelorarbeit\Audio\transkripte\2023-07-18_2650583.txt
2026-07-13T12:33:45,2650187,https://smotrim.ru/video/2650187,ok,,C:\Users\PeppermintButler\Desktop\Bachelorarbeit\Audio\transkripte\2023-07-18_2650187.txt
2026-07-13T12:41:04,2649910,https://smotrim.ru/video/2649910,ok,,C:\Users\PeppermintButler\Desktop\Bachelorarbeit\Audio\transkripte\2023-07-17_2649910.txt
2026-07-13T12:48:22,2649675,https://smotrim.ru/video/2649675,ok,,C:\Users\PeppermintButler\Desktop\Bachelorarbeit\Audio\transkripte\2023-07-17_2649675.txt
2026-07-13T12:55:01,2648995,https://smotrim.ru/video/2648995,ok,,C:\Users\PeppermintButler\Desktop\Bachelorarbeit\Audio\transkripte\2023-07-14_2648995.txt
2026-07-13T13:02:06,2648785,https://smotrim.ru/video/2648785,ok,,C:\Users\PeppermintButler\Desktop\Bachelorarbeit\Audio\transkripte\2023-07-14_2648785.txt
2026-07-13T13:09:26,2648393,https://smotrim.ru/video/2648393,ok,,C:\Users\PeppermintButler\Desktop\Bachelorarbeit\Audio\transkripte\2023-07-13_2648393.txt
2026-07-13T13:16:36,2648062,https://smotrim.ru/video/2648062,ok,,C:\Users\PeppermintButler\Desktop\Bachelorarbeit\Audio\transkripte\2023-07-13_2648062.txt
2026-07-13T13:24:07,2647767,https://smotrim.ru/video/2647767,ok,,C:\Users\PeppermintButler\Desktop\Bachelorarbeit\Audio\transkripte\2023-07-12_2647767.txt
2026-07-13T13:31:23,2647487,https://smotrim.ru/video/2647487,ok,,C:\Users\PeppermintButler\Desktop\Bachelorarbeit\Audio\transkripte\2023-07-12_2647487.txt
2026-07-13T13:39:23,2647145,https://smotrim.ru/video/2647145,ok,,C:\Users\PeppermintButler\Desktop\Bachelorarbeit\Audio\transkripte\2023-07-11_2647145.txt
2026-07-13T13:46:41,2646878,https://smotrim.ru/video/2646878,ok,,C:\Users\PeppermintButler\Desktop\Bachelorarbeit\Audio\transkripte\2023-07-11_2646878.txt
2026-07-13T13:53:50,2646515,https://smotrim.ru/video/2646515,ok,,C:\Users\PeppermintButler\Desktop\Bachelorarbeit\Audio\transkripte\2023-07-10_2646515.txt
2026-07-13T14:00:53,2646125,https://smotrim.ru/video/2646125,ok,,C:\Users\PeppermintButler\Desktop\Bachelorarbeit\Audio\transkripte\2023-07-10_2646125.txt
2026-07-13T14:07:37,2645458,https://smotrim.ru/video/2645458,ok,,C:\Users\PeppermintButler\Desktop\Bachelorarbeit\Audio\transkripte\2023-07-07_2645458.txt
2026-07-13T14:14:55,2645239,https://smotrim.ru/video/2645239,ok,,C:\Users\PeppermintButler\Desktop\Bachelorarbeit\Audio\transkripte\2023-07-07_2645239.txt
2026-07-13T14:22:02,2644850,https://smotrim.ru/video/2644850,ok,,C:\Users\PeppermintButler\Desktop\Bachelorarbeit\Audio\transkripte\2023-07-06_2644850.txt
2026-07-13T14:29:40,2644582,https://smotrim.ru/video/2644582,ok,,C:\Users\PeppermintButler\Desktop\Bachelorarbeit\Audio\transkripte\2023-07-06_2644582.txt
2026-07-13T14:37:20,2644093,https://smotrim.ru/video/2644093,ok,,C:\Users\PeppermintButler\Desktop\Bachelorarbeit\Audio\transkripte\2023-07-05_2644093.txt
2026-07-13T14:43:09,2643857,https://smotrim.ru/video/2643857,ok,,C:\Users\PeppermintButler\Desktop\Bachelorarbeit\Audio\transkripte\2023-07-05_2643857.txt
2026-07-13T14:49:47,2643505,https://smotrim.ru/video/2643505,ok,,C:\Users\PeppermintButler\Desktop\Bachelorarbeit\Audio\transkripte\2023-07-04_2643505.txt
2026-07-13T14:56:47,2643302,https://smotrim.ru/video/2643302,ok,,C:\Users\PeppermintButler\Desktop\Bachelorarbeit\Audio\transkripte\2023-07-04_2643302.txt
2026-07-13T15:04:16,2642741,https://smotrim.ru/video/2642741,ok,,C:\Users\PeppermintButler\Desktop\Bachelorarbeit\Audio\transkripte\2023-07-03_2642741.txt
2026-07-13T15:11:16,2642652,https://smotrim.ru/video/2642652,ok,,C:\Users\PeppermintButler\Desktop\Bachelorarbeit\Audio\transkripte\2023-07-03_2642652.txt
2026-07-13T15:19:55,2641731,https://smotrim.ru/video/2641731,ok,,C:\Users\PeppermintButler\Desktop\Bachelorarbeit\Audio\transkripte\2023-06-30_2641731.txt
2026-07-13T15:27:30,2641367,https://smotrim.ru/video/2641367,ok,,C:\Users\PeppermintButler\Desktop\Bachelorarbeit\Audio\transkripte\2023-06-30_2641367.txt
2026-07-13T15:34:12,2641051,https://smotrim.ru/video/2641051,ok,,C:\Users\PeppermintButler\Desktop\Bachelorarbeit\Audio\transkripte\2023-06-29_2641051.txt
2026-07-13T15:41:41,2640758,https://smotrim.ru/video/2640758,ok,,C:\Users\PeppermintButler\Desktop\Bachelorarbeit\Audio\transkripte\2023-06-29_2640758.txt
2026-07-13T15:49:01,2640393,https://smotrim.ru/video/2640393,ok,,C:\Users\PeppermintButler\Desktop\Bachelorarbeit\Audio\transkripte\2023-06-28_2640393.txt
2026-07-13T15:56:47,2640110,https://smotrim.ru/video/2640110,ok,,C:\Users\PeppermintButler\Desktop\Bachelorarbeit\Audio\transkripte\2023-06-28_2640110.txt
2026-07-13T16:03:37,2639683,https://smotrim.ru/video/2639683,ok,,C:\Users\PeppermintButler\Desktop\Bachelorarbeit\Audio\transkripte\2023-06-27_2639683.txt
2026-07-13T16:11:06,2639475,https://smotrim.ru/video/2639475,ok,,C:\Users\PeppermintButler\Desktop\Bachelorarbeit\Audio\transkripte\2023-06-27_2639475.txt
2026-07-13T16:17:55,2639027,https://smotrim.ru/video/2639027,ok,,C:\Users\PeppermintButler\Desktop\Bachelorarbeit\Audio\transkripte\2023-06-26_2639027.txt
2026-07-13T16:25:17,2638752,https://smotrim.ru/video/2638752,ok,,C:\Users\PeppermintButler\Desktop\Bachelorarbeit\Audio\transkripte\2023-06-26_2638752.txt
2026-07-13T16:32:45,2637991,https://smotrim.ru/video/2637991,ok,,C:\Users\PeppermintButler\Desktop\Bachelorarbeit\Audio\transkripte\2023-06-23_2637991.txt
2026-07-13T16:41:32,2637742,https://smotrim.ru/video/2637742,ok,,C:\Users\PeppermintButler\Desktop\Bachelorarbeit\Audio\transkripte\2023-06-23_2637742.txt
2026-07-13T16:48:00,2637262,https://smotrim.ru/video/2637262,ok,,C:\Users\PeppermintButler\Desktop\Bachelorarbeit\Audio\transkripte\2023-06-22_2637262.txt
2026-07-13T16:54:17,2636929,https://smotrim.ru/video/2636929,ok,,C:\Users\PeppermintButler\Desktop\Bachelorarbeit\Audio\transkripte\2023-06-22_2636929.txt
2026-07-13T17:02:07,2636576,https://smotrim.ru/video/2636576,ok,,C:\Users\PeppermintButler\Desktop\Bachelorarbeit\Audio\transkripte\2023-06-21_2636576.txt
2026-07-13T17:10:55,2636336,https://smotrim.ru/video/2636336,ok,,C:\Users\PeppermintButler\Desktop\Bachelorarbeit\Audio\transkripte\2023-06-21_2636336.txt
2026-07-13T17:19:51,2635801,https://smotrim.ru/video/2635801,ok,,C:\Users\PeppermintButler\Desktop\Bachelorarbeit\Audio\transkripte\2023-06-20_2635801.txt
2026-07-13T17:28:43,2635538,https://smotrim.ru/video/2635538,ok,,C:\Users\PeppermintButler\Desktop\Bachelorarbeit\Audio\transkripte\2023-06-20_2635538.txt
2026-07-13T17:36:36,2635028,https://smotrim.ru/video/2635028,ok,,C:\Users\PeppermintButler\Desktop\Bachelorarbeit\Audio\transkripte\2023-06-19_2635028.txt
2026-07-13T17:46:58,2634729,https://smotrim.ru/video/2634729,ok,,C:\Users\PeppermintButler\Desktop\Bachelorarbeit\Audio\transkripte\2023-06-19_2634729.txt
2026-07-13T17:57:14,2633887,https://smotrim.ru/video/2633887,ok,,C:\Users\PeppermintButler\Desktop\Bachelorarbeit\Audio\transkripte\2023-06-16_2633887.txt
2026-07-13T18:05:37,2633550,https://smotrim.ru/video/2633550,ok,,C:\Users\PeppermintButler\Desktop\Bachelorarbeit\Audio\transkripte\2023-06-16_2633550.txt
2026-07-13T18:15:01,2633186,https://smotrim.ru/video/2633186,ok,,C:\Users\PeppermintButler\Desktop\Bachelorarbeit\Audio\transkripte\2023-06-15_2633186.txt
2026-07-13T18:24:14,2632935,https://smotrim.ru/video/2632935,ok,,C:\Users\PeppermintButler\Desktop\Bachelorarbeit\Audio\transkripte\2023-06-15_2632935.txt
2026-07-13T18:33:10,2632532,https://smotrim.ru/video/2632532,ok,,C:\Users\PeppermintButler\Desktop\Bachelorarbeit\Audio\transkripte\2023-06-14_2632532.txt
2026-07-13T18:41:34,2632221,https://smotrim.ru/video/2632221,ok,,C:\Users\PeppermintButler\Desktop\Bachelorarbeit\Audio\transkripte\2023-06-14_2632221.txt
2026-07-13T18:52:51,2631782,https://smotrim.ru/video/2631782,ok,,C:\Users\PeppermintButler\Desktop\Bachelorarbeit\Audio\transkripte\2023-06-13_2631782.txt
2026-07-13T19:03:12,2631517,https://smotrim.ru/video/2631517,ok,,C:\Users\PeppermintButler\Desktop\Bachelorarbeit\Audio\transkripte\2023-06-13_2631517.txt
2026-07-13T19:11:00,2630248,https://smotrim.ru/video/2630248,ok,,C:\Users\PeppermintButler\Desktop\Bachelorarbeit\Audio\transkripte\2023-06-09_2630248.txt
2026-07-13T19:20:03,2629972,https://smotrim.ru/video/2629972,ok,,C:\Users\PeppermintButler\Desktop\Bachelorarbeit\Audio\transkripte\2023-06-09_2629972.txt
2026-07-13T19:29:50,2629507,https://smotrim.ru/video/2629507,ok,,C:\Users\PeppermintButler\Desktop\Bachelorarbeit\Audio\transkripte\2023-06-08_2629507.txt
2026-07-13T19:37:53,2629208,https://smotrim.ru/video/2629208,ok,,C:\Users\PeppermintButler\Desktop\Bachelorarbeit\Audio\transkripte\2023-06-08_2629208.txt
2026-07-13T19:46:30,2628829,https://smotrim.ru/video/2628829,ok,,C:\Users\PeppermintButler\Desktop\Bachelorarbeit\Audio\transkripte\2023-06-07_2628829.txt
2026-07-13T19:54:52,2628626,https://smotrim.ru/video/2628626,ok,,C:\Users\PeppermintButler\Desktop\Bachelorarbeit\Audio\transkripte\2023-06-07_2628626.txt
2026-07-13T20:03:10,2628133,https://smotrim.ru/video/2628133,ok,,C:\Users\PeppermintButler\Desktop\Bachelorarbeit\Audio\transkripte\2023-06-06_2628133.txt
2026-07-13T20:11:56,2627861,https://smotrim.ru/video/2627861,ok,,C:\Users\PeppermintButler\Desktop\Bachelorarbeit\Audio\transkripte\2023-06-06_2627861.txt
2026-07-13T20:21:02,2627433,https://smotrim.ru/video/2627433,ok,,C:\Users\PeppermintButler\Desktop\Bachelorarbeit\Audio\transkripte\2023-06-05_2627433.txt
2026-07-13T20:29:57,2627116,https://smotrim.ru/video/2627116,ok,,C:\Users\PeppermintButler\Desktop\Bachelorarbeit\Audio\transkripte\2023-06-05_2627116.txt
2026-07-13T20:39:56,2626214,https://smotrim.ru/video/2626214,ok,,C:\Users\PeppermintButler\Desktop\Bachelorarbeit\Audio\transkripte\2023-06-02_2626214.txt
2026-07-13T20:49:24,2625946,https://smotrim.ru/video/2625946,ok,,C:\Users\PeppermintButler\Desktop\Bachelorarbeit\Audio\transkripte\2023-06-02_2625946.txt
2026-07-13T20:58:33,2625471,https://smotrim.ru/video/2625471,ok,,C:\Users\PeppermintButler\Desktop\Bachelorarbeit\Audio\transkripte\2023-06-01_2625471.txt
2026-07-13T21:08:17,2625137,https://smotrim.ru/video/2625137,ok,,C:\Users\PeppermintButler\Desktop\Bachelorarbeit\Audio\transkripte\2023-06-01_2625137.txt
2026-07-13T21:17:48,2624735,https://smotrim.ru/video/2624735,ok,,C:\Users\PeppermintButler\Desktop\Bachelorarbeit\Audio\transkripte\2023-05-31_2624735.txt
2026-07-13T21:29:07,2624491,https://smotrim.ru/video/2624491,ok,,C:\Users\PeppermintButler\Desktop\Bachelorarbeit\Audio\transkripte\2023-05-31_2624491.txt
2026-07-13T21:40:16,2623893,https://smotrim.ru/video/2623893,ok,,C:\Users\PeppermintButler\Desktop\Bachelorarbeit\Audio\transkripte\2023-05-30_2623893.txt
2026-07-13T21:48:52,2623597,https://smotrim.ru/video/2623597,ok,,C:\Users\PeppermintButler\Desktop\Bachelorarbeit\Audio\transkripte\2023-05-30_2623597.txt
2026-07-13T21:58:58,2623146,https://smotrim.ru/video/2623146,ok,,C:\Users\PeppermintButler\Desktop\Bachelorarbeit\Audio\transkripte\2023-05-29_2623146.txt
2026-07-13T22:07:23,2622850,https://smotrim.ru/video/2622850,ok,,C:\Users\PeppermintButler\Desktop\Bachelorarbeit\Audio\transkripte\2023-05-29_2622850.txt
2026-07-13T22:16:54,2622046,https://smotrim.ru/video/2622046,ok,,C:\Users\PeppermintButler\Desktop\Bachelorarbeit\Audio\transkripte\2023-05-26_2622046.txt
2026-07-13T22:24:55,2621842,https://smotrim.ru/video/2621842,ok,,C:\Users\PeppermintButler\Desktop\Bachelorarbeit\Audio\transkripte\2023-05-26_2621842.txt
2026-07-13T22:34:25,2621204,https://smotrim.ru/video/2621204,ok,,C:\Users\PeppermintButler\Desktop\Bachelorarbeit\Audio\transkripte\2023-05-25_2621204.txt
2026-07-13T22:42:45,2620910,https://smotrim.ru/video/2620910,ok,,C:\Users\PeppermintButler\Desktop\Bachelorarbeit\Audio\transkripte\2023-05-25_2620910.txt
2026-07-13T22:51:57,2620512,https://smotrim.ru/video/2620512,ok,,C:\Users\PeppermintButler\Desktop\Bachelorarbeit\Audio\transkripte\2023-05-24_2620512.txt
2026-07-13T23:00:36,2620192,https://smotrim.ru/video/2620192,ok,,C:\Users\PeppermintButler\Desktop\Bachelorarbeit\Audio\transkripte\2023-05-24_2620192.txt
2026-07-13T23:08:50,2619743,https://smotrim.ru/video/2619743,ok,,C:\Users\PeppermintButler\Desktop\Bachelorarbeit\Audio\transkripte\2023-05-23_2619743.txt
2026-07-13T23:17:32,2619408,https://smotrim.ru/video/2619408,ok,,C:\Users\PeppermintButler\Desktop\Bachelorarbeit\Audio\transkripte\2023-05-23_2619408.txt
2026-07-13T23:28:16,2619020,https://smotrim.ru/video/2619020,ok,,C:\Users\PeppermintButler\Desktop\Bachelorarbeit\Audio\transkripte\2023-05-22_2619020.txt
2026-07-13T23:37:42,2618738,https://smotrim.ru/video/2618738,ok,,C:\Users\PeppermintButler\Desktop\Bachelorarbeit\Audio\transkripte\2023-05-22_2618738.txt
2026-07-13T23:46:56,2617826,https://smotrim.ru/video/2617826,ok,,C:\Users\PeppermintButler\Desktop\Bachelorarbeit\Audio\transkripte\2023-05-19_2617826.txt
2026-07-13T23:56:25,2617563,https://smotrim.ru/video/2617563,ok,,C:\Users\PeppermintButler\Desktop\Bachelorarbeit\Audio\transkripte\2023-05-19_2617563.txt
2026-07-14T00:07:27,2617051,https://smotrim.ru/video/2617051,ok,,C:\Users\PeppermintButler\Desktop\Bachelorarbeit\Audio\transkripte\2023-05-18_2617051.txt
2026-07-14T00:18:03,2616712,https://smotrim.ru/video/2616712,ok,,C:\Users\PeppermintButler\Desktop\Bachelorarbeit\Audio\transkripte\2023-05-18_2616712.txt
2026-07-14T00:27:53,2616288,https://smotrim.ru/video/2616288,ok,,C:\Users\PeppermintButler\Desktop\Bachelorarbeit\Audio\transkripte\2023-05-17_2616288.txt
2026-07-14T00:38:28,2616223,https://smotrim.ru/video/2616223,ok,,C:\Users\PeppermintButler\Desktop\Bachelorarbeit\Audio\transkripte\2023-05-17_2616223.txt
2026-07-14T00:48:57,2615604,https://smotrim.ru/video/2615604,ok,,C:\Users\PeppermintButler\Desktop\Bachelorarbeit\Audio\transkripte\2023-05-16_2615604.txt
2026-07-14T00:59:36,2615227,https://smotrim.ru/video/2615227,ok,,C:\Users\PeppermintButler\Desktop\Bachelorarbeit\Audio\transkripte\2023-05-16_2615227.txt
2026-07-14T01:07:51,2614875,https://smotrim.ru/video/2614875,ok,,C:\Users\PeppermintButler\Desktop\Bachelorarbeit\Audio\transkripte\2023-05-15_2614875.txt
2026-07-14T01:18:40,2614544,https://smotrim.ru/video/2614544,ok,,C:\Users\PeppermintButler\Desktop\Bachelorarbeit\Audio\transkripte\2023-05-15_2614544.txt
2026-07-14T01:27:38,2613653,https://smotrim.ru/video/2613653,ok,,C:\Users\PeppermintButler\Desktop\Bachelorarbeit\Audio\transkripte\2023-05-12_2613653.txt
2026-07-14T01:36:07,2613440,https://smotrim.ru/video/2613440,ok,,C:\Users\PeppermintButler\Desktop\Bachelorarbeit\Audio\transkripte\2023-05-12_2613440.txt
2026-07-14T01:44:47,2613004,https://smotrim.ru/video/2613004,ok,,C:\Users\PeppermintButler\Desktop\Bachelorarbeit\Audio\transkripte\2023-05-11_2613004.txt
2026-07-14T01:53:10,2612706,https://smotrim.ru/video/2612706,ok,,C:\Users\PeppermintButler\Desktop\Bachelorarbeit\Audio\transkripte\2023-05-11_2612706.txt
2026-07-14T02:02:14,2612239,https://smotrim.ru/video/2612239,ok,,C:\Users\PeppermintButler\Desktop\Bachelorarbeit\Audio\transkripte\2023-05-10_2612239.txt
2026-07-14T02:10:13,2611988,https://smotrim.ru/video/2611988,ok,,C:\Users\PeppermintButler\Desktop\Bachelorarbeit\Audio\transkripte\2023-05-10_2611988.txt
2026-07-14T02:21:32,2609889,https://smotrim.ru/video/2609889,ok,,C:\Users\PeppermintButler\Desktop\Bachelorarbeit\Audio\transkripte\2023-05-04_2609889.txt
2026-07-14T02:32:20,2609551,https://smotrim.ru/video/2609551,ok,,C:\Users\PeppermintButler\Desktop\Bachelorarbeit\Audio\transkripte\2023-05-04_2609551.txt
2026-07-14T02:42:04,2609110,https://smotrim.ru/video/2609110,ok,,C:\Users\PeppermintButler\Desktop\Bachelorarbeit\Audio\transkripte\2023-05-03_2609110.txt
2026-07-14T02:50:12,2608870,https://smotrim.ru/video/2608870,ok,,C:\Users\PeppermintButler\Desktop\Bachelorarbeit\Audio\transkripte\2023-05-03_2608870.txt
2026-07-14T02:58:48,2608341,https://smotrim.ru/video/2608341,ok,,C:\Users\PeppermintButler\Desktop\Bachelorarbeit\Audio\transkripte\2023-05-02_2608341.txt
2026-07-14T03:07:57,2608101,https://smotrim.ru/video/2608101,ok,,C:\Users\PeppermintButler\Desktop\Bachelorarbeit\Audio\transkripte\2023-05-02_2608101.txt
2026-07-14T03:16:44,2606907,https://smotrim.ru/video/2606907,ok,,C:\Users\PeppermintButler\Desktop\Bachelorarbeit\Audio\transkripte\2023-04-28_2606907.txt
2026-07-14T03:25:02,2606619,https://smotrim.ru/video/2606619,ok,,C:\Users\PeppermintButler\Desktop\Bachelorarbeit\Audio\transkripte\2023-04-28_2606619.txt
2026-07-14T03:35:58,2606184,https://smotrim.ru/video/2606184,ok,,C:\Users\PeppermintButler\Desktop\Bachelorarbeit\Audio\transkripte\2023-04-27_2606184.txt
2026-07-14T03:45:37,2605926,https://smotrim.ru/video/2605926,ok,,C:\Users\PeppermintButler\Desktop\Bachelorarbeit\Audio\transkripte\2023-04-27_2605926.txt
2026-07-14T03:56:21,2605503,https://smotrim.ru/video/2605503,ok,,C:\Users\PeppermintButler\Desktop\Bachelorarbeit\Audio\transkripte\2023-04-26_2605503.txt
2026-07-14T04:04:51,2605323,https://smotrim.ru/video/2605323,ok,,C:\Users\PeppermintButler\Desktop\Bachelorarbeit\Audio\transkripte\2023-04-26_2605323.txt
2026-07-14T04:13:12,2604666,https://smotrim.ru/video/2604666,ok,,C:\Users\PeppermintButler\Desktop\Bachelorarbeit\Audio\transkripte\2023-04-25_2604666.txt
2026-07-14T04:23:43,2604447,https://smotrim.ru/video/2604447,ok,,C:\Users\PeppermintButler\Desktop\Bachelorarbeit\Audio\transkripte\2023-04-25_2604447.txt
2026-07-14T04:32:20,2603944,https://smotrim.ru/video/2603944,ok,,C:\Users\PeppermintButler\Desktop\Bachelorarbeit\Audio\transkripte\2023-04-24_2603944.txt
2026-07-14T04:40:40,2603634,https://smotrim.ru/video/2603634,ok,,C:\Users\PeppermintButler\Desktop\Bachelorarbeit\Audio\transkripte\2023-04-24_2603634.txt
2026-07-14T04:49:54,2602605,https://smotrim.ru/video/2602605,ok,,C:\Users\PeppermintButler\Desktop\Bachelorarbeit\Audio\transkripte\2023-04-21_2602605.txt
2026-07-14T04:59:40,2602366,https://smotrim.ru/video/2602366,ok,,C:\Users\PeppermintButler\Desktop\Bachelorarbeit\Audio\transkripte\2023-04-21_2602366.txt
2026-07-14T05:07:38,2602028,https://smotrim.ru/video/2602028,ok,,C:\Users\PeppermintButler\Desktop\Bachelorarbeit\Audio\transkripte\2023-04-20_2602028.txt
2026-07-14T05:17:33,2601750,https://smotrim.ru/video/2601750,ok,,C:\Users\PeppermintButler\Desktop\Bachelorarbeit\Audio\transkripte\2023-04-20_2601750.txt
2026-07-14T05:26:48,2601262,https://smotrim.ru/video/2601262,ok,,C:\Users\PeppermintButler\Desktop\Bachelorarbeit\Audio\transkripte\2023-04-19_2601262.txt
2026-07-14T05:36:01,2601009,https://smotrim.ru/video/2601009,ok,,C:\Users\PeppermintButler\Desktop\Bachelorarbeit\Audio\transkripte\2023-04-19_2601009.txt
2026-07-14T05:43:51,2600507,https://smotrim.ru/video/2600507,ok,,C:\Users\PeppermintButler\Desktop\Bachelorarbeit\Audio\transkripte\2023-04-18_2600507.txt
2026-07-14T05:52:23,2600313,https://smotrim.ru/video/2600313,ok,,C:\Users\PeppermintButler\Desktop\Bachelorarbeit\Audio\transkripte\2023-04-18_2600313.txt
2026-07-14T06:02:40,2599790,https://smotrim.ru/video/2599790,ok,,C:\Users\PeppermintButler\Desktop\Bachelorarbeit\Audio\transkripte\2023-04-17_2599790.txt
2026-07-14T06:11:05,2599601,https://smotrim.ru/video/2599601,ok,,C:\Users\PeppermintButler\Desktop\Bachelorarbeit\Audio\transkripte\2023-04-17_2599601.txt
2026-07-14T06:19:34,2598754,https://smotrim.ru/video/2598754,ok,,C:\Users\PeppermintButler\Desktop\Bachelorarbeit\Audio\transkripte\2023-04-14_2598754.txt
2026-07-14T06:30:21,2598329,https://smotrim.ru/video/2598329,ok,,C:\Users\PeppermintButler\Desktop\Bachelorarbeit\Audio\transkripte\2023-04-14_2598329.txt
2026-07-14T06:39:07,2598031,https://smotrim.ru/video/2598031,ok,,C:\Users\PeppermintButler\Desktop\Bachelorarbeit\Audio\transkripte\2023-04-13_2598031.txt
2026-07-14T06:48:08,2597778,https://smotrim.ru/video/2597778,ok,,C:\Users\PeppermintButler\Desktop\Bachelorarbeit\Audio\transkripte\2023-04-13_2597778.txt
2026-07-14T06:56:28,2597305,https://smotrim.ru/video/2597305,ok,,C:\Users\PeppermintButler\Desktop\Bachelorarbeit\Audio\transkripte\2023-04-12_2597305.txt
2026-07-14T07:04:33,2597140,https://smotrim.ru/video/2597140,ok,,C:\Users\PeppermintButler\Desktop\Bachelorarbeit\Audio\transkripte\2023-04-12_2597140.txt
2026-07-14T07:13:34,2596669,https://smotrim.ru/video/2596669,ok,,C:\Users\PeppermintButler\Desktop\Bachelorarbeit\Audio\transkripte\2023-04-11_2596669.txt
2026-07-14T07:21:19,2596163,https://smotrim.ru/video/2596163,ok,,C:\Users\PeppermintButler\Desktop\Bachelorarbeit\Audio\transkripte\2023-04-11_2596163.txt
2026-07-14T07:32:14,2595619,https://smotrim.ru/video/2595619,ok,,C:\Users\PeppermintButler\Desktop\Bachelorarbeit\Audio\transkripte\2023-04-10_2595619.txt
2026-07-14T07:42:38,2595307,https://smotrim.ru/video/2595307,ok,,C:\Users\PeppermintButler\Desktop\Bachelorarbeit\Audio\transkripte\2023-04-10_2595307.txt
2026-07-14T07:53:01,2594447,https://smotrim.ru/video/2594447,ok,,C:\Users\PeppermintButler\Desktop\Bachelorarbeit\Audio\transkripte\2023-04-07_2594447.txt
2026-07-14T08:02:36,2594105,https://smotrim.ru/video/2594105,ok,,C:\Users\PeppermintButler\Desktop\Bachelorarbeit\Audio\transkripte\2023-04-07_2594105.txt
2026-07-14T08:09:54,2593677,https://smotrim.ru/video/2593677,ok,,C:\Users\PeppermintButler\Desktop\Bachelorarbeit\Audio\transkripte\2023-04-06_2593677.txt
2026-07-14T08:17:01,2593412,https://smotrim.ru/video/2593412,ok,,C:\Users\PeppermintButler\Desktop\Bachelorarbeit\Audio\transkripte\2023-04-06_2593412.txt
2026-07-14T08:24:38,2592941,https://smotrim.ru/video/2592941,ok,,C:\Users\PeppermintButler\Desktop\Bachelorarbeit\Audio\transkripte\2023-04-05_2592941.txt
2026-07-14T08:32:06,2592845,https://smotrim.ru/video/2592845,ok,,C:\Users\PeppermintButler\Desktop\Bachelorarbeit\Audio\transkripte\2023-04-05_2592845.txt
2026-07-14T08:39:12,2592195,https://smotrim.ru/video/2592195,ok,,C:\Users\PeppermintButler\Desktop\Bachelorarbeit\Audio\transkripte\2023-04-04_2592195.txt
2026-07-14T08:46:04,2591935,https://smotrim.ru/video/2591935,ok,,C:\Users\PeppermintButler\Desktop\Bachelorarbeit\Audio\transkripte\2023-04-04_2591935.txt
2026-07-14T08:53:22,2591425,https://smotrim.ru/video/2591425,ok,,C:\Users\PeppermintButler\Desktop\Bachelorarbeit\Audio\transkripte\2023-04-03_2591425.txt
2026-07-14T09:01:31,2591091,https://smotrim.ru/video/2591091,ok,,C:\Users\PeppermintButler\Desktop\Bachelorarbeit\Audio\transkripte\2023-04-03_2591091.txt
2026-07-14T09:08:35,2590219,https://smotrim.ru/video/2590219,ok,,C:\Users\PeppermintButler\Desktop\Bachelorarbeit\Audio\transkripte\2023-03-31_2590219.txt
2026-07-14T09:16:18,2590024,https://smotrim.ru/video/2590024,ok,,C:\Users\PeppermintButler\Desktop\Bachelorarbeit\Audio\transkripte\2023-03-31_2590024.txt
2026-07-14T09:23:30,2589488,https://smotrim.ru/video/2589488,ok,,C:\Users\PeppermintButler\Desktop\Bachelorarbeit\Audio\transkripte\2023-03-30_2589488.txt
2026-07-14T09:31:23,2589273,https://smotrim.ru/video/2589273,ok,,C:\Users\PeppermintButler\Desktop\Bachelorarbeit\Audio\transkripte\2023-03-30_2589273.txt
2026-07-14T09:38:39,2588900,https://smotrim.ru/video/2588900,ok,,C:\Users\PeppermintButler\Desktop\Bachelorarbeit\Audio\transkripte\2023-03-29_2588900.txt
2026-07-14T09:45:33,2588691,https://smotrim.ru/video/2588691,ok,,C:\Users\PeppermintButler\Desktop\Bachelorarbeit\Audio\transkripte\2023-03-29_2588691.txt
2026-07-14T09:52:29,2588077,https://smotrim.ru/video/2588077,ok,,C:\Users\PeppermintButler\Desktop\Bachelorarbeit\Audio\transkripte\2023-03-28_2588077.txt
2026-07-14T09:59:41,2587822,https://smotrim.ru/video/2587822,ok,,C:\Users\PeppermintButler\Desktop\Bachelorarbeit\Audio\transkripte\2023-03-28_2587822.txt
2026-07-14T10:07:02,2587333,https://smotrim.ru/video/2587333,ok,,C:\Users\PeppermintButler\Desktop\Bachelorarbeit\Audio\transkripte\2023-03-27_2587333.txt
2026-07-14T10:14:09,2587059,https://smotrim.ru/video/2587059,ok,,C:\Users\PeppermintButler\Desktop\Bachelorarbeit\Audio\transkripte\2023-03-27_2587059.txt
2026-07-14T10:21:02,2586079,https://smotrim.ru/video/2586079,ok,,C:\Users\PeppermintButler\Desktop\Bachelorarbeit\Audio\transkripte\2023-03-24_2586079.txt
2026-07-14T10:28:45,2585814,https://smotrim.ru/video/2585814,ok,,C:\Users\PeppermintButler\Desktop\Bachelorarbeit\Audio\transkripte\2023-03-24_2585814.txt
2026-07-14T10:36:08,2585290,https://smotrim.ru/video/2585290,ok,,C:\Users\PeppermintButler\Desktop\Bachelorarbeit\Audio\transkripte\2023-03-23_2585290.txt
2026-07-14T10:43:19,2585009,https://smotrim.ru/video/2585009,ok,,C:\Users\PeppermintButler\Desktop\Bachelorarbeit\Audio\transkripte\2023-03-23_2585009.txt
2026-07-14T10:50:30,2584550,https://smotrim.ru/video/2584550,ok,,C:\Users\PeppermintButler\Desktop\Bachelorarbeit\Audio\transkripte\2023-03-22_2584550.txt
2026-07-14T10:57:52,2584427,https://smotrim.ru/video/2584427,ok,,C:\Users\PeppermintButler\Desktop\Bachelorarbeit\Audio\transkripte\2023-03-22_2584427.txt
2026-07-14T11:05:27,2583804,https://smotrim.ru/video/2583804,ok,,C:\Users\PeppermintButler\Desktop\Bachelorarbeit\Audio\transkripte\2023-03-21_2583804.txt
2026-07-14T11:12:17,2583510,https://smotrim.ru/video/2583510,ok,,C:\Users\PeppermintButler\Desktop\Bachelorarbeit\Audio\transkripte\2023-03-21_2583510.txt
2026-07-14T11:19:09,2583066,https://smotrim.ru/video/2583066,ok,,C:\Users\PeppermintButler\Desktop\Bachelorarbeit\Audio\transkripte\2023-03-20_2583066.txt
2026-07-14T11:25:57,2582759,https://smotrim.ru/video/2582759,ok,,C:\Users\PeppermintButler\Desktop\Bachelorarbeit\Audio\transkripte\2023-03-20_2582759.txt
2026-07-14T11:33:08,2581970,https://smotrim.ru/video/2581970,ok,,C:\Users\PeppermintButler\Desktop\Bachelorarbeit\Audio\transkripte\2023-03-17_2581970.txt
2026-07-14T11:40:39,2581690,https://smotrim.ru/video/2581690,ok,,C:\Users\PeppermintButler\Desktop\Bachelorarbeit\Audio\transkripte\2023-03-17_2581690.txt
2026-07-14T11:47:19,2581273,https://smotrim.ru/video/2581273,ok,,C:\Users\PeppermintButler\Desktop\Bachelorarbeit\Audio\transkripte\2023-03-16_2581273.txt
2026-07-14T11:54:05,2580964,https://smotrim.ru/video/2580964,ok,,C:\Users\PeppermintButler\Desktop\Bachelorarbeit\Audio\transkripte\2023-03-16_2580964.txt
2026-07-14T12:01:12,2580531,https://smotrim.ru/video/2580531,ok,,C:\Users\PeppermintButler\Desktop\Bachelorarbeit\Audio\transkripte\2023-03-15_2580531.txt
2026-07-14T12:08:45,2580305,https://smotrim.ru/video/2580305,ok,,C:\Users\PeppermintButler\Desktop\Bachelorarbeit\Audio\transkripte\2023-03-15_2580305.txt
2026-07-14T12:16:01,2579756,https://smotrim.ru/video/2579756,ok,,C:\Users\PeppermintButler\Desktop\Bachelorarbeit\Audio\transkripte\2023-03-14_2579756.txt
2026-07-14T12:23:41,2579406,https://smotrim.ru/video/2579406,ok,,C:\Users\PeppermintButler\Desktop\Bachelorarbeit\Audio\transkripte\2023-03-14_2579406.txt
2026-07-14T12:30:44,2579045,https://smotrim.ru/video/2579045,ok,,C:\Users\PeppermintButler\Desktop\Bachelorarbeit\Audio\transkripte\2023-03-13_2579045.txt
2026-07-14T12:38:42,2578643,https://smotrim.ru/video/2578643,ok,,C:\Users\PeppermintButler\Desktop\Bachelorarbeit\Audio\transkripte\2023-03-13_2578643.txt
2026-07-14T12:46:09,2577885,https://smotrim.ru/video/2577885,ok,,C:\Users\PeppermintButler\Desktop\Bachelorarbeit\Audio\transkripte\2023-03-10_2577885.txt
2026-07-14T12:53:37,2577554,https://smotrim.ru/video/2577554,ok,,C:\Users\PeppermintButler\Desktop\Bachelorarbeit\Audio\transkripte\2023-03-10_2577554.txt
2026-07-14T13:01:50,2577147,https://smotrim.ru/video/2577147,ok,,C:\Users\PeppermintButler\Desktop\Bachelorarbeit\Audio\transkripte\2023-03-09_2577147.txt
2026-07-14T13:09:56,2576961,https://smotrim.ru/video/2576961,ok,,C:\Users\PeppermintButler\Desktop\Bachelorarbeit\Audio\transkripte\2023-03-09_2576961.txt
2026-07-14T13:17:42,2576152,https://smotrim.ru/video/2576152,ok,,C:\Users\PeppermintButler\Desktop\Bachelorarbeit\Audio\transkripte\2023-03-07_2576152.txt
2026-07-14T13:25:46,2575890,https://smotrim.ru/video/2575890,ok,,C:\Users\PeppermintButler\Desktop\Bachelorarbeit\Audio\transkripte\2023-03-07_2575890.txt
2026-07-14T13:32:33,2575452,https://smotrim.ru/video/2575452,ok,,C:\Users\PeppermintButler\Desktop\Bachelorarbeit\Audio\transkripte\2023-03-06_2575452.txt
2026-07-14T13:40:28,2575135,https://smotrim.ru/video/2575135,ok,,C:\Users\PeppermintButler\Desktop\Bachelorarbeit\Audio\transkripte\2023-03-06_2575135.txt
2026-07-14T13:49:40,2574296,https://smotrim.ru/video/2574296,ok,,C:\Users\PeppermintButler\Desktop\Bachelorarbeit\Audio\transkripte\2023-03-03_2574296.txt
2026-07-14T13:57:06,2574001,https://smotrim.ru/video/2574001,ok,,C:\Users\PeppermintButler\Desktop\Bachelorarbeit\Audio\transkripte\2023-03-03_2574001.txt
2026-07-14T14:04:35,2573563,https://smotrim.ru/video/2573563,ok,,C:\Users\PeppermintButler\Desktop\Bachelorarbeit\Audio\transkripte\2023-03-02_2573563.txt
2026-07-14T14:12:46,2573272,https://smotrim.ru/video/2573272,ok,,C:\Users\PeppermintButler\Desktop\Bachelorarbeit\Audio\transkripte\2023-03-02_2573272.txt
2026-07-14T14:19:20,2572704,https://smotrim.ru/video/2572704,ok,,C:\Users\PeppermintButler\Desktop\Bachelorarbeit\Audio\transkripte\2023-03-01_2572704.txt
2026-07-14T14:26:29,2572609,https://smotrim.ru/video/2572609,ok,,C:\Users\PeppermintButler\Desktop\Bachelorarbeit\Audio\transkripte\2023-03-01_2572609.txt
2026-07-14T14:34:24,2572069,https://smotrim.ru/video/2572069,ok,,C:\Users\PeppermintButler\Desktop\Bachelorarbeit\Audio\transkripte\2023-02-28_2572069.txt
2026-07-14T14:41:42,2571695,https://smotrim.ru/video/2571695,ok,,C:\Users\PeppermintButler\Desktop\Bachelorarbeit\Audio\transkripte\2023-02-28_2571695.txt
2026-07-14T14:48:45,2571292,https://smotrim.ru/video/2571292,ok,,C:\Users\PeppermintButler\Desktop\Bachelorarbeit\Audio\transkripte\2023-02-27_2571292.txt
2026-07-14T14:55:47,2571063,https://smotrim.ru/video/2571063,ok,,C:\Users\PeppermintButler\Desktop\Bachelorarbeit\Audio\transkripte\2023-02-27_2571063.txt
2026-07-14T15:02:44,2569495,https://smotrim.ru/video/2569495,ok,,C:\Users\PeppermintButler\Desktop\Bachelorarbeit\Audio\transkripte\2023-02-22_2569495.txt
2026-07-14T15:09:42,2569272,https://smotrim.ru/video/2569272,ok,,C:\Users\PeppermintButler\Desktop\Bachelorarbeit\Audio\transkripte\2023-02-22_2569272.txt
2026-07-14T15:16:29,2568826,https://smotrim.ru/video/2568826,ok,,C:\Users\PeppermintButler\Desktop\Bachelorarbeit\Audio\transkripte\2023-02-21_2568826.txt
2026-07-14T15:23:36,2568155,https://smotrim.ru/video/2568155,ok,,C:\Users\PeppermintButler\Desktop\Bachelorarbeit\Audio\transkripte\2023-02-20_2568155.txt
2026-07-14T15:30:58,2567789,https://smotrim.ru/video/2567789,ok,,C:\Users\PeppermintButler\Desktop\Bachelorarbeit\Audio\transkripte\2023-02-20_2567789.txt
2026-07-14T15:38:34,2566827,https://smotrim.ru/video/2566827,ok,,C:\Users\PeppermintButler\Desktop\Bachelorarbeit\Audio\transkripte\2023-02-17_2566827.txt
2026-07-14T15:47:39,2566492,https://smotrim.ru/video/2566492,ok,,C:\Users\PeppermintButler\Desktop\Bachelorarbeit\Audio\transkripte\2023-02-17_2566492.txt
2026-07-14T15:55:20,2566063,https://smotrim.ru/video/2566063,ok,,C:\Users\PeppermintButler\Desktop\Bachelorarbeit\Audio\transkripte\2023-02-16_2566063.txt
2026-07-14T16:02:27,2565734,https://smotrim.ru/video/2565734,ok,,C:\Users\PeppermintButler\Desktop\Bachelorarbeit\Audio\transkripte\2023-02-16_2565734.txt
2026-07-14T16:09:21,2565414,https://smotrim.ru/video/2565414,ok,,C:\Users\PeppermintButler\Desktop\Bachelorarbeit\Audio\transkripte\2023-02-15_2565414.txt
2026-07-14T16:16:10,2565246,https://smotrim.ru/video/2565246,ok,,C:\Users\PeppermintButler\Desktop\Bachelorarbeit\Audio\transkripte\2023-02-15_2565246.txt
2026-07-14T16:23:27,2564565,https://smotrim.ru/video/2564565,ok,,C:\Users\PeppermintButler\Desktop\Bachelorarbeit\Audio\transkripte\2023-02-14_2564565.txt
2026-07-14T16:30:49,2564318,https://smotrim.ru/video/2564318,ok,,C:\Users\PeppermintButler\Desktop\Bachelorarbeit\Audio\transkripte\2023-02-14_2564318.txt
2026-07-14T16:37:50,2563815,https://smotrim.ru/video/2563815,ok,,C:\Users\PeppermintButler\Desktop\Bachelorarbeit\Audio\transkripte\2023-02-13_2563815.txt
2026-07-14T16:44:36,2563491,https://smotrim.ru/video/2563491,ok,,C:\Users\PeppermintButler\Desktop\Bachelorarbeit\Audio\transkripte\2023-02-13_2563491.txt
2026-07-14T16:51:40,2562627,https://smotrim.ru/video/2562627,ok,,C:\Users\PeppermintButler\Desktop\Bachelorarbeit\Audio\transkripte\2023-02-10_2562627.txt
2026-07-14T16:58:31,2562286,https://smotrim.ru/video/2562286,ok,,C:\Users\PeppermintButler\Desktop\Bachelorarbeit\Audio\transkripte\2023-02-10_2562286.txt
2026-07-14T17:05:45,2561903,https://smotrim.ru/video/2561903,ok,,C:\Users\PeppermintButler\Desktop\Bachelorarbeit\Audio\transkripte\2023-02-09_2561903.txt
2026-07-14T17:13:08,2561516,https://smotrim.ru/video/2561516,ok,,C:\Users\PeppermintButler\Desktop\Bachelorarbeit\Audio\transkripte\2023-02-09_2561516.txt
2026-07-14T17:20:36,2561160,https://smotrim.ru/video/2561160,ok,,C:\Users\PeppermintButler\Desktop\Bachelorarbeit\Audio\transkripte\2023-02-08_2561160.txt
2026-07-14T17:28:00,2560903,https://smotrim.ru/video/2560903,ok,,C:\Users\PeppermintButler\Desktop\Bachelorarbeit\Audio\transkripte\2023-02-08_2560903.txt
2026-07-14T17:34:57,2560292,https://smotrim.ru/video/2560292,ok,,C:\Users\PeppermintButler\Desktop\Bachelorarbeit\Audio\transkripte\2023-02-07_2560292.txt
2026-07-14T17:41:55,2560078,https://smotrim.ru/video/2560078,ok,,C:\Users\PeppermintButler\Desktop\Bachelorarbeit\Audio\transkripte\2023-02-07_2560078.txt
2026-07-14T17:49:36,2559608,https://smotrim.ru/video/2559608,ok,,C:\Users\PeppermintButler\Desktop\Bachelorarbeit\Audio\transkripte\2023-02-06_2559608.txt
2026-07-14T17:57:11,2559306,https://smotrim.ru/video/2559306,ok,,C:\Users\PeppermintButler\Desktop\Bachelorarbeit\Audio\transkripte\2023-02-06_2559306.txt
2026-07-14T18:05:10,2558389,https://smotrim.ru/video/2558389,ok,,C:\Users\PeppermintButler\Desktop\Bachelorarbeit\Audio\transkripte\2023-02-03_2558389.txt
2026-07-14T18:13:59,2558115,https://smotrim.ru/video/2558115,ok,,C:\Users\PeppermintButler\Desktop\Bachelorarbeit\Audio\transkripte\2023-02-03_2558115.txt
2026-07-14T18:21:15,2557600,https://smotrim.ru/video/2557600,ok,,C:\Users\PeppermintButler\Desktop\Bachelorarbeit\Audio\transkripte\2023-02-02_2557600.txt
2026-07-14T18:28:23,2557355,https://smotrim.ru/video/2557355,ok,,C:\Users\PeppermintButler\Desktop\Bachelorarbeit\Audio\transkripte\2023-02-02_2557355.txt
2026-07-14T18:35:27,2556806,https://smotrim.ru/video/2556806,ok,,C:\Users\PeppermintButler\Desktop\Bachelorarbeit\Audio\transkripte\2023-02-01_2556806.txt
2026-07-14T18:42:34,2556682,https://smotrim.ru/video/2556682,ok,,C:\Users\PeppermintButler\Desktop\Bachelorarbeit\Audio\transkripte\2023-02-01_2556682.txt
2026-07-14T18:50:02,2556111,https://smotrim.ru/video/2556111,ok,,C:\Users\PeppermintButler\Desktop\Bachelorarbeit\Audio\transkripte\2023-01-31_2556111.txt
2026-07-14T18:58:28,2555792,https://smotrim.ru/video/2555792,ok,,C:\Users\PeppermintButler\Desktop\Bachelorarbeit\Audio\transkripte\2023-01-31_2555792.txt
2026-07-14T19:06:13,2555326,https://smotrim.ru/video/2555326,ok,,C:\Users\PeppermintButler\Desktop\Bachelorarbeit\Audio\transkripte\2023-01-30_2555326.txt
2026-07-14T19:13:25,2555044,https://smotrim.ru/video/2555044,ok,,C:\Users\PeppermintButler\Desktop\Bachelorarbeit\Audio\transkripte\2023-01-30_2555044.txt
2026-07-14T19:21:11,2554159,https://smotrim.ru/video/2554159,ok,,C:\Users\PeppermintButler\Desktop\Bachelorarbeit\Audio\transkripte\2023-01-27_2554159.txt
2026-07-14T19:29:39,2553893,https://smotrim.ru/video/2553893,ok,,C:\Users\PeppermintButler\Desktop\Bachelorarbeit\Audio\transkripte\2023-01-27_2553893.txt
2026-07-14T19:36:54,2553478,https://smotrim.ru/video/2553478,ok,,C:\Users\PeppermintButler\Desktop\Bachelorarbeit\Audio\transkripte\2023-01-26_2553478.txt
2026-07-14T19:44:28,2553157,https://smotrim.ru/video/2553157,ok,,C:\Users\PeppermintButler\Desktop\Bachelorarbeit\Audio\transkripte\2023-01-26_2553157.txt
2026-07-14T19:51:25,2552713,https://smotrim.ru/video/2552713,ok,,C:\Users\PeppermintButler\Desktop\Bachelorarbeit\Audio\transkripte\2023-01-25_2552713.txt
2026-07-14T19:58:28,2552547,https://smotrim.ru/video/2552547,ok,,C:\Users\PeppermintButler\Desktop\Bachelorarbeit\Audio\transkripte\2023-01-25_2552547.txt
2026-07-14T20:06:00,2551834,https://smotrim.ru/video/2551834,ok,,C:\Users\PeppermintButler\Desktop\Bachelorarbeit\Audio\transkripte\2023-01-24_2551834.txt
2026-07-14T20:14:35,2551632,https://smotrim.ru/video/2551632,ok,,C:\Users\PeppermintButler\Desktop\Bachelorarbeit\Audio\transkripte\2023-01-24_2551632.txt
2026-07-14T20:23:01,2551130,https://smotrim.ru/video/2551130,ok,,C:\Users\PeppermintButler\Desktop\Bachelorarbeit\Audio\transkripte\2023-01-23_2551130.txt
2026-07-14T20:31:42,2550778,https://smotrim.ru/video/2550778,ok,,C:\Users\PeppermintButler\Desktop\Bachelorarbeit\Audio\transkripte\2023-01-23_2550778.txt
2026-07-14T20:41:06,2550033,https://smotrim.ru/video/2550033,ok,,C:\Users\PeppermintButler\Desktop\Bachelorarbeit\Audio\transkripte\2023-01-20_2550033.txt
2026-07-14T20:50:21,2549750,https://smotrim.ru/video/2549750,ok,,C:\Users\PeppermintButler\Desktop\Bachelorarbeit\Audio\transkripte\2023-01-20_2549750.txt
2026-07-14T20:59:16,2549303,https://smotrim.ru/video/2549303,ok,,C:\Users\PeppermintButler\Desktop\Bachelorarbeit\Audio\transkripte\2023-01-19_2549303.txt
2026-07-14T21:08:36,2549030,https://smotrim.ru/video/2549030,ok,,C:\Users\PeppermintButler\Desktop\Bachelorarbeit\Audio\transkripte\2023-01-19_2549030.txt
2026-07-14T21:16:19,2548570,https://smotrim.ru/video/2548570,ok,,C:\Users\PeppermintButler\Desktop\Bachelorarbeit\Audio\transkripte\2023-01-18_2548570.txt
2026-07-14T21:25:18,2548390,https://smotrim.ru/video/2548390,ok,,C:\Users\PeppermintButler\Desktop\Bachelorarbeit\Audio\transkripte\2023-01-18_2548390.txt
2026-07-14T21:34:52,2547737,https://smotrim.ru/video/2547737,ok,,C:\Users\PeppermintButler\Desktop\Bachelorarbeit\Audio\transkripte\2023-01-17_2547737.txt
2026-07-14T21:44:40,2547454,https://smotrim.ru/video/2547454,ok,,C:\Users\PeppermintButler\Desktop\Bachelorarbeit\Audio\transkripte\2023-01-17_2547454.txt
2026-07-14T21:55:01,2547032,https://smotrim.ru/video/2547032,ok,,C:\Users\PeppermintButler\Desktop\Bachelorarbeit\Audio\transkripte\2023-01-16_2547032.txt
2026-07-14T22:04:16,2546700,https://smotrim.ru/video/2546700,ok,,C:\Users\PeppermintButler\Desktop\Bachelorarbeit\Audio\transkripte\2023-01-16_2546700.txt
2026-07-14T22:12:25,2546003,https://smotrim.ru/video/2546003,ok,,C:\Users\PeppermintButler\Desktop\Bachelorarbeit\Audio\transkripte\2023-01-13_2546003.txt
2026-07-14T22:20:06,2545749,https://smotrim.ru/video/2545749,ok,,C:\Users\PeppermintButler\Desktop\Bachelorarbeit\Audio\transkripte\2023-01-13_2545749.txt
2026-07-14T22:30:33,2545358,https://smotrim.ru/video/2545358,ok,,C:\Users\PeppermintButler\Desktop\Bachelorarbeit\Audio\transkripte\2023-01-12_2545358.txt
2026-07-14T22:40:54,2545011,https://smotrim.ru/video/2545011,ok,,C:\Users\PeppermintButler\Desktop\Bachelorarbeit\Audio\transkripte\2023-01-12_2545011.txt
2026-07-14T22:51:12,2544616,https://smotrim.ru/video/2544616,ok,,C:\Users\PeppermintButler\Desktop\Bachelorarbeit\Audio\transkripte\2023-01-11_2544616.txt
2026-07-14T23:01:29,2544424,https://smotrim.ru/video/2544424,ok,,C:\Users\PeppermintButler\Desktop\Bachelorarbeit\Audio\transkripte\2023-01-11_2544424.txt
2026-07-14T23:09:13,2543864,https://smotrim.ru/video/2543864,ok,,C:\Users\PeppermintButler\Desktop\Bachelorarbeit\Audio\transkripte\2023-01-10_2543864.txt
2026-07-14T23:18:26,2543523,https://smotrim.ru/video/2543523,ok,,C:\Users\PeppermintButler\Desktop\Bachelorarbeit\Audio\transkripte\2023-01-10_2543523.txt
2026-07-14T23:29:13,2543124,https://smotrim.ru/video/2543124,ok,,C:\Users\PeppermintButler\Desktop\Bachelorarbeit\Audio\transkripte\2023-01-09_2543124.txt
2026-07-14T23:40:42,2542734,https://smotrim.ru/video/2542734,ok,,C:\Users\PeppermintButler\Desktop\Bachelorarbeit\Audio\transkripte\2023-01-09_2542734.txt
2026-07-14T23:47:02,2913744,https://smotrim.ru/video/2913744,ok,,C:\Users\PeppermintButler\Desktop\Bachelorarbeit\Audio\transkripte\2024-12-25_2913744.txt
2026-07-14T23:53:14,2911516,https://smotrim.ru/video/2911516,ok,,C:\Users\PeppermintButler\Desktop\Bachelorarbeit\Audio\transkripte\2024-12-20_2911516.txt
2026-07-14T23:58:14,2911326,https://smotrim.ru/video/2911326,ok,,C:\Users\PeppermintButler\Desktop\Bachelorarbeit\Audio\transkripte\2024-12-20_2911326.txt
2026-07-15T00:05:26,2911030,https://smotrim.ru/video/2911030,ok,,C:\Users\PeppermintButler\Desktop\Bachelorarbeit\Audio\transkripte\2024-12-19_2911030.txt
2026-07-15T00:06:49,2910952,https://smotrim.ru/video/2910952,ok,,C:\Users\PeppermintButler\Desktop\Bachelorarbeit\Audio\transkripte\2024-12-19_2910952.txt
2026-07-15T00:12:58,2910528,https://smotrim.ru/video/2910528,ok,,C:\Users\PeppermintButler\Desktop\Bachelorarbeit\Audio\transkripte\2024-12-18_2910528.txt
2026-07-15T00:18:19,2910344,https://smotrim.ru/video/2910344,ok,,C:\Users\PeppermintButler\Desktop\Bachelorarbeit\Audio\transkripte\2024-12-18_2910344.txt
2026-07-15T00:23:52,2909932,https://smotrim.ru/video/2909932,ok,,C:\Users\PeppermintButler\Desktop\Bachelorarbeit\Audio\transkripte\2024-12-17_2909932.txt
2026-07-15T00:30:13,2909791,https://smotrim.ru/video/2909791,ok,,C:\Users\PeppermintButler\Desktop\Bachelorarbeit\Audio\transkripte\2024-12-17_2909791.txt
2026-07-15T00:35:09,2909432,https://smotrim.ru/video/2909432,ok,,C:\Users\PeppermintButler\Desktop\Bachelorarbeit\Audio\transkripte\2024-12-16_2909432.txt
2026-07-15T00:41:22,2909224,https://smotrim.ru/video/2909224,ok,,C:\Users\PeppermintButler\Desktop\Bachelorarbeit\Audio\transkripte\2024-12-16_2909224.txt
2026-07-15T00:48:00,2908348,https://smotrim.ru/video/2908348,ok,,C:\Users\PeppermintButler\Desktop\Bachelorarbeit\Audio\transkripte\2024-12-13_2908348.txt
2026-07-15T00:53:33,2908080,https://smotrim.ru/video/2908080,ok,,C:\Users\PeppermintButler\Desktop\Bachelorarbeit\Audio\transkripte\2024-12-13_2908080.txt
2026-07-15T00:59:06,2907750,https://smotrim.ru/video/2907750,ok,,C:\Users\PeppermintButler\Desktop\Bachelorarbeit\Audio\transkripte\2024-12-12_2907750.txt
2026-07-15T01:05:34,2907504,https://smotrim.ru/video/2907504,ok,,C:\Users\PeppermintButler\Desktop\Bachelorarbeit\Audio\transkripte\2024-12-12_2907504.txt
2026-07-15T01:10:53,2907201,https://smotrim.ru/video/2907201,ok,,C:\Users\PeppermintButler\Desktop\Bachelorarbeit\Audio\transkripte\2024-12-11_2907201.txt
2026-07-15T01:15:47,2906941,https://smotrim.ru/video/2906941,ok,,C:\Users\PeppermintButler\Desktop\Bachelorarbeit\Audio\transkripte\2024-12-11_2906941.txt
2026-07-15T01:20:35,2906632,https://smotrim.ru/video/2906632,ok,,C:\Users\PeppermintButler\Desktop\Bachelorarbeit\Audio\transkripte\2024-12-10_2906632.txt
2026-07-15T01:25:02,2906328,https://smotrim.ru/video/2906328,ok,,C:\Users\PeppermintButler\Desktop\Bachelorarbeit\Audio\transkripte\2024-12-10_2906328.txt
2026-07-15T01:30:37,2906054,https://smotrim.ru/video/2906054,ok,,C:\Users\PeppermintButler\Desktop\Bachelorarbeit\Audio\transkripte\2024-12-09_2906054.txt
2026-07-15T01:36:27,2905736,https://smotrim.ru/video/2905736,ok,,C:\Users\PeppermintButler\Desktop\Bachelorarbeit\Audio\transkripte\2024-12-09_2905736.txt
2026-07-15T01:41:31,2904950,https://smotrim.ru/video/2904950,ok,,C:\Users\PeppermintButler\Desktop\Bachelorarbeit\Audio\transkripte\2024-12-06_2904950.txt
2026-07-15T01:46:23,2904653,https://smotrim.ru/video/2904653,ok,,C:\Users\PeppermintButler\Desktop\Bachelorarbeit\Audio\transkripte\2024-12-06_2904653.txt
2026-07-15T01:51:48,2904308,https://smotrim.ru/video/2904308,ok,,C:\Users\PeppermintButler\Desktop\Bachelorarbeit\Audio\transkripte\2024-12-05_2904308.txt
2026-07-15T01:56:41,2904047,https://smotrim.ru/video/2904047,ok,,C:\Users\PeppermintButler\Desktop\Bachelorarbeit\Audio\transkripte\2024-12-05_2904047.txt
2026-07-15T02:03:21,2903731,https://smotrim.ru/video/2903731,ok,,C:\Users\PeppermintButler\Desktop\Bachelorarbeit\Audio\transkripte\2024-12-04_2903731.txt
2026-07-15T02:08:25,2903516,https://smotrim.ru/video/2903516,ok,,C:\Users\PeppermintButler\Desktop\Bachelorarbeit\Audio\transkripte\2024-12-04_2903516.txt
2026-07-15T02:13:31,2903224,https://smotrim.ru/video/2903224,ok,,C:\Users\PeppermintButler\Desktop\Bachelorarbeit\Audio\transkripte\2024-12-03_2903224.txt
2026-07-15T02:18:27,2902985,https://smotrim.ru/video/2902985,ok,,C:\Users\PeppermintButler\Desktop\Bachelorarbeit\Audio\transkripte\2024-12-03_2902985.txt
2026-07-15T02:23:31,2902659,https://smotrim.ru/video/2902659,ok,,C:\Users\PeppermintButler\Desktop\Bachelorarbeit\Audio\transkripte\2024-12-02_2902659.txt
2026-07-15T02:27:51,2902414,https://smotrim.ru/video/2902414,ok,,C:\Users\PeppermintButler\Desktop\Bachelorarbeit\Audio\transkripte\2024-12-02_2902414.txt
2026-07-15T02:34:06,2901647,https://smotrim.ru/video/2901647,ok,,C:\Users\PeppermintButler\Desktop\Bachelorarbeit\Audio\transkripte\2024-11-29_2901647.txt
2026-07-15T02:40:04,2901424,https://smotrim.ru/video/2901424,ok,,C:\Users\PeppermintButler\Desktop\Bachelorarbeit\Audio\transkripte\2024-11-29_2901424.txt
2026-07-15T02:45:37,2901127,https://smotrim.ru/video/2901127,ok,,C:\Users\PeppermintButler\Desktop\Bachelorarbeit\Audio\transkripte\2024-11-28_2901127.txt
2026-07-15T02:51:58,2900876,https://smotrim.ru/video/2900876,ok,,C:\Users\PeppermintButler\Desktop\Bachelorarbeit\Audio\transkripte\2024-11-28_2900876.txt
2026-07-15T02:56:52,2900573,https://smotrim.ru/video/2900573,ok,,C:\Users\PeppermintButler\Desktop\Bachelorarbeit\Audio\transkripte\2024-11-27_2900573.txt
2026-07-15T03:03:14,2900297,https://smotrim.ru/video/2900297,ok,,C:\Users\PeppermintButler\Desktop\Bachelorarbeit\Audio\transkripte\2024-11-27_2900297.txt
2026-07-15T03:08:25,2899927,https://smotrim.ru/video/2899927,ok,,C:\Users\PeppermintButler\Desktop\Bachelorarbeit\Audio\transkripte\2024-11-26_2899927.txt
2026-07-15T03:13:27,2899676,https://smotrim.ru/video/2899676,ok,,C:\Users\PeppermintButler\Desktop\Bachelorarbeit\Audio\transkripte\2024-11-26_2899676.txt
2026-07-15T03:18:39,2899352,https://smotrim.ru/video/2899352,ok,,C:\Users\PeppermintButler\Desktop\Bachelorarbeit\Audio\transkripte\2024-11-25_2899352.txt
2026-07-15T03:23:26,2899118,https://smotrim.ru/video/2899118,ok,,C:\Users\PeppermintButler\Desktop\Bachelorarbeit\Audio\transkripte\2024-11-25_2899118.txt
2026-07-15T03:30:01,2898326,https://smotrim.ru/video/2898326,ok,,C:\Users\PeppermintButler\Desktop\Bachelorarbeit\Audio\transkripte\2024-11-22_2898326.txt
2026-07-15T03:35:22,2898077,https://smotrim.ru/video/2898077,ok,,C:\Users\PeppermintButler\Desktop\Bachelorarbeit\Audio\transkripte\2024-11-22_2898077.txt
2026-07-15T03:40:21,2897746,https://smotrim.ru/video/2897746,ok,,C:\Users\PeppermintButler\Desktop\Bachelorarbeit\Audio\transkripte\2024-11-21_2897746.txt
2026-07-15T03:45:26,2897565,https://smotrim.ru/video/2897565,ok,,C:\Users\PeppermintButler\Desktop\Bachelorarbeit\Audio\transkripte\2024-11-21_2897565.txt
2026-07-15T03:50:55,2897201,https://smotrim.ru/video/2897201,ok,,C:\Users\PeppermintButler\Desktop\Bachelorarbeit\Audio\transkripte\2024-11-20_2897201.txt
2026-07-15T03:56:09,2896983,https://smotrim.ru/video/2896983,ok,,C:\Users\PeppermintButler\Desktop\Bachelorarbeit\Audio\transkripte\2024-11-20_2896983.txt
2026-07-15T04:01:09,2896660,https://smotrim.ru/video/2896660,ok,,C:\Users\PeppermintButler\Desktop\Bachelorarbeit\Audio\transkripte\2024-11-19_2896660.txt
2026-07-15T04:07:22,2896407,https://smotrim.ru/video/2896407,ok,,C:\Users\PeppermintButler\Desktop\Bachelorarbeit\Audio\transkripte\2024-11-19_2896407.txt
2026-07-15T04:12:44,2896073,https://smotrim.ru/video/2896073,ok,,C:\Users\PeppermintButler\Desktop\Bachelorarbeit\Audio\transkripte\2024-11-18_2896073.txt
2026-07-15T04:17:56,2895828,https://smotrim.ru/video/2895828,ok,,C:\Users\PeppermintButler\Desktop\Bachelorarbeit\Audio\transkripte\2024-11-18_2895828.txt
2026-07-15T04:24:35,3063987,https://smotrim.ru/video/3063987,ok,,C:\Users\PeppermintButler\Desktop\Bachelorarbeit\Audio\transkripte\2025-12-26_3063987.txt
2026-07-15T04:30:29,3063973,https://smotrim.ru/video/3063973,ok,,C:\Users\PeppermintButler\Desktop\Bachelorarbeit\Audio\transkripte\2025-12-26_3063973.txt
2026-07-15T04:38:53,3063542,https://smotrim.ru/video/3063542,ok,,C:\Users\PeppermintButler\Desktop\Bachelorarbeit\Audio\transkripte\2025-12-25_3063542.txt
2026-07-15T04:45:35,3063061,https://smotrim.ru/video/3063061,ok,,C:\Users\PeppermintButler\Desktop\Bachelorarbeit\Audio\transkripte\2025-12-24_3063061.txt
2026-07-15T04:52:12,3062936,https://smotrim.ru/video/3062936,ok,,C:\Users\PeppermintButler\Desktop\Bachelorarbeit\Audio\transkripte\2025-12-24_3062936.txt
2026-07-15T05:00:47,3062633,https://smotrim.ru/video/3062633,ok,,C:\Users\PeppermintButler\Desktop\Bachelorarbeit\Audio\transkripte\2025-12-23_3062633.txt
2026-07-15T05:07:21,3062496,https://smotrim.ru/video/3062496,ok,,C:\Users\PeppermintButler\Desktop\Bachelorarbeit\Audio\transkripte\2025-12-23_3062496.txt
2026-07-15T05:13:48,3062179,https://smotrim.ru/video/3062179,ok,,C:\Users\PeppermintButler\Desktop\Bachelorarbeit\Audio\transkripte\2025-12-22_3062179.txt
2026-07-15T05:20:09,3062044,https://smotrim.ru/video/3062044,ok,,C:\Users\PeppermintButler\Desktop\Bachelorarbeit\Audio\transkripte\2025-12-22_3062044.txt
2026-07-15T05:27:05,3061297,https://smotrim.ru/video/3061297,ok,,C:\Users\PeppermintButler\Desktop\Bachelorarbeit\Audio\transkripte\2025-12-19_3061297.txt
2026-07-15T05:28:45,3061255,https://smotrim.ru/video/3061255,ok,,C:\Users\PeppermintButler\Desktop\Bachelorarbeit\Audio\transkripte\2025-12-19_3061255.txt
2026-07-15T05:35:30,3060847,https://smotrim.ru/video/3060847,ok,,C:\Users\PeppermintButler\Desktop\Bachelorarbeit\Audio\transkripte\2025-12-18_3060847.txt
2026-07-15T05:42:14,3060767,https://smotrim.ru/video/3060767,ok,,C:\Users\PeppermintButler\Desktop\Bachelorarbeit\Audio\transkripte\2025-12-18_3060767.txt
2026-07-15T05:49:19,3060437,https://smotrim.ru/video/3060437,ok,,C:\Users\PeppermintButler\Desktop\Bachelorarbeit\Audio\transkripte\2025-12-17_3060437.txt
2026-07-15T05:57:27,3060246,https://smotrim.ru/video/3060246,ok,,C:\Users\PeppermintButler\Desktop\Bachelorarbeit\Audio\transkripte\2025-12-17_3060246.txt
2026-07-15T06:05:05,3059948,https://smotrim.ru/video/3059948,ok,,C:\Users\PeppermintButler\Desktop\Bachelorarbeit\Audio\transkripte\2025-12-16_3059948.txt
2026-07-15T06:12:02,3059679,https://smotrim.ru/video/3059679,ok,,C:\Users\PeppermintButler\Desktop\Bachelorarbeit\Audio\transkripte\2025-12-16_3059679.txt
2026-07-15T06:18:49,3059339,https://smotrim.ru/video/3059339,ok,,C:\Users\PeppermintButler\Desktop\Bachelorarbeit\Audio\transkripte\2025-12-15_3059339.txt
2026-07-15T06:25:52,3059117,https://smotrim.ru/video/3059117,ok,,C:\Users\PeppermintButler\Desktop\Bachelorarbeit\Audio\transkripte\2025-12-15_3059117.txt
2026-07-15T06:35:12,3058427,https://smotrim.ru/video/3058427,ok,,C:\Users\PeppermintButler\Desktop\Bachelorarbeit\Audio\transkripte\2025-12-12_3058427.txt
2026-07-15T06:41:49,3058167,https://smotrim.ru/video/3058167,ok,,C:\Users\PeppermintButler\Desktop\Bachelorarbeit\Audio\transkripte\2025-12-12_3058167.txt
2026-07-15T06:48:24,3057874,https://smotrim.ru/video/3057874,ok,,C:\Users\PeppermintButler\Desktop\Bachelorarbeit\Audio\transkripte\2025-12-11_3057874.txt
2026-07-15T06:55:48,3057742,https://smotrim.ru/video/3057742,ok,,C:\Users\PeppermintButler\Desktop\Bachelorarbeit\Audio\transkripte\2025-12-11_3057742.txt
2026-07-15T07:02:29,3057463,https://smotrim.ru/video/3057463,ok,,C:\Users\PeppermintButler\Desktop\Bachelorarbeit\Audio\transkripte\2025-12-10_3057463.txt
2026-07-15T07:09:58,3057286,https://smotrim.ru/video/3057286,ok,,C:\Users\PeppermintButler\Desktop\Bachelorarbeit\Audio\transkripte\2025-12-10_3057286.txt
2026-07-15T07:17:52,3056972,https://smotrim.ru/video/3056972,ok,,C:\Users\PeppermintButler\Desktop\Bachelorarbeit\Audio\transkripte\2025-12-09_3056972.txt
2026-07-15T07:26:25,3056841,https://smotrim.ru/video/3056841,ok,,C:\Users\PeppermintButler\Desktop\Bachelorarbeit\Audio\transkripte\2025-12-09_3056841.txt
2026-07-15T07:33:07,3056488,https://smotrim.ru/video/3056488,ok,,C:\Users\PeppermintButler\Desktop\Bachelorarbeit\Audio\transkripte\2025-12-08_3056488.txt
2026-07-15T07:40:13,3056354,https://smotrim.ru/video/3056354,ok,,C:\Users\PeppermintButler\Desktop\Bachelorarbeit\Audio\transkripte\2025-12-08_3056354.txt
2026-07-15T07:47:04,3055606,https://smotrim.ru/video/3055606,ok,,C:\Users\PeppermintButler\Desktop\Bachelorarbeit\Audio\transkripte\2025-12-05_3055606.txt
2026-07-15T07:55:05,3055398,https://smotrim.ru/video/3055398,ok,,C:\Users\PeppermintButler\Desktop\Bachelorarbeit\Audio\transkripte\2025-12-05_3055398.txt
2026-07-15T08:02:33,3055059,https://smotrim.ru/video/3055059,ok,,C:\Users\PeppermintButler\Desktop\Bachelorarbeit\Audio\transkripte\2025-12-04_3055059.txt
2026-07-15T08:11:33,3054958,https://smotrim.ru/video/3054958,ok,,C:\Users\PeppermintButler\Desktop\Bachelorarbeit\Audio\transkripte\2025-12-04_3054958.txt
2026-07-15T08:18:29,3054644,https://smotrim.ru/video/3054644,ok,,C:\Users\PeppermintButler\Desktop\Bachelorarbeit\Audio\transkripte\2025-12-03_3054644.txt
2026-07-15T08:25:37,3054558,https://smotrim.ru/video/3054558,ok,,C:\Users\PeppermintButler\Desktop\Bachelorarbeit\Audio\transkripte\2025-12-03_3054558.txt
2026-07-15T08:33:21,3054140,https://smotrim.ru/video/3054140,ok,,C:\Users\PeppermintButler\Desktop\Bachelorarbeit\Audio\transkripte\2025-12-02_3054140.txt
2026-07-15T08:40:14,3054023,https://smotrim.ru/video/3054023,ok,,C:\Users\PeppermintButler\Desktop\Bachelorarbeit\Audio\transkripte\2025-12-02_3054023.txt
2026-07-15T08:48:22,3053681,https://smotrim.ru/video/3053681,ok,,C:\Users\PeppermintButler\Desktop\Bachelorarbeit\Audio\transkripte\2025-12-01_3053681.txt
2026-07-15T08:56:15,3053590,https://smotrim.ru/video/3053590,ok,,C:\Users\PeppermintButler\Desktop\Bachelorarbeit\Audio\transkripte\2025-12-01_3053590.txt
2026-07-15T09:03:22,3052724,https://smotrim.ru/video/3052724,ok,,C:\Users\PeppermintButler\Desktop\Bachelorarbeit\Audio\transkripte\2025-11-28_3052724.txt
2026-07-15T09:11:08,3052580,https://smotrim.ru/video/3052580,ok,,C:\Users\PeppermintButler\Desktop\Bachelorarbeit\Audio\transkripte\2025-11-28_3052580.txt
2026-07-15T09:17:49,3052215,https://smotrim.ru/video/3052215,ok,,C:\Users\PeppermintButler\Desktop\Bachelorarbeit\Audio\transkripte\2025-11-27_3052215.txt
2026-07-15T09:24:57,3052051,https://smotrim.ru/video/3052051,ok,,C:\Users\PeppermintButler\Desktop\Bachelorarbeit\Audio\transkripte\2025-11-27_3052051.txt
2026-07-15T09:31:25,3051690,https://smotrim.ru/video/3051690,ok,,C:\Users\PeppermintButler\Desktop\Bachelorarbeit\Audio\transkripte\2025-11-26_3051690.txt
2026-07-15T09:38:25,3051534,https://smotrim.ru/video/3051534,ok,,C:\Users\PeppermintButler\Desktop\Bachelorarbeit\Audio\transkripte\2025-11-26_3051534.txt
2026-07-15T09:44:52,3051226,https://smotrim.ru/video/3051226,ok,,C:\Users\PeppermintButler\Desktop\Bachelorarbeit\Audio\transkripte\2025-11-25_3051226.txt
2026-07-15T09:53:05,3051004,https://smotrim.ru/video/3051004,ok,,C:\Users\PeppermintButler\Desktop\Bachelorarbeit\Audio\transkripte\2025-11-25_3051004.txt
2026-07-15T09:59:58,3050686,https://smotrim.ru/video/3050686,ok,,C:\Users\PeppermintButler\Desktop\Bachelorarbeit\Audio\transkripte\2025-11-24_3050686.txt
2026-07-15T10:07:23,3050526,https://smotrim.ru/video/3050526,ok,,C:\Users\PeppermintButler\Desktop\Bachelorarbeit\Audio\transkripte\2025-11-24_3050526.txt
2026-07-15T10:14:34,3049770,https://smotrim.ru/video/3049770,ok,,C:\Users\PeppermintButler\Desktop\Bachelorarbeit\Audio\transkripte\2025-11-21_3049770.txt
2026-07-15T10:21:19,3049603,https://smotrim.ru/video/3049603,ok,,C:\Users\PeppermintButler\Desktop\Bachelorarbeit\Audio\transkripte\2025-11-21_3049603.txt
2026-07-15T10:28:16,3049240,https://smotrim.ru/video/3049240,ok,,C:\Users\PeppermintButler\Desktop\Bachelorarbeit\Audio\transkripte\2025-11-20_3049240.txt
2026-07-15T10:35:05,3049082,https://smotrim.ru/video/3049082,ok,,C:\Users\PeppermintButler\Desktop\Bachelorarbeit\Audio\transkripte\2025-11-20_3049082.txt
2026-07-15T10:41:41,3048777,https://smotrim.ru/video/3048777,ok,,C:\Users\PeppermintButler\Desktop\Bachelorarbeit\Audio\transkripte\2025-11-19_3048777.txt
2026-07-15T10:48:45,3048648,https://smotrim.ru/video/3048648,ok,,C:\Users\PeppermintButler\Desktop\Bachelorarbeit\Audio\transkripte\2025-11-19_3048648.txt
2026-07-15T10:55:31,3048240,https://smotrim.ru/video/3048240,ok,,C:\Users\PeppermintButler\Desktop\Bachelorarbeit\Audio\transkripte\2025-11-18_3048240.txt
2026-07-15T11:03:38,3048145,https://smotrim.ru/video/3048145,ok,,C:\Users\PeppermintButler\Desktop\Bachelorarbeit\Audio\transkripte\2025-11-18_3048145.txt
2026-07-15T11:12:01,3047799,https://smotrim.ru/video/3047799,ok,,C:\Users\PeppermintButler\Desktop\Bachelorarbeit\Audio\transkripte\2025-11-17_3047799.txt
2026-07-15T11:19:09,3047649,https://smotrim.ru/video/3047649,ok,,C:\Users\PeppermintButler\Desktop\Bachelorarbeit\Audio\transkripte\2025-11-17_3047649.txt
2026-07-15T11:26:59,3046872,https://smotrim.ru/video/3046872,ok,,C:\Users\PeppermintButler\Desktop\Bachelorarbeit\Audio\transkripte\2025-11-14_3046872.txt
2026-07-15T11:33:44,3046712,https://smotrim.ru/video/3046712,ok,,C:\Users\PeppermintButler\Desktop\Bachelorarbeit\Audio\transkripte\2025-11-14_3046712.txt
2026-07-15T11:39:52,3046339,https://smotrim.ru/video/3046339,ok,,C:\Users\PeppermintButler\Desktop\Bachelorarbeit\Audio\transkripte\2025-11-13_3046339.txt
2026-07-15T11:48:15,3046236,https://smotrim.ru/video/3046236,ok,,C:\Users\PeppermintButler\Desktop\Bachelorarbeit\Audio\transkripte\2025-11-13_3046236.txt
2026-07-15T11:55:07,3045916,https://smotrim.ru/video/3045916,ok,,C:\Users\PeppermintButler\Desktop\Bachelorarbeit\Audio\transkripte\2025-11-12_3045916.txt
2026-07-15T12:03:42,3045776,https://smotrim.ru/video/3045776,ok,,C:\Users\PeppermintButler\Desktop\Bachelorarbeit\Audio\transkripte\2025-11-12_3045776.txt
2026-07-15T12:11:10,3045425,https://smotrim.ru/video/3045425,ok,,C:\Users\PeppermintButler\Desktop\Bachelorarbeit\Audio\transkripte\2025-11-11_3045425.txt
2026-07-15T12:17:41,3045348,https://smotrim.ru/video/3045348,ok,,C:\Users\PeppermintButler\Desktop\Bachelorarbeit\Audio\transkripte\2025-11-11_3045348.txt
2026-07-15T12:25:33,3044913,https://smotrim.ru/video/3044913,ok,,C:\Users\PeppermintButler\Desktop\Bachelorarbeit\Audio\transkripte\2025-11-10_3044913.txt
2026-07-15T12:32:15,3044787,https://smotrim.ru/video/3044787,ok,,C:\Users\PeppermintButler\Desktop\Bachelorarbeit\Audio\transkripte\2025-11-10_3044787.txt
2026-07-15T12:39:12,3044020,https://smotrim.ru/video/3044020,ok,,C:\Users\PeppermintButler\Desktop\Bachelorarbeit\Audio\transkripte\2025-11-07_3044020.txt
2026-07-15T12:46:18,3043856,https://smotrim.ru/video/3043856,ok,,C:\Users\PeppermintButler\Desktop\Bachelorarbeit\Audio\transkripte\2025-11-07_3043856.txt
2026-07-15T12:53:04,3043517,https://smotrim.ru/video/3043517,ok,,C:\Users\PeppermintButler\Desktop\Bachelorarbeit\Audio\transkripte\2025-11-06_3043517.txt
2026-07-15T13:00:02,3043338,https://smotrim.ru/video/3043338,ok,,C:\Users\PeppermintButler\Desktop\Bachelorarbeit\Audio\transkripte\2025-11-06_3043338.txt
2026-07-15T13:07:04,3043034,https://smotrim.ru/video/3043034,ok,,C:\Users\PeppermintButler\Desktop\Bachelorarbeit\Audio\transkripte\2025-11-05_3043034.txt
2026-07-15T13:15:46,3042905,https://smotrim.ru/video/3042905,ok,,C:\Users\PeppermintButler\Desktop\Bachelorarbeit\Audio\transkripte\2025-11-05_3042905.txt
2026-07-15T13:24:28,3041453,https://smotrim.ru/video/3041453,ok,,C:\Users\PeppermintButler\Desktop\Bachelorarbeit\Audio\transkripte\2025-10-31_3041453.txt
2026-07-15T13:31:16,3041263,https://smotrim.ru/video/3041263,ok,,C:\Users\PeppermintButler\Desktop\Bachelorarbeit\Audio\transkripte\2025-10-31_3041263.txt
2026-07-15T13:37:39,3040934,https://smotrim.ru/video/3040934,ok,,C:\Users\PeppermintButler\Desktop\Bachelorarbeit\Audio\transkripte\2025-10-30_3040934.txt
2026-07-15T13:43:49,3040816,https://smotrim.ru/video/3040816,ok,,C:\Users\PeppermintButler\Desktop\Bachelorarbeit\Audio\transkripte\2025-10-30_3040816.txt
2026-07-15T13:51:01,3040452,https://smotrim.ru/video/3040452,ok,,C:\Users\PeppermintButler\Desktop\Bachelorarbeit\Audio\transkripte\2025-10-29_3040452.txt
2026-07-15T13:59:25,3040280,https://smotrim.ru/video/3040280,ok,,C:\Users\PeppermintButler\Desktop\Bachelorarbeit\Audio\transkripte\2025-10-29_3040280.txt
2026-07-15T14:07:36,3039992,https://smotrim.ru/video/3039992,ok,,C:\Users\PeppermintButler\Desktop\Bachelorarbeit\Audio\transkripte\2025-10-28_3039992.txt
2026-07-15T14:15:06,3039833,https://smotrim.ru/video/3039833,ok,,C:\Users\PeppermintButler\Desktop\Bachelorarbeit\Audio\transkripte\2025-10-28_3039833.txt
2026-07-15T14:22:16,3039521,https://smotrim.ru/video/3039521,ok,,C:\Users\PeppermintButler\Desktop\Bachelorarbeit\Audio\transkripte\2025-10-27_3039521.txt
2026-07-15T14:28:49,3039354,https://smotrim.ru/video/3039354,ok,,C:\Users\PeppermintButler\Desktop\Bachelorarbeit\Audio\transkripte\2025-10-27_3039354.txt
2026-07-15T14:38:01,3038519,https://smotrim.ru/video/3038519,ok,,C:\Users\PeppermintButler\Desktop\Bachelorarbeit\Audio\transkripte\2025-10-24_3038519.txt
2026-07-15T14:46:10,3038405,https://smotrim.ru/video/3038405,ok,,C:\Users\PeppermintButler\Desktop\Bachelorarbeit\Audio\transkripte\2025-10-24_3038405.txt
2026-07-15T14:53:20,3038057,https://smotrim.ru/video/3038057,ok,,C:\Users\PeppermintButler\Desktop\Bachelorarbeit\Audio\transkripte\2025-10-23_3038057.txt
2026-07-15T15:00:00,3037943,https://smotrim.ru/video/3037943,ok,,C:\Users\PeppermintButler\Desktop\Bachelorarbeit\Audio\transkripte\2025-10-23_3037943.txt
2026-07-15T15:08:22,3037574,https://smotrim.ru/video/3037574,ok,,C:\Users\PeppermintButler\Desktop\Bachelorarbeit\Audio\transkripte\2025-10-22_3037574.txt
2026-07-15T15:15:50,3037432,https://smotrim.ru/video/3037432,ok,,C:\Users\PeppermintButler\Desktop\Bachelorarbeit\Audio\transkripte\2025-10-22_3037432.txt
2026-07-15T15:22:56,3037130,https://smotrim.ru/video/3037130,ok,,C:\Users\PeppermintButler\Desktop\Bachelorarbeit\Audio\transkripte\2025-10-21_3037130.txt
2026-07-15T15:28:58,3036908,https://smotrim.ru/video/3036908,ok,,C:\Users\PeppermintButler\Desktop\Bachelorarbeit\Audio\transkripte\2025-10-21_3036908.txt
2026-07-15T15:35:38,3036618,https://smotrim.ru/video/3036618,ok,,C:\Users\PeppermintButler\Desktop\Bachelorarbeit\Audio\transkripte\2025-10-20_3036618.txt
2026-07-15T15:43:00,3036477,https://smotrim.ru/video/3036477,ok,,C:\Users\PeppermintButler\Desktop\Bachelorarbeit\Audio\transkripte\2025-10-20_3036477.txt
2026-07-15T15:50:28,3035753,https://smotrim.ru/video/3035753,ok,,C:\Users\PeppermintButler\Desktop\Bachelorarbeit\Audio\transkripte\2025-10-17_3035753.txt
2026-07-15T15:58:47,3035500,https://smotrim.ru/video/3035500,ok,,C:\Users\PeppermintButler\Desktop\Bachelorarbeit\Audio\transkripte\2025-10-17_3035500.txt
2026-07-15T16:05:39,3035152,https://smotrim.ru/video/3035152,ok,,C:\Users\PeppermintButler\Desktop\Bachelorarbeit\Audio\transkripte\2025-10-16_3035152.txt
2026-07-15T16:13:19,3035090,https://smotrim.ru/video/3035090,ok,,C:\Users\PeppermintButler\Desktop\Bachelorarbeit\Audio\transkripte\2025-10-16_3035090.txt
2026-07-15T16:21:45,3034706,https://smotrim.ru/video/3034706,ok,,C:\Users\PeppermintButler\Desktop\Bachelorarbeit\Audio\transkripte\2025-10-15_3034706.txt
2026-07-15T16:27:48,3034516,https://smotrim.ru/video/3034516,ok,,C:\Users\PeppermintButler\Desktop\Bachelorarbeit\Audio\transkripte\2025-10-15_3034516.txt
2026-07-15T16:33:20,3034091,https://smotrim.ru/video/3034091,ok,,C:\Users\PeppermintButler\Desktop\Bachelorarbeit\Audio\transkripte\2025-10-14_3034091.txt
2026-07-15T16:38:26,3033739,https://smotrim.ru/video/3033739,ok,,C:\Users\PeppermintButler\Desktop\Bachelorarbeit\Audio\transkripte\2025-10-13_3033739.txt
2026-07-15T16:45:15,3033488,https://smotrim.ru/video/3033488,ok,,C:\Users\PeppermintButler\Desktop\Bachelorarbeit\Audio\transkripte\2025-10-13_3033488.txt
2026-07-15T16:50:36,3032832,https://smotrim.ru/video/3032832,ok,,C:\Users\PeppermintButler\Desktop\Bachelorarbeit\Audio\transkripte\2025-10-10_3032832.txt
2026-07-15T16:56:18,3032646,https://smotrim.ru/video/3032646,ok,,C:\Users\PeppermintButler\Desktop\Bachelorarbeit\Audio\transkripte\2025-10-10_3032646.txt
2026-07-15T17:02:02,3032274,https://smotrim.ru/video/3032274,ok,,C:\Users\PeppermintButler\Desktop\Bachelorarbeit\Audio\transkripte\2025-10-09_3032274.txt
2026-07-15T17:08:40,3032165,https://smotrim.ru/video/3032165,ok,,C:\Users\PeppermintButler\Desktop\Bachelorarbeit\Audio\transkripte\2025-10-09_3032165.txt
2026-07-15T17:14:28,3031773,https://smotrim.ru/video/3031773,ok,,C:\Users\PeppermintButler\Desktop\Bachelorarbeit\Audio\transkripte\2025-10-08_3031773.txt
2026-07-15T17:20:23,3031648,https://smotrim.ru/video/3031648,ok,,C:\Users\PeppermintButler\Desktop\Bachelorarbeit\Audio\transkripte\2025-10-08_3031648.txt
2026-07-15T17:26:17,3031313,https://smotrim.ru/video/3031313,ok,,C:\Users\PeppermintButler\Desktop\Bachelorarbeit\Audio\transkripte\2025-10-07_3031313.txt
2026-07-15T17:32:14,3031152,https://smotrim.ru/video/3031152,ok,,C:\Users\PeppermintButler\Desktop\Bachelorarbeit\Audio\transkripte\2025-10-07_3031152.txt
2026-07-15T17:39:34,3030798,https://smotrim.ru/video/3030798,ok,,C:\Users\PeppermintButler\Desktop\Bachelorarbeit\Audio\transkripte\2025-10-06_3030798.txt
2026-07-15T17:45:34,3030667,https://smotrim.ru/video/3030667,ok,,C:\Users\PeppermintButler\Desktop\Bachelorarbeit\Audio\transkripte\2025-10-06_3030667.txt
2026-07-15T17:51:14,3029880,https://smotrim.ru/video/3029880,ok,,C:\Users\PeppermintButler\Desktop\Bachelorarbeit\Audio\transkripte\2025-10-03_3029880.txt
2026-07-15T17:56:56,3029719,https://smotrim.ru/video/3029719,ok,,C:\Users\PeppermintButler\Desktop\Bachelorarbeit\Audio\transkripte\2025-10-03_3029719.txt
2026-07-15T17:59:28,3029361,https://smotrim.ru/video/3029361,ok,,C:\Users\PeppermintButler\Desktop\Bachelorarbeit\Audio\transkripte\2025-10-02_3029361.txt
2026-07-15T18:05:02,3029190,https://smotrim.ru/video/3029190,ok,,C:\Users\PeppermintButler\Desktop\Bachelorarbeit\Audio\transkripte\2025-10-02_3029190.txt
2026-07-15T18:10:39,3028863,https://smotrim.ru/video/3028863,ok,,C:\Users\PeppermintButler\Desktop\Bachelorarbeit\Audio\transkripte\2025-10-01_3028863.txt
2026-07-15T18:16:14,3028685,https://smotrim.ru/video/3028685,ok,,C:\Users\PeppermintButler\Desktop\Bachelorarbeit\Audio\transkripte\2025-10-01_3028685.txt
2026-07-15T18:21:54,3028393,https://smotrim.ru/video/3028393,ok,,C:\Users\PeppermintButler\Desktop\Bachelorarbeit\Audio\transkripte\2025-09-30_3028393.txt
2026-07-15T18:27:26,3028186,https://smotrim.ru/video/3028186,ok,,C:\Users\PeppermintButler\Desktop\Bachelorarbeit\Audio\transkripte\2025-09-30_3028186.txt
2026-07-15T18:33:18,3027902,https://smotrim.ru/video/3027902,ok,,C:\Users\PeppermintButler\Desktop\Bachelorarbeit\Audio\transkripte\2025-09-29_3027902.txt
2026-07-15T18:38:53,3027677,https://smotrim.ru/video/3027677,ok,,C:\Users\PeppermintButler\Desktop\Bachelorarbeit\Audio\transkripte\2025-09-29_3027677.txt
2026-07-15T18:44:14,3026894,https://smotrim.ru/video/3026894,ok,,C:\Users\PeppermintButler\Desktop\Bachelorarbeit\Audio\transkripte\2025-09-26_3026894.txt
2026-07-15T18:49:49,3026732,https://smotrim.ru/video/3026732,ok,,C:\Users\PeppermintButler\Desktop\Bachelorarbeit\Audio\transkripte\2025-09-26_3026732.txt
2026-07-15T18:55:21,3026320,https://smotrim.ru/video/3026320,ok,,C:\Users\PeppermintButler\Desktop\Bachelorarbeit\Audio\transkripte\2025-09-25_3026320.txt
2026-07-15T19:01:04,3026183,https://smotrim.ru/video/3026183,ok,,C:\Users\PeppermintButler\Desktop\Bachelorarbeit\Audio\transkripte\2025-09-25_3026183.txt
2026-07-15T19:06:45,3025776,https://smotrim.ru/video/3025776,ok,,C:\Users\PeppermintButler\Desktop\Bachelorarbeit\Audio\transkripte\2025-09-24_3025776.txt
2026-07-15T19:12:35,3025673,https://smotrim.ru/video/3025673,ok,,C:\Users\PeppermintButler\Desktop\Bachelorarbeit\Audio\transkripte\2025-09-24_3025673.txt
2026-07-15T19:18:07,3025351,https://smotrim.ru/video/3025351,ok,,C:\Users\PeppermintButler\Desktop\Bachelorarbeit\Audio\transkripte\2025-09-23_3025351.txt
2026-07-15T19:24:42,3025204,https://smotrim.ru/video/3025204,ok,,C:\Users\PeppermintButler\Desktop\Bachelorarbeit\Audio\transkripte\2025-09-23_3025204.txt
2026-07-15T19:30:09,3024850,https://smotrim.ru/video/3024850,ok,,C:\Users\PeppermintButler\Desktop\Bachelorarbeit\Audio\transkripte\2025-09-22_3024850.txt
2026-07-15T19:37:04,3024724,https://smotrim.ru/video/3024724,ok,,C:\Users\PeppermintButler\Desktop\Bachelorarbeit\Audio\transkripte\2025-09-22_3024724.txt
2026-07-15T19:43:33,3023845,https://smotrim.ru/video/3023845,ok,,C:\Users\PeppermintButler\Desktop\Bachelorarbeit\Audio\transkripte\2025-09-19_3023845.txt
2026-07-15T19:49:03,3023726,https://smotrim.ru/video/3023726,ok,,C:\Users\PeppermintButler\Desktop\Bachelorarbeit\Audio\transkripte\2025-09-19_3023726.txt
2026-07-15T19:54:41,3023310,https://smotrim.ru/video/3023310,ok,,C:\Users\PeppermintButler\Desktop\Bachelorarbeit\Audio\transkripte\2025-09-18_3023310.txt
2026-07-15T20:00:42,3023133,https://smotrim.ru/video/3023133,ok,,C:\Users\PeppermintButler\Desktop\Bachelorarbeit\Audio\transkripte\2025-09-18_3023133.txt
2026-07-15T20:08:46,3022801,https://smotrim.ru/video/3022801,ok,,C:\Users\PeppermintButler\Desktop\Bachelorarbeit\Audio\transkripte\2025-09-17_3022801.txt
2026-07-15T20:14:40,3022619,https://smotrim.ru/video/3022619,ok,,C:\Users\PeppermintButler\Desktop\Bachelorarbeit\Audio\transkripte\2025-09-17_3022619.txt
2026-07-15T20:20:51,3022272,https://smotrim.ru/video/3022272,ok,,C:\Users\PeppermintButler\Desktop\Bachelorarbeit\Audio\transkripte\2025-09-16_3022272.txt
2026-07-15T20:28:28,3022171,https://smotrim.ru/video/3022171,ok,,C:\Users\PeppermintButler\Desktop\Bachelorarbeit\Audio\transkripte\2025-09-16_3022171.txt
2026-07-15T20:34:02,3021804,https://smotrim.ru/video/3021804,ok,,C:\Users\PeppermintButler\Desktop\Bachelorarbeit\Audio\transkripte\2025-09-15_3021804.txt
2026-07-15T20:39:22,3021665,https://smotrim.ru/video/3021665,ok,,C:\Users\PeppermintButler\Desktop\Bachelorarbeit\Audio\transkripte\2025-09-15_3021665.txt
2026-07-15T20:45:07,3020808,https://smotrim.ru/video/3020808,ok,,C:\Users\PeppermintButler\Desktop\Bachelorarbeit\Audio\transkripte\2025-09-12_3020808.txt
2026-07-15T20:51:58,3020642,https://smotrim.ru/video/3020642,ok,,C:\Users\PeppermintButler\Desktop\Bachelorarbeit\Audio\transkripte\2025-09-12_3020642.txt
2026-07-15T20:58:21,3020195,https://smotrim.ru/video/3020195,ok,,C:\Users\PeppermintButler\Desktop\Bachelorarbeit\Audio\transkripte\2025-09-11_3020195.txt
2026-07-15T21:04:01,3020135,https://smotrim.ru/video/3020135,ok,,C:\Users\PeppermintButler\Desktop\Bachelorarbeit\Audio\transkripte\2025-09-11_3020135.txt
2026-07-15T21:09:54,3019820,https://smotrim.ru/video/3019820,ok,,C:\Users\PeppermintButler\Desktop\Bachelorarbeit\Audio\transkripte\2025-09-10_3019820.txt
2026-07-15T21:16:51,3019656,https://smotrim.ru/video/3019656,ok,,C:\Users\PeppermintButler\Desktop\Bachelorarbeit\Audio\transkripte\2025-09-10_3019656.txt
2026-07-15T21:24:17,3019311,https://smotrim.ru/video/3019311,ok,,C:\Users\PeppermintButler\Desktop\Bachelorarbeit\Audio\transkripte\2025-09-09_3019311.txt
2026-07-15T21:30:21,3019155,https://smotrim.ru/video/3019155,ok,,C:\Users\PeppermintButler\Desktop\Bachelorarbeit\Audio\transkripte\2025-09-09_3019155.txt
2026-07-15T21:36:08,3018842,https://smotrim.ru/video/3018842,ok,,C:\Users\PeppermintButler\Desktop\Bachelorarbeit\Audio\transkripte\2025-09-08_3018842.txt
2026-07-15T21:42:20,3018621,https://smotrim.ru/video/3018621,ok,,C:\Users\PeppermintButler\Desktop\Bachelorarbeit\Audio\transkripte\2025-09-08_3018621.txt
2026-07-15T21:49:19,3017916,https://smotrim.ru/video/3017916,ok,,C:\Users\PeppermintButler\Desktop\Bachelorarbeit\Audio\transkripte\2025-09-05_3017916.txt
2026-07-15T21:56:59,3017752,https://smotrim.ru/video/3017752,ok,,C:\Users\PeppermintButler\Desktop\Bachelorarbeit\Audio\transkripte\2025-09-05_3017752.txt
2026-07-15T22:04:04,3017412,https://smotrim.ru/video/3017412,ok,,C:\Users\PeppermintButler\Desktop\Bachelorarbeit\Audio\transkripte\2025-09-04_3017412.txt
2026-07-15T22:11:01,3017280,https://smotrim.ru/video/3017280,ok,,C:\Users\PeppermintButler\Desktop\Bachelorarbeit\Audio\transkripte\2025-09-04_3017280.txt
2026-07-15T22:17:19,3016870,https://smotrim.ru/video/3016870,ok,,C:\Users\PeppermintButler\Desktop\Bachelorarbeit\Audio\transkripte\2025-09-03_3016870.txt
2026-07-15T22:24:10,3016770,https://smotrim.ru/video/3016770,ok,,C:\Users\PeppermintButler\Desktop\Bachelorarbeit\Audio\transkripte\2025-09-03_3016770.txt
2026-07-15T22:31:07,3016377,https://smotrim.ru/video/3016377,ok,,C:\Users\PeppermintButler\Desktop\Bachelorarbeit\Audio\transkripte\2025-09-02_3016377.txt
2026-07-15T22:37:40,3016251,https://smotrim.ru/video/3016251,ok,,C:\Users\PeppermintButler\Desktop\Bachelorarbeit\Audio\transkripte\2025-09-02_3016251.txt
2026-07-15T22:44:55,3015892,https://smotrim.ru/video/3015892,ok,,C:\Users\PeppermintButler\Desktop\Bachelorarbeit\Audio\transkripte\2025-09-01_3015892.txt
2026-07-15T22:52:07,3015740,https://smotrim.ru/video/3015740,ok,,C:\Users\PeppermintButler\Desktop\Bachelorarbeit\Audio\transkripte\2025-09-01_3015740.txt
2026-07-15T22:59:15,3014995,https://smotrim.ru/video/3014995,ok,,C:\Users\PeppermintButler\Desktop\Bachelorarbeit\Audio\transkripte\2025-08-29_3014995.txt
2026-07-15T23:07:42,3014859,https://smotrim.ru/video/3014859,ok,,C:\Users\PeppermintButler\Desktop\Bachelorarbeit\Audio\transkripte\2025-08-29_3014859.txt
2026-07-15T23:16:13,3014572,https://smotrim.ru/video/3014572,ok,,C:\Users\PeppermintButler\Desktop\Bachelorarbeit\Audio\transkripte\2025-08-28_3014572.txt
2026-07-15T23:25:03,3014325,https://smotrim.ru/video/3014325,ok,,C:\Users\PeppermintButler\Desktop\Bachelorarbeit\Audio\transkripte\2025-08-28_3014325.txt
2026-07-15T23:32:04,3014078,https://smotrim.ru/video/3014078,ok,,C:\Users\PeppermintButler\Desktop\Bachelorarbeit\Audio\transkripte\2025-08-27_3014078.txt
2026-07-15T23:39:17,3013972,https://smotrim.ru/video/3013972,ok,,C:\Users\PeppermintButler\Desktop\Bachelorarbeit\Audio\transkripte\2025-08-27_3013972.txt
2026-07-15T23:47:22,3013627,https://smotrim.ru/video/3013627,ok,,C:\Users\PeppermintButler\Desktop\Bachelorarbeit\Audio\transkripte\2025-08-26_3013627.txt
2026-07-15T23:54:21,3013474,https://smotrim.ru/video/3013474,ok,,C:\Users\PeppermintButler\Desktop\Bachelorarbeit\Audio\transkripte\2025-08-26_3013474.txt
2026-07-16T00:02:38,3013166,https://smotrim.ru/video/3013166,ok,,C:\Users\PeppermintButler\Desktop\Bachelorarbeit\Audio\transkripte\2025-08-25_3013166.txt
2026-07-16T00:09:46,3013012,https://smotrim.ru/video/3013012,ok,,C:\Users\PeppermintButler\Desktop\Bachelorarbeit\Audio\transkripte\2025-08-25_3013012.txt
2026-07-16T00:16:32,3012251,https://smotrim.ru/video/3012251,ok,,C:\Users\PeppermintButler\Desktop\Bachelorarbeit\Audio\transkripte\2025-08-22_3012251.txt
2026-07-16T00:25:04,3012093,https://smotrim.ru/video/3012093,ok,,C:\Users\PeppermintButler\Desktop\Bachelorarbeit\Audio\transkripte\2025-08-22_3012093.txt
2026-07-16T00:31:22,3011745,https://smotrim.ru/video/3011745,ok,,C:\Users\PeppermintButler\Desktop\Bachelorarbeit\Audio\transkripte\2025-08-21_3011745.txt
2026-07-16T00:39:47,3011619,https://smotrim.ru/video/3011619,ok,,C:\Users\PeppermintButler\Desktop\Bachelorarbeit\Audio\transkripte\2025-08-21_3011619.txt
2026-07-16T00:46:46,3011279,https://smotrim.ru/video/3011279,ok,,C:\Users\PeppermintButler\Desktop\Bachelorarbeit\Audio\transkripte\2025-08-20_3011279.txt
2026-07-16T00:53:55,3011211,https://smotrim.ru/video/3011211,ok,,C:\Users\PeppermintButler\Desktop\Bachelorarbeit\Audio\transkripte\2025-08-20_3011211.txt
2026-07-16T01:00:20,3010851,https://smotrim.ru/video/3010851,ok,,C:\Users\PeppermintButler\Desktop\Bachelorarbeit\Audio\transkripte\2025-08-19_3010851.txt
2026-07-16T01:07:20,3010728,https://smotrim.ru/video/3010728,ok,,C:\Users\PeppermintButler\Desktop\Bachelorarbeit\Audio\transkripte\2025-08-19_3010728.txt
2026-07-16T01:14:09,3010393,https://smotrim.ru/video/3010393,ok,,C:\Users\PeppermintButler\Desktop\Bachelorarbeit\Audio\transkripte\2025-08-18_3010393.txt
2026-07-16T01:21:08,3010239,https://smotrim.ru/video/3010239,ok,,C:\Users\PeppermintButler\Desktop\Bachelorarbeit\Audio\transkripte\2025-08-18_3010239.txt
2026-07-16T01:28:02,3009589,https://smotrim.ru/video/3009589,ok,,C:\Users\PeppermintButler\Desktop\Bachelorarbeit\Audio\transkripte\2025-08-15_3009589.txt
2026-07-16T01:34:19,3009459,https://smotrim.ru/video/3009459,ok,,C:\Users\PeppermintButler\Desktop\Bachelorarbeit\Audio\transkripte\2025-08-15_3009459.txt
2026-07-16T01:40:45,3009125,https://smotrim.ru/video/3009125,ok,,C:\Users\PeppermintButler\Desktop\Bachelorarbeit\Audio\transkripte\2025-08-14_3009125.txt
2026-07-16T01:47:40,3008997,https://smotrim.ru/video/3008997,ok,,C:\Users\PeppermintButler\Desktop\Bachelorarbeit\Audio\transkripte\2025-08-14_3008997.txt
2026-07-16T01:54:40,3008638,https://smotrim.ru/video/3008638,ok,,C:\Users\PeppermintButler\Desktop\Bachelorarbeit\Audio\transkripte\2025-08-13_3008638.txt
2026-07-16T02:01:39,3008548,https://smotrim.ru/video/3008548,ok,,C:\Users\PeppermintButler\Desktop\Bachelorarbeit\Audio\transkripte\2025-08-13_3008548.txt
2026-07-16T02:08:18,3008246,https://smotrim.ru/video/3008246,ok,,C:\Users\PeppermintButler\Desktop\Bachelorarbeit\Audio\transkripte\2025-08-12_3008246.txt
2026-07-16T02:15:34,3008133,https://smotrim.ru/video/3008133,ok,,C:\Users\PeppermintButler\Desktop\Bachelorarbeit\Audio\transkripte\2025-08-12_3008133.txt
2026-07-16T02:22:09,3007804,https://smotrim.ru/video/3007804,ok,,C:\Users\PeppermintButler\Desktop\Bachelorarbeit\Audio\transkripte\2025-08-11_3007804.txt
2026-07-16T02:29:26,3007648,https://smotrim.ru/video/3007648,ok,,C:\Users\PeppermintButler\Desktop\Bachelorarbeit\Audio\transkripte\2025-08-11_3007648.txt
2026-07-16T08:02:42,2375595,https://smotrim.ru/video/2375595,fehler,WAV nach 3 Versuchen nicht erzeugt: C:\Users\PeppermintButler\Desktop\Bachelorarbeit\Audio\roh\2022-01-17_2375595.wav,
2026-07-16T08:09:59,3006860,https://smotrim.ru/video/3006860,ok,,C:\Users\PeppermintButler\Desktop\Bachelorarbeit\Audio\transkripte\2025-08-08_3006860.txt
2026-07-16T08:15:29,3006496,https://smotrim.ru/video/3006496,ok,,C:\Users\PeppermintButler\Desktop\Bachelorarbeit\Audio\transkripte\2025-08-07_3006496.txt
2026-07-16T08:21:20,3006386,https://smotrim.ru/video/3006386,ok,,C:\Users\PeppermintButler\Desktop\Bachelorarbeit\Audio\transkripte\2025-08-07_3006386.txt
2026-07-16T08:27:08,3006039,https://smotrim.ru/video/3006039,ok,,C:\Users\PeppermintButler\Desktop\Bachelorarbeit\Audio\transkripte\2025-08-06_3006039.txt
2026-07-16T08:33:11,3005927,https://smotrim.ru/video/3005927,ok,,C:\Users\PeppermintButler\Desktop\Bachelorarbeit\Audio\transkripte\2025-08-06_3005927.txt
2026-07-16T08:39:00,3005632,https://smotrim.ru/video/3005632,ok,,C:\Users\PeppermintButler\Desktop\Bachelorarbeit\Audio\transkripte\2025-08-05_3005632.txt
2026-07-16T08:44:54,3005416,https://smotrim.ru/video/3005416,ok,,C:\Users\PeppermintButler\Desktop\Bachelorarbeit\Audio\transkripte\2025-08-05_3005416.txt
2026-07-16T08:50:09,3005112,https://smotrim.ru/video/3005112,ok,,C:\Users\PeppermintButler\Desktop\Bachelorarbeit\Audio\transkripte\2025-08-04_3005112.txt
2026-07-16T08:56:01,3004984,https://smotrim.ru/video/3004984,ok,,C:\Users\PeppermintButler\Desktop\Bachelorarbeit\Audio\transkripte\2025-08-04_3004984.txt
2026-07-16T09:01:41,3004334,https://smotrim.ru/video/3004334,ok,,C:\Users\PeppermintButler\Desktop\Bachelorarbeit\Audio\transkripte\2025-08-01_3004334.txt
2026-07-16T09:07:18,3004208,https://smotrim.ru/video/3004208,ok,,C:\Users\PeppermintButler\Desktop\Bachelorarbeit\Audio\transkripte\2025-08-01_3004208.txt
2026-07-16T09:12:30,3003872,https://smotrim.ru/video/3003872,ok,,C:\Users\PeppermintButler\Desktop\Bachelorarbeit\Audio\transkripte\2025-07-31_3003872.txt
2026-07-16T09:17:54,3003773,https://smotrim.ru/video/3003773,ok,,C:\Users\PeppermintButler\Desktop\Bachelorarbeit\Audio\transkripte\2025-07-31_3003773.txt
2026-07-16T09:23:13,3003410,https://smotrim.ru/video/3003410,ok,,C:\Users\PeppermintButler\Desktop\Bachelorarbeit\Audio\transkripte\2025-07-30_3003410.txt
2026-07-16T09:28:43,3003317,https://smotrim.ru/video/3003317,ok,,C:\Users\PeppermintButler\Desktop\Bachelorarbeit\Audio\transkripte\2025-07-30_3003317.txt
2026-07-16T09:34:06,3002961,https://smotrim.ru/video/3002961,ok,,C:\Users\PeppermintButler\Desktop\Bachelorarbeit\Audio\transkripte\2025-07-29_3002961.txt
2026-07-16T09:39:44,3002858,https://smotrim.ru/video/3002858,ok,,C:\Users\PeppermintButler\Desktop\Bachelorarbeit\Audio\transkripte\2025-07-29_3002858.txt
2026-07-16T09:45:22,3002528,https://smotrim.ru/video/3002528,ok,,C:\Users\PeppermintButler\Desktop\Bachelorarbeit\Audio\transkripte\2025-07-28_3002528.txt
2026-07-16T09:50:58,3002418,https://smotrim.ru/video/3002418,ok,,C:\Users\PeppermintButler\Desktop\Bachelorarbeit\Audio\transkripte\2025-07-28_3002418.txt
2026-07-16T09:57:31,3001736,https://smotrim.ru/video/3001736,ok,,C:\Users\PeppermintButler\Desktop\Bachelorarbeit\Audio\transkripte\2025-07-25_3001736.txt
2026-07-16T10:03:02,3001630,https://smotrim.ru/video/3001630,ok,,C:\Users\PeppermintButler\Desktop\Bachelorarbeit\Audio\transkripte\2025-07-25_3001630.txt
2026-07-16T10:08:01,3001292,https://smotrim.ru/video/3001292,ok,,C:\Users\PeppermintButler\Desktop\Bachelorarbeit\Audio\transkripte\2025-07-24_3001292.txt
2026-07-16T10:14:18,3001152,https://smotrim.ru/video/3001152,ok,,C:\Users\PeppermintButler\Desktop\Bachelorarbeit\Audio\transkripte\2025-07-24_3001152.txt
2026-07-16T10:19:56,3000842,https://smotrim.ru/video/3000842,ok,,C:\Users\PeppermintButler\Desktop\Bachelorarbeit\Audio\transkripte\2025-07-23_3000842.txt
2026-07-16T10:25:22,3000709,https://smotrim.ru/video/3000709,ok,,C:\Users\PeppermintButler\Desktop\Bachelorarbeit\Audio\transkripte\2025-07-23_3000709.txt
2026-07-16T10:30:44,3000332,https://smotrim.ru/video/3000332,ok,,C:\Users\PeppermintButler\Desktop\Bachelorarbeit\Audio\transkripte\2025-07-22_3000332.txt
2026-07-16T10:36:15,3000232,https://smotrim.ru/video/3000232,ok,,C:\Users\PeppermintButler\Desktop\Bachelorarbeit\Audio\transkripte\2025-07-22_3000232.txt
2026-07-16T10:42:21,2999898,https://smotrim.ru/video/2999898,ok,,C:\Users\PeppermintButler\Desktop\Bachelorarbeit\Audio\transkripte\2025-07-21_2999898.txt
2026-07-16T10:47:46,2999793,https://smotrim.ru/video/2999793,ok,,C:\Users\PeppermintButler\Desktop\Bachelorarbeit\Audio\transkripte\2025-07-21_2999793.txt
2026-07-16T10:54:24,2999125,https://smotrim.ru/video/2999125,ok,,C:\Users\PeppermintButler\Desktop\Bachelorarbeit\Audio\transkripte\2025-07-18_2999125.txt
2026-07-16T11:01:03,2998999,https://smotrim.ru/video/2998999,ok,,C:\Users\PeppermintButler\Desktop\Bachelorarbeit\Audio\transkripte\2025-07-18_2998999.txt
2026-07-16T11:06:12,2998664,https://smotrim.ru/video/2998664,ok,,C:\Users\PeppermintButler\Desktop\Bachelorarbeit\Audio\transkripte\2025-07-17_2998664.txt
2026-07-16T11:12:01,2998518,https://smotrim.ru/video/2998518,ok,,C:\Users\PeppermintButler\Desktop\Bachelorarbeit\Audio\transkripte\2025-07-17_2998518.txt
2026-07-16T11:17:52,2998214,https://smotrim.ru/video/2998214,ok,,C:\Users\PeppermintButler\Desktop\Bachelorarbeit\Audio\transkripte\2025-07-16_2998214.txt
2026-07-16T11:23:55,2998079,https://smotrim.ru/video/2998079,ok,,C:\Users\PeppermintButler\Desktop\Bachelorarbeit\Audio\transkripte\2025-07-16_2998079.txt
2026-07-16T11:29:40,2997794,https://smotrim.ru/video/2997794,ok,,C:\Users\PeppermintButler\Desktop\Bachelorarbeit\Audio\transkripte\2025-07-15_2997794.txt
2026-07-16T11:35:04,2997652,https://smotrim.ru/video/2997652,ok,,C:\Users\PeppermintButler\Desktop\Bachelorarbeit\Audio\transkripte\2025-07-15_2997652.txt
2026-07-16T11:40:37,2997337,https://smotrim.ru/video/2997337,ok,,C:\Users\PeppermintButler\Desktop\Bachelorarbeit\Audio\transkripte\2025-07-14_2997337.txt
2026-07-16T11:46:24,2997173,https://smotrim.ru/video/2997173,ok,,C:\Users\PeppermintButler\Desktop\Bachelorarbeit\Audio\transkripte\2025-07-14_2997173.txt
2026-07-16T11:52:20,2996449,https://smotrim.ru/video/2996449,ok,,C:\Users\PeppermintButler\Desktop\Bachelorarbeit\Audio\transkripte\2025-07-11_2996449.txt
2026-07-16T11:58:21,2996302,https://smotrim.ru/video/2996302,ok,,C:\Users\PeppermintButler\Desktop\Bachelorarbeit\Audio\transkripte\2025-07-11_2996302.txt
2026-07-16T12:03:46,2996026,https://smotrim.ru/video/2996026,ok,,C:\Users\PeppermintButler\Desktop\Bachelorarbeit\Audio\transkripte\2025-07-10_2996026.txt
2026-07-16T12:09:15,2995882,https://smotrim.ru/video/2995882,ok,,C:\Users\PeppermintButler\Desktop\Bachelorarbeit\Audio\transkripte\2025-07-10_2995882.txt
2026-07-16T12:14:54,2995587,https://smotrim.ru/video/2995587,ok,,C:\Users\PeppermintButler\Desktop\Bachelorarbeit\Audio\transkripte\2025-07-09_2995587.txt
2026-07-16T12:20:23,2995441,https://smotrim.ru/video/2995441,ok,,C:\Users\PeppermintButler\Desktop\Bachelorarbeit\Audio\transkripte\2025-07-09_2995441.txt
2026-07-16T12:26:10,2995146,https://smotrim.ru/video/2995146,ok,,C:\Users\PeppermintButler\Desktop\Bachelorarbeit\Audio\transkripte\2025-07-08_2995146.txt
2026-07-16T12:32:06,2994980,https://smotrim.ru/video/2994980,ok,,C:\Users\PeppermintButler\Desktop\Bachelorarbeit\Audio\transkripte\2025-07-08_2994980.txt
2026-07-16T12:37:24,2994679,https://smotrim.ru/video/2994679,ok,,C:\Users\PeppermintButler\Desktop\Bachelorarbeit\Audio\transkripte\2025-07-07_2994679.txt
2026-07-16T12:43:28,2994529,https://smotrim.ru/video/2994529,ok,,C:\Users\PeppermintButler\Desktop\Bachelorarbeit\Audio\transkripte\2025-07-07_2994529.txt
2026-07-16T12:49:07,2993889,https://smotrim.ru/video/2993889,ok,,C:\Users\PeppermintButler\Desktop\Bachelorarbeit\Audio\transkripte\2025-07-04_2993889.txt
2026-07-16T12:54:26,2993413,https://smotrim.ru/video/2993413,ok,,C:\Users\PeppermintButler\Desktop\Bachelorarbeit\Audio\transkripte\2025-07-03_2993413.txt
2026-07-16T13:00:20,2993264,https://smotrim.ru/video/2993264,ok,,C:\Users\PeppermintButler\Desktop\Bachelorarbeit\Audio\transkripte\2025-07-03_2993264.txt
2026-07-16T13:06:21,2992915,https://smotrim.ru/video/2992915,ok,,C:\Users\PeppermintButler\Desktop\Bachelorarbeit\Audio\transkripte\2025-07-02_2992915.txt
2026-07-16T13:12:48,2992754,https://smotrim.ru/video/2992754,ok,,C:\Users\PeppermintButler\Desktop\Bachelorarbeit\Audio\transkripte\2025-07-02_2992754.txt
2026-07-16T13:18:41,2992431,https://smotrim.ru/video/2992431,ok,,C:\Users\PeppermintButler\Desktop\Bachelorarbeit\Audio\transkripte\2025-07-01_2992431.txt
2026-07-16T13:25:10,2992290,https://smotrim.ru/video/2992290,ok,,C:\Users\PeppermintButler\Desktop\Bachelorarbeit\Audio\transkripte\2025-07-01_2992290.txt
2026-07-16T13:32:03,2991946,https://smotrim.ru/video/2991946,ok,,C:\Users\PeppermintButler\Desktop\Bachelorarbeit\Audio\transkripte\2025-06-30_2991946.txt
2026-07-16T13:38:12,2991766,https://smotrim.ru/video/2991766,ok,,C:\Users\PeppermintButler\Desktop\Bachelorarbeit\Audio\transkripte\2025-06-30_2991766.txt
2026-07-16T13:43:41,2991040,https://smotrim.ru/video/2991040,ok,,C:\Users\PeppermintButler\Desktop\Bachelorarbeit\Audio\transkripte\2025-06-27_2991040.txt
2026-07-16T13:49:44,2990809,https://smotrim.ru/video/2990809,ok,,C:\Users\PeppermintButler\Desktop\Bachelorarbeit\Audio\transkripte\2025-06-27_2990809.txt
2026-07-16T13:55:53,2990524,https://smotrim.ru/video/2990524,ok,,C:\Users\PeppermintButler\Desktop\Bachelorarbeit\Audio\transkripte\2025-06-26_2990524.txt
2026-07-16T14:01:35,2990313,https://smotrim.ru/video/2990313,ok,,C:\Users\PeppermintButler\Desktop\Bachelorarbeit\Audio\transkripte\2025-06-26_2990313.txt
2026-07-16T14:06:56,2990026,https://smotrim.ru/video/2990026,ok,,C:\Users\PeppermintButler\Desktop\Bachelorarbeit\Audio\transkripte\2025-06-25_2990026.txt
2026-07-16T14:13:00,2989842,https://smotrim.ru/video/2989842,ok,,C:\Users\PeppermintButler\Desktop\Bachelorarbeit\Audio\transkripte\2025-06-25_2989842.txt
2026-07-16T14:18:54,2989451,https://smotrim.ru/video/2989451,ok,,C:\Users\PeppermintButler\Desktop\Bachelorarbeit\Audio\transkripte\2025-06-24_2989451.txt
2026-07-16T14:24:26,2989308,https://smotrim.ru/video/2989308,ok,,C:\Users\PeppermintButler\Desktop\Bachelorarbeit\Audio\transkripte\2025-06-24_2989308.txt
2026-07-16T14:30:19,2988930,https://smotrim.ru/video/2988930,ok,,C:\Users\PeppermintButler\Desktop\Bachelorarbeit\Audio\transkripte\2025-06-23_2988930.txt
2026-07-16T14:36:53,2988692,https://smotrim.ru/video/2988692,ok,,C:\Users\PeppermintButler\Desktop\Bachelorarbeit\Audio\transkripte\2025-06-23_2988692.txt
2026-07-16T14:42:35,2987960,https://smotrim.ru/video/2987960,ok,,C:\Users\PeppermintButler\Desktop\Bachelorarbeit\Audio\transkripte\2025-06-20_2987960.txt
2026-07-16T14:48:23,2987741,https://smotrim.ru/video/2987741,ok,,C:\Users\PeppermintButler\Desktop\Bachelorarbeit\Audio\transkripte\2025-06-20_2987741.txt
2026-07-16T14:54:14,2987416,https://smotrim.ru/video/2987416,ok,,C:\Users\PeppermintButler\Desktop\Bachelorarbeit\Audio\transkripte\2025-06-19_2987416.txt
2026-07-16T14:59:54,2987102,https://smotrim.ru/video/2987102,ok,,C:\Users\PeppermintButler\Desktop\Bachelorarbeit\Audio\transkripte\2025-06-19_2987102.txt
2026-07-16T15:05:25,2986797,https://smotrim.ru/video/2986797,ok,,C:\Users\PeppermintButler\Desktop\Bachelorarbeit\Audio\transkripte\2025-06-18_2986797.txt
2026-07-16T15:11:55,2986575,https://smotrim.ru/video/2986575,ok,,C:\Users\PeppermintButler\Desktop\Bachelorarbeit\Audio\transkripte\2025-06-18_2986575.txt
2026-07-16T15:17:34,2986341,https://smotrim.ru/video/2986341,ok,,C:\Users\PeppermintButler\Desktop\Bachelorarbeit\Audio\transkripte\2025-06-17_2986341.txt
2026-07-16T15:23:45,2986150,https://smotrim.ru/video/2986150,ok,,C:\Users\PeppermintButler\Desktop\Bachelorarbeit\Audio\transkripte\2025-06-17_2986150.txt
2026-07-16T15:30:58,2985865,https://smotrim.ru/video/2985865,ok,,C:\Users\PeppermintButler\Desktop\Bachelorarbeit\Audio\transkripte\2025-06-16_2985865.txt
2026-07-16T15:37:49,2985729,https://smotrim.ru/video/2985729,ok,,C:\Users\PeppermintButler\Desktop\Bachelorarbeit\Audio\transkripte\2025-06-16_2985729.txt
2026-07-16T15:44:05,2984437,https://smotrim.ru/video/2984437,ok,,C:\Users\PeppermintButler\Desktop\Bachelorarbeit\Audio\transkripte\2025-06-11_2984437.txt
2026-07-16T15:50:39,2984219,https://smotrim.ru/video/2984219,ok,,C:\Users\PeppermintButler\Desktop\Bachelorarbeit\Audio\transkripte\2025-06-11_2984219.txt
2026-07-16T15:56:13,2983955,https://smotrim.ru/video/2983955,ok,,C:\Users\PeppermintButler\Desktop\Bachelorarbeit\Audio\transkripte\2025-06-10_2983955.txt
2026-07-16T16:02:00,2983777,https://smotrim.ru/video/2983777,ok,,C:\Users\PeppermintButler\Desktop\Bachelorarbeit\Audio\transkripte\2025-06-10_2983777.txt
2026-07-16T16:07:27,2983512,https://smotrim.ru/video/2983512,ok,,C:\Users\PeppermintButler\Desktop\Bachelorarbeit\Audio\transkripte\2025-06-09_2983512.txt
2026-07-16T16:13:18,2983214,https://smotrim.ru/video/2983214,ok,,C:\Users\PeppermintButler\Desktop\Bachelorarbeit\Audio\transkripte\2025-06-09_2983214.txt
2026-07-16T16:18:56,2982554,https://smotrim.ru/video/2982554,ok,,C:\Users\PeppermintButler\Desktop\Bachelorarbeit\Audio\transkripte\2025-06-06_2982554.txt
2026-07-16T16:24:43,2982377,https://smotrim.ru/video/2982377,ok,,C:\Users\PeppermintButler\Desktop\Bachelorarbeit\Audio\transkripte\2025-06-06_2982377.txt
2026-07-16T16:30:32,2982083,https://smotrim.ru/video/2982083,ok,,C:\Users\PeppermintButler\Desktop\Bachelorarbeit\Audio\transkripte\2025-06-05_2982083.txt
2026-07-16T16:36:23,2981918,https://smotrim.ru/video/2981918,ok,,C:\Users\PeppermintButler\Desktop\Bachelorarbeit\Audio\transkripte\2025-06-05_2981918.txt
2026-07-16T16:42:04,2981601,https://smotrim.ru/video/2981601,ok,,C:\Users\PeppermintButler\Desktop\Bachelorarbeit\Audio\transkripte\2025-06-04_2981601.txt
2026-07-16T16:47:53,2981479,https://smotrim.ru/video/2981479,ok,,C:\Users\PeppermintButler\Desktop\Bachelorarbeit\Audio\transkripte\2025-06-04_2981479.txt
2026-07-16T16:53:10,2981082,https://smotrim.ru/video/2981082,ok,,C:\Users\PeppermintButler\Desktop\Bachelorarbeit\Audio\transkripte\2025-06-03_2981082.txt
2026-07-16T16:59:09,2980993,https://smotrim.ru/video/2980993,ok,,C:\Users\PeppermintButler\Desktop\Bachelorarbeit\Audio\transkripte\2025-06-03_2980993.txt
2026-07-16T17:04:28,2980594,https://smotrim.ru/video/2980594,ok,,C:\Users\PeppermintButler\Desktop\Bachelorarbeit\Audio\transkripte\2025-06-02_2980594.txt
2026-07-16T17:10:11,2980417,https://smotrim.ru/video/2980417,ok,,C:\Users\PeppermintButler\Desktop\Bachelorarbeit\Audio\transkripte\2025-06-02_2980417.txt
2026-07-16T17:15:54,2979622,https://smotrim.ru/video/2979622,ok,,C:\Users\PeppermintButler\Desktop\Bachelorarbeit\Audio\transkripte\2025-05-30_2979622.txt
2026-07-16T17:21:47,2979464,https://smotrim.ru/video/2979464,ok,,C:\Users\PeppermintButler\Desktop\Bachelorarbeit\Audio\transkripte\2025-05-30_2979464.txt
2026-07-16T17:27:16,2979120,https://smotrim.ru/video/2979120,ok,,C:\Users\PeppermintButler\Desktop\Bachelorarbeit\Audio\transkripte\2025-05-29_2979120.txt
2026-07-16T17:32:56,2978969,https://smotrim.ru/video/2978969,ok,,C:\Users\PeppermintButler\Desktop\Bachelorarbeit\Audio\transkripte\2025-05-29_2978969.txt
2026-07-16T17:38:24,2978568,https://smotrim.ru/video/2978568,ok,,C:\Users\PeppermintButler\Desktop\Bachelorarbeit\Audio\transkripte\2025-05-28_2978568.txt
2026-07-16T17:44:12,2978420,https://smotrim.ru/video/2978420,ok,,C:\Users\PeppermintButler\Desktop\Bachelorarbeit\Audio\transkripte\2025-05-28_2978420.txt
2026-07-16T17:50:14,2978054,https://smotrim.ru/video/2978054,ok,,C:\Users\PeppermintButler\Desktop\Bachelorarbeit\Audio\transkripte\2025-05-27_2978054.txt
2026-07-16T17:56:04,2977975,https://smotrim.ru/video/2977975,ok,,C:\Users\PeppermintButler\Desktop\Bachelorarbeit\Audio\transkripte\2025-05-27_2977975.txt
2026-07-16T18:01:44,2977562,https://smotrim.ru/video/2977562,ok,,C:\Users\PeppermintButler\Desktop\Bachelorarbeit\Audio\transkripte\2025-05-26_2977562.txt
2026-07-16T18:07:42,2977518,https://smotrim.ru/video/2977518,ok,,C:\Users\PeppermintButler\Desktop\Bachelorarbeit\Audio\transkripte\2025-05-26_2977518.txt
2026-07-16T18:13:48,2976512,https://smotrim.ru/video/2976512,ok,,C:\Users\PeppermintButler\Desktop\Bachelorarbeit\Audio\transkripte\2025-05-23_2976512.txt
2026-07-16T18:19:57,2976388,https://smotrim.ru/video/2976388,ok,,C:\Users\PeppermintButler\Desktop\Bachelorarbeit\Audio\transkripte\2025-05-23_2976388.txt
2026-07-16T18:26:08,2975966,https://smotrim.ru/video/2975966,ok,,C:\Users\PeppermintButler\Desktop\Bachelorarbeit\Audio\transkripte\2025-05-22_2975966.txt
2026-07-16T18:32:04,2975793,https://smotrim.ru/video/2975793,ok,,C:\Users\PeppermintButler\Desktop\Bachelorarbeit\Audio\transkripte\2025-05-22_2975793.txt
2026-07-16T18:37:47,2975443,https://smotrim.ru/video/2975443,ok,,C:\Users\PeppermintButler\Desktop\Bachelorarbeit\Audio\transkripte\2025-05-21_2975443.txt
2026-07-16T18:43:37,2975273,https://smotrim.ru/video/2975273,ok,,C:\Users\PeppermintButler\Desktop\Bachelorarbeit\Audio\transkripte\2025-05-21_2975273.txt
2026-07-16T18:49:49,2974914,https://smotrim.ru/video/2974914,ok,,C:\Users\PeppermintButler\Desktop\Bachelorarbeit\Audio\transkripte\2025-05-20_2974914.txt
2026-07-16T18:55:12,2974744,https://smotrim.ru/video/2974744,ok,,C:\Users\PeppermintButler\Desktop\Bachelorarbeit\Audio\transkripte\2025-05-20_2974744.txt
2026-07-16T19:00:43,2974381,https://smotrim.ru/video/2974381,ok,,C:\Users\PeppermintButler\Desktop\Bachelorarbeit\Audio\transkripte\2025-05-19_2974381.txt
2026-07-16T19:06:57,2974239,https://smotrim.ru/video/2974239,ok,,C:\Users\PeppermintButler\Desktop\Bachelorarbeit\Audio\transkripte\2025-05-19_2974239.txt
2026-07-16T19:12:50,2973430,https://smotrim.ru/video/2973430,ok,,C:\Users\PeppermintButler\Desktop\Bachelorarbeit\Audio\transkripte\2025-05-16_2973430.txt
2026-07-16T19:18:25,2973265,https://smotrim.ru/video/2973265,ok,,C:\Users\PeppermintButler\Desktop\Bachelorarbeit\Audio\transkripte\2025-05-16_2973265.txt
2026-07-16T19:23:46,2972885,https://smotrim.ru/video/2972885,ok,,C:\Users\PeppermintButler\Desktop\Bachelorarbeit\Audio\transkripte\2025-05-15_2972885.txt
2026-07-16T19:29:23,2972735,https://smotrim.ru/video/2972735,ok,,C:\Users\PeppermintButler\Desktop\Bachelorarbeit\Audio\transkripte\2025-05-15_2972735.txt
2026-07-16T19:35:08,2972372,https://smotrim.ru/video/2972372,ok,,C:\Users\PeppermintButler\Desktop\Bachelorarbeit\Audio\transkripte\2025-05-14_2972372.txt
2026-07-16T19:41:09,2972262,https://smotrim.ru/video/2972262,ok,,C:\Users\PeppermintButler\Desktop\Bachelorarbeit\Audio\transkripte\2025-05-14_2972262.txt
2026-07-16T19:46:45,2971842,https://smotrim.ru/video/2971842,ok,,C:\Users\PeppermintButler\Desktop\Bachelorarbeit\Audio\transkripte\2025-05-13_2971842.txt
2026-07-16T19:52:14,2971727,https://smotrim.ru/video/2971727,ok,,C:\Users\PeppermintButler\Desktop\Bachelorarbeit\Audio\transkripte\2025-05-13_2971727.txt
2026-07-16T19:59:05,2971362,https://smotrim.ru/video/2971362,ok,,C:\Users\PeppermintButler\Desktop\Bachelorarbeit\Audio\transkripte\2025-05-12_2971362.txt
2026-07-16T20:05:00,2971228,https://smotrim.ru/video/2971228,ok,,C:\Users\PeppermintButler\Desktop\Bachelorarbeit\Audio\transkripte\2024-05-12_2971228.txt
2026-07-16T20:10:26,2969696,https://smotrim.ru/video/2969696,ok,,C:\Users\PeppermintButler\Desktop\Bachelorarbeit\Audio\transkripte\2025-05-07_2969696.txt
2026-07-16T20:16:55,2969499,https://smotrim.ru/video/2969499,ok,,C:\Users\PeppermintButler\Desktop\Bachelorarbeit\Audio\transkripte\2025-05-07_2969499.txt
2026-07-16T20:22:38,2969148,https://smotrim.ru/video/2969148,ok,,C:\Users\PeppermintButler\Desktop\Bachelorarbeit\Audio\transkripte\2025-05-06_2969148.txt
2026-07-16T20:28:44,2968926,https://smotrim.ru/video/2968926,ok,,C:\Users\PeppermintButler\Desktop\Bachelorarbeit\Audio\transkripte\2025-05-06_2968926.txt
2026-07-16T20:34:49,2968601,https://smotrim.ru/video/2968601,ok,,C:\Users\PeppermintButler\Desktop\Bachelorarbeit\Audio\transkripte\2025-05-05_2968601.txt
2026-07-16T20:40:32,2968378,https://smotrim.ru/video/2968378,ok,,C:\Users\PeppermintButler\Desktop\Bachelorarbeit\Audio\transkripte\2025-05-05_2968378.txt
2026-07-16T20:48:18,2967124,https://smotrim.ru/video/2967124,ok,,C:\Users\PeppermintButler\Desktop\Bachelorarbeit\Audio\transkripte\2025-04-30_2967124.txt
2026-07-16T20:54:00,2967040,https://smotrim.ru/video/2967040,ok,,C:\Users\PeppermintButler\Desktop\Bachelorarbeit\Audio\transkripte\2025-04-30_2967040.txt
2026-07-16T21:00:19,2966577,https://smotrim.ru/video/2966577,ok,,C:\Users\PeppermintButler\Desktop\Bachelorarbeit\Audio\transkripte\2025-04-29_2966577.txt
2026-07-16T21:06:39,2966465,https://smotrim.ru/video/2966465,ok,,C:\Users\PeppermintButler\Desktop\Bachelorarbeit\Audio\transkripte\2025-04-29_2966465.txt
2026-07-16T21:12:48,2965971,https://smotrim.ru/video/2965971,ok,,C:\Users\PeppermintButler\Desktop\Bachelorarbeit\Audio\transkripte\2025-04-28_2965971.txt
2026-07-16T21:19:49,2965851,https://smotrim.ru/video/2965851,ok,,C:\Users\PeppermintButler\Desktop\Bachelorarbeit\Audio\transkripte\2025-04-28_2965851.txt
2026-07-16T21:26:02,2964984,https://smotrim.ru/video/2964984,ok,,C:\Users\PeppermintButler\Desktop\Bachelorarbeit\Audio\transkripte\2025-04-25_2964984.txt
2026-07-16T21:32:38,2964821,https://smotrim.ru/video/2964821,ok,,C:\Users\PeppermintButler\Desktop\Bachelorarbeit\Audio\transkripte\2025-04-25_2964821.txt
2026-07-16T21:39:29,2964443,https://smotrim.ru/video/2964443,ok,,C:\Users\PeppermintButler\Desktop\Bachelorarbeit\Audio\transkripte\2025-04-24_2964443.txt
2026-07-16T21:45:02,2964309,https://smotrim.ru/video/2964309,ok,,C:\Users\PeppermintButler\Desktop\Bachelorarbeit\Audio\transkripte\2025-04-24_2964309.txt
2026-07-16T21:50:34,2963922,https://smotrim.ru/video/2963922,ok,,C:\Users\PeppermintButler\Desktop\Bachelorarbeit\Audio\transkripte\2025-04-23_2963922.txt
2026-07-16T21:56:06,2963748,https://smotrim.ru/video/2963748,ok,,C:\Users\PeppermintButler\Desktop\Bachelorarbeit\Audio\transkripte\2025-04-23_2963748.txt
2026-07-16T22:01:41,2963353,https://smotrim.ru/video/2963353,ok,,C:\Users\PeppermintButler\Desktop\Bachelorarbeit\Audio\transkripte\2025-04-22_2963353.txt
2026-07-16T22:07:37,2963243,https://smotrim.ru/video/2963243,ok,,C:\Users\PeppermintButler\Desktop\Bachelorarbeit\Audio\transkripte\2025-04-22_2963243.txt
2026-07-16T22:13:16,2962878,https://smotrim.ru/video/2962878,ok,,C:\Users\PeppermintButler\Desktop\Bachelorarbeit\Audio\transkripte\2025-04-21_2962878.txt
2026-07-16T22:21:09,2962670,https://smotrim.ru/video/2962670,ok,,C:\Users\PeppermintButler\Desktop\Bachelorarbeit\Audio\transkripte\2025-04-21_2962670.txt
2026-07-16T22:26:54,2961835,https://smotrim.ru/video/2961835,ok,,C:\Users\PeppermintButler\Desktop\Bachelorarbeit\Audio\transkripte\2025-04-18_2961835.txt
2026-07-16T22:33:04,2961709,https://smotrim.ru/video/2961709,ok,,C:\Users\PeppermintButler\Desktop\Bachelorarbeit\Audio\transkripte\2025-04-18_2961709.txt
2026-07-16T22:38:59,2961289,https://smotrim.ru/video/2961289,ok,,C:\Users\PeppermintButler\Desktop\Bachelorarbeit\Audio\transkripte\2025-04-17_2961289.txt
2026-07-16T22:44:50,2961170,https://smotrim.ru/video/2961170,ok,,C:\Users\PeppermintButler\Desktop\Bachelorarbeit\Audio\transkripte\2025-04-17_2961170.txt
2026-07-16T22:50:24,2960717,https://smotrim.ru/video/2960717,ok,,C:\Users\PeppermintButler\Desktop\Bachelorarbeit\Audio\transkripte\2025-04-16_2960717.txt
2026-07-16T22:55:54,2960619,https://smotrim.ru/video/2960619,ok,,C:\Users\PeppermintButler\Desktop\Bachelorarbeit\Audio\transkripte\2025-04-16_2960619.txt
2026-07-16T23:01:40,2960260,https://smotrim.ru/video/2960260,ok,,C:\Users\PeppermintButler\Desktop\Bachelorarbeit\Audio\transkripte\2025-04-15_2960260.txt
2026-07-16T23:07:53,2960063,https://smotrim.ru/video/2960063,ok,,C:\Users\PeppermintButler\Desktop\Bachelorarbeit\Audio\transkripte\2025-04-15_2960063.txt
2026-07-16T23:13:23,2959800,https://smotrim.ru/video/2959800,ok,,C:\Users\PeppermintButler\Desktop\Bachelorarbeit\Audio\transkripte\2025-04-14_2959800.txt
2026-07-16T23:18:33,2959613,https://smotrim.ru/video/2959613,ok,,C:\Users\PeppermintButler\Desktop\Bachelorarbeit\Audio\transkripte\2025-04-14_2959613.txt
2026-07-16T23:24:08,2949417,https://smotrim.ru/video/2949417,ok,,C:\Users\PeppermintButler\Desktop\Bachelorarbeit\Audio\transkripte\2025-03-21_2949417.txt
2026-07-16T23:29:33,2949243,https://smotrim.ru/video/2949243,ok,,C:\Users\PeppermintButler\Desktop\Bachelorarbeit\Audio\transkripte\2025-03-21_2949243.txt
2026-07-16T23:35:50,2948868,https://smotrim.ru/video/2948868,ok,,C:\Users\PeppermintButler\Desktop\Bachelorarbeit\Audio\transkripte\2025-03-20_2948868.txt
2026-07-16T23:41:25,2948699,https://smotrim.ru/video/2948699,ok,,C:\Users\PeppermintButler\Desktop\Bachelorarbeit\Audio\transkripte\2025-03-20_2948699.txt
2026-07-16T23:47:11,2948335,https://smotrim.ru/video/2948335,ok,,C:\Users\PeppermintButler\Desktop\Bachelorarbeit\Audio\transkripte\2025-03-19_2948335.txt
2026-07-16T23:52:42,2948215,https://smotrim.ru/video/2948215,ok,,C:\Users\PeppermintButler\Desktop\Bachelorarbeit\Audio\transkripte\2025-03-19_2948215.txt
2026-07-16T23:58:43,2947846,https://smotrim.ru/video/2947846,ok,,C:\Users\PeppermintButler\Desktop\Bachelorarbeit\Audio\transkripte\2025-03-18_2947846.txt
2026-07-17T00:05:12,2947694,https://smotrim.ru/video/2947694,ok,,C:\Users\PeppermintButler\Desktop\Bachelorarbeit\Audio\transkripte\2025-03-18_2947694.txt
2026-07-17T00:11:40,2947355,https://smotrim.ru/video/2947355,ok,,C:\Users\PeppermintButler\Desktop\Bachelorarbeit\Audio\transkripte\2025-03-17_2947355.txt
2026-07-17T00:17:28,2947177,https://smotrim.ru/video/2947177,ok,,C:\Users\PeppermintButler\Desktop\Bachelorarbeit\Audio\transkripte\2025-03-17_2947177.txt
2026-07-17T00:23:22,2946392,https://smotrim.ru/video/2946392,ok,,C:\Users\PeppermintButler\Desktop\Bachelorarbeit\Audio\transkripte\2025-03-14_2946392.txt
2026-07-17T00:29:38,2946220,https://smotrim.ru/video/2946220,ok,,C:\Users\PeppermintButler\Desktop\Bachelorarbeit\Audio\transkripte\2025-03-14_2946220.txt
2026-07-17T00:35:58,2945863,https://smotrim.ru/video/2945863,ok,,C:\Users\PeppermintButler\Desktop\Bachelorarbeit\Audio\transkripte\2025-03-13_2945863.txt
2026-07-17T00:42:53,2945764,https://smotrim.ru/video/2945764,ok,,C:\Users\PeppermintButler\Desktop\Bachelorarbeit\Audio\transkripte\2025-03-13_2945764.txt
2026-07-17T00:48:49,2945339,https://smotrim.ru/video/2945339,ok,,C:\Users\PeppermintButler\Desktop\Bachelorarbeit\Audio\transkripte\2025-03-12_2945339.txt
2026-07-17T00:54:20,2945172,https://smotrim.ru/video/2945172,ok,,C:\Users\PeppermintButler\Desktop\Bachelorarbeit\Audio\transkripte\2025-03-12_2945172.txt
2026-07-17T01:00:42,2944819,https://smotrim.ru/video/2944819,ok,,C:\Users\PeppermintButler\Desktop\Bachelorarbeit\Audio\transkripte\2025-03-11_2944819.txt
2026-07-17T01:06:36,2944684,https://smotrim.ru/video/2944684,ok,,C:\Users\PeppermintButler\Desktop\Bachelorarbeit\Audio\transkripte\2025-03-11_2944684.txt
2026-07-17T01:12:38,2944302,https://smotrim.ru/video/2944302,ok,,C:\Users\PeppermintButler\Desktop\Bachelorarbeit\Audio\transkripte\2025-03-10_2944302.txt
2026-07-17T01:18:37,2944172,https://smotrim.ru/video/2944172,ok,,C:\Users\PeppermintButler\Desktop\Bachelorarbeit\Audio\transkripte\2025-03-10_2944172.txt
2026-07-17T01:24:23,2943419,https://smotrim.ru/video/2943419,ok,,C:\Users\PeppermintButler\Desktop\Bachelorarbeit\Audio\transkripte\2025-03-07_2943419.txt
2026-07-17T01:30:01,2943286,https://smotrim.ru/video/2943286,ok,,C:\Users\PeppermintButler\Desktop\Bachelorarbeit\Audio\transkripte\2025-03-07_2943286.txt
2026-07-17T01:35:51,2942854,https://smotrim.ru/video/2942854,ok,,C:\Users\PeppermintButler\Desktop\Bachelorarbeit\Audio\transkripte\2025-03-06_2942854.txt
2026-07-17T01:41:40,2942729,https://smotrim.ru/video/2942729,ok,,C:\Users\PeppermintButler\Desktop\Bachelorarbeit\Audio\transkripte\2025-03-06_2942729.txt
2026-07-17T01:47:21,2942374,https://smotrim.ru/video/2942374,ok,,C:\Users\PeppermintButler\Desktop\Bachelorarbeit\Audio\transkripte\2025-03-05_2942374.txt
2026-07-17T01:53:13,2942222,https://smotrim.ru/video/2942222,ok,,C:\Users\PeppermintButler\Desktop\Bachelorarbeit\Audio\transkripte\2025-03-05_2942222.txt
2026-07-17T01:59:05,2941866,https://smotrim.ru/video/2941866,ok,,C:\Users\PeppermintButler\Desktop\Bachelorarbeit\Audio\transkripte\2025-03-04_2941866.txt
2026-07-17T02:04:47,2941771,https://smotrim.ru/video/2941771,ok,,C:\Users\PeppermintButler\Desktop\Bachelorarbeit\Audio\transkripte\2025-03-04_2941771.txt
2026-07-17T02:10:37,2941361,https://smotrim.ru/video/2941361,ok,,C:\Users\PeppermintButler\Desktop\Bachelorarbeit\Audio\transkripte\2025-03-03_2941361.txt
2026-07-17T02:16:44,2941257,https://smotrim.ru/video/2941257,ok,,C:\Users\PeppermintButler\Desktop\Bachelorarbeit\Audio\transkripte\2025-03-03_2941257.txt
2026-07-17T02:22:38,2940391,https://smotrim.ru/video/2940391,ok,,C:\Users\PeppermintButler\Desktop\Bachelorarbeit\Audio\transkripte\2025-02-28_2940391.txt
2026-07-17T02:28:43,2940159,https://smotrim.ru/video/2940159,ok,,C:\Users\PeppermintButler\Desktop\Bachelorarbeit\Audio\transkripte\2025-02-28_2940159.txt
2026-07-17T02:34:37,2939835,https://smotrim.ru/video/2939835,ok,,C:\Users\PeppermintButler\Desktop\Bachelorarbeit\Audio\transkripte\2025-02-27_2939835.txt
2026-07-17T02:40:26,2939657,https://smotrim.ru/video/2939657,ok,,C:\Users\PeppermintButler\Desktop\Bachelorarbeit\Audio\transkripte\2025-02-27_2939657.txt
2026-07-17T02:46:45,2939272,https://smotrim.ru/video/2939272,ok,,C:\Users\PeppermintButler\Desktop\Bachelorarbeit\Audio\transkripte\2025-02-26_2939272.txt
2026-07-17T02:52:05,2939150,https://smotrim.ru/video/2939150,ok,,C:\Users\PeppermintButler\Desktop\Bachelorarbeit\Audio\transkripte\2025-02-26_2939150.txt
2026-07-17T02:57:46,2938758,https://smotrim.ru/video/2938758,ok,,C:\Users\PeppermintButler\Desktop\Bachelorarbeit\Audio\transkripte\2025-02-25_2938758.txt
2026-07-17T03:03:23,2938587,https://smotrim.ru/video/2938587,ok,,C:\Users\PeppermintButler\Desktop\Bachelorarbeit\Audio\transkripte\2025-02-25_2938587.txt
2026-07-17T03:09:03,2938164,https://smotrim.ru/video/2938164,ok,,C:\Users\PeppermintButler\Desktop\Bachelorarbeit\Audio\transkripte\2025-02-24_2938164.txt
2026-07-17T03:14:48,2937996,https://smotrim.ru/video/2937996,ok,,C:\Users\PeppermintButler\Desktop\Bachelorarbeit\Audio\transkripte\2025-02-24_2937996.txt
2026-07-17T03:20:30,2937156,https://smotrim.ru/video/2937156,ok,,C:\Users\PeppermintButler\Desktop\Bachelorarbeit\Audio\transkripte\2025-02-21_2937156.txt
2026-07-17T03:26:35,2937023,https://smotrim.ru/video/2937023,ok,,C:\Users\PeppermintButler\Desktop\Bachelorarbeit\Audio\transkripte\2025-02-21_2937023.txt
2026-07-17T03:32:19,2936618,https://smotrim.ru/video/2936618,ok,,C:\Users\PeppermintButler\Desktop\Bachelorarbeit\Audio\transkripte\2025-02-20_2936618.txt
2026-07-17T03:37:59,2936507,https://smotrim.ru/video/2936507,ok,,C:\Users\PeppermintButler\Desktop\Bachelorarbeit\Audio\transkripte\2025-02-20_2936507.txt
2026-07-17T03:43:58,2936095,https://smotrim.ru/video/2936095,ok,,C:\Users\PeppermintButler\Desktop\Bachelorarbeit\Audio\transkripte\2025-02-19_2936095.txt
2026-07-17T03:49:26,2935983,https://smotrim.ru/video/2935983,ok,,C:\Users\PeppermintButler\Desktop\Bachelorarbeit\Audio\transkripte\2025-02-19_2935983.txt
2026-07-17T03:54:59,2935502,https://smotrim.ru/video/2935502,ok,,C:\Users\PeppermintButler\Desktop\Bachelorarbeit\Audio\transkripte\2025-02-18_2935502.txt
2026-07-17T04:01:22,2935333,https://smotrim.ru/video/2935333,ok,,C:\Users\PeppermintButler\Desktop\Bachelorarbeit\Audio\transkripte\2025-02-18_2935333.txt
2026-07-17T04:06:52,2934958,https://smotrim.ru/video/2934958,ok,,C:\Users\PeppermintButler\Desktop\Bachelorarbeit\Audio\transkripte\2025-02-17_2934958.txt
2026-07-17T10:29:55,2375595,https://smotrim.ru/video/2375595,fehler,WAV nach 3 Versuchen nicht erzeugt: C:\Users\PeppermintButler\Desktop\Bachelorarbeit\Audio\roh\2022-01-17_2375595.wav,
2026-07-17T10:36:23,2933961,https://smotrim.ru/video/2933961,ok,,C:\Users\PeppermintButler\Desktop\Bachelorarbeit\Audio\transkripte\2025-02-14_2933961.txt
2026-07-17T10:42:36,2933714,https://smotrim.ru/video/2933714,ok,,C:\Users\PeppermintButler\Desktop\Bachelorarbeit\Audio\transkripte\2025-02-14_2933714.txt
2026-07-17T10:48:58,2933416,https://smotrim.ru/video/2933416,ok,,C:\Users\PeppermintButler\Desktop\Bachelorarbeit\Audio\transkripte\2025-02-13_2933416.txt
2026-07-17T10:55:35,2933266,https://smotrim.ru/video/2933266,ok,,C:\Users\PeppermintButler\Desktop\Bachelorarbeit\Audio\transkripte\2025-02-13_2933266.txt
2026-07-17T11:02:44,2932907,https://smotrim.ru/video/2932907,ok,,C:\Users\PeppermintButler\Desktop\Bachelorarbeit\Audio\transkripte\2025-02-12_2932907.txt
2026-07-17T11:09:47,2932740,https://smotrim.ru/video/2932740,ok,,C:\Users\PeppermintButler\Desktop\Bachelorarbeit\Audio\transkripte\2025-02-12_2932740.txt
2026-07-17T11:16:40,2929766,https://smotrim.ru/video/2929766,ok,,C:\Users\PeppermintButler\Desktop\Bachelorarbeit\Audio\transkripte\2025-02-05_2929766.txt
2026-07-17T11:23:20,2929610,https://smotrim.ru/video/2929610,ok,,C:\Users\PeppermintButler\Desktop\Bachelorarbeit\Audio\transkripte\2025-02-05_2929610.txt
2026-07-17T11:29:42,2929197,https://smotrim.ru/video/2929197,ok,,C:\Users\PeppermintButler\Desktop\Bachelorarbeit\Audio\transkripte\2025-02-04_2929197.txt
2026-07-17T11:36:23,2929036,https://smotrim.ru/video/2929036,ok,,C:\Users\PeppermintButler\Desktop\Bachelorarbeit\Audio\transkripte\2025-02-04_2929036.txt
2026-07-17T11:43:05,2928650,https://smotrim.ru/video/2928650,ok,,C:\Users\PeppermintButler\Desktop\Bachelorarbeit\Audio\transkripte\2025-02-03_2928650.txt
2026-07-17T11:50:43,2928489,https://smotrim.ru/video/2928489,ok,,C:\Users\PeppermintButler\Desktop\Bachelorarbeit\Audio\transkripte\2025-02-03_2928489.txt
2026-07-17T11:55:51,2927619,https://smotrim.ru/video/2927619,ok,,C:\Users\PeppermintButler\Desktop\Bachelorarbeit\Audio\transkripte\2025-01-31_2927619.txt
2026-07-17T12:00:46,2927399,https://smotrim.ru/video/2927399,ok,,C:\Users\PeppermintButler\Desktop\Bachelorarbeit\Audio\transkripte\2025-01-31_2927399.txt
2026-07-17T12:05:47,2927111,https://smotrim.ru/video/2927111,ok,,C:\Users\PeppermintButler\Desktop\Bachelorarbeit\Audio\transkripte\2025-01-30_2927111.txt
2026-07-17T12:11:47,2926867,https://smotrim.ru/video/2926867,ok,,C:\Users\PeppermintButler\Desktop\Bachelorarbeit\Audio\transkripte\2025-01-30_2926867.txt
2026-07-17T12:16:26,2926555,https://smotrim.ru/video/2926555,ok,,C:\Users\PeppermintButler\Desktop\Bachelorarbeit\Audio\transkripte\2025-01-29_2926555.txt
2026-07-17T12:20:53,2926300,https://smotrim.ru/video/2926300,ok,,C:\Users\PeppermintButler\Desktop\Bachelorarbeit\Audio\transkripte\2025-01-29_2926300.txt
2026-07-17T12:25:58,2926022,https://smotrim.ru/video/2926022,ok,,C:\Users\PeppermintButler\Desktop\Bachelorarbeit\Audio\transkripte\2025-01-28_2926022.txt
2026-07-17T12:31:11,2925786,https://smotrim.ru/video/2925786,ok,,C:\Users\PeppermintButler\Desktop\Bachelorarbeit\Audio\transkripte\2025-01-28_2925786.txt
2026-07-17T12:36:03,2925492,https://smotrim.ru/video/2925492,ok,,C:\Users\PeppermintButler\Desktop\Bachelorarbeit\Audio\transkripte\2025-01-27_2925492.txt
2026-07-17T12:41:13,2925218,https://smotrim.ru/video/2925218,ok,,C:\Users\PeppermintButler\Desktop\Bachelorarbeit\Audio\transkripte\2025-01-27_2925218.txt
2026-07-17T12:46:28,2924443,https://smotrim.ru/video/2924443,ok,,C:\Users\PeppermintButler\Desktop\Bachelorarbeit\Audio\transkripte\2025-01-24_2924443.txt
2026-07-17T12:53:05,2924220,https://smotrim.ru/video/2924220,ok,,C:\Users\PeppermintButler\Desktop\Bachelorarbeit\Audio\transkripte\2025-01-24_2924220.txt
2026-07-17T12:58:03,2923919,https://smotrim.ru/video/2923919,ok,,C:\Users\PeppermintButler\Desktop\Bachelorarbeit\Audio\transkripte\2025-01-23_2923919.txt
2026-07-17T13:03:13,2923663,https://smotrim.ru/video/2923663,ok,,C:\Users\PeppermintButler\Desktop\Bachelorarbeit\Audio\transkripte\2025-01-23_2923663.txt
2026-07-17T13:08:42,2923384,https://smotrim.ru/video/2923384,ok,,C:\Users\PeppermintButler\Desktop\Bachelorarbeit\Audio\transkripte\2025-01-22_2923384.txt
2026-07-17T13:13:16,2923116,https://smotrim.ru/video/2923116,ok,,C:\Users\PeppermintButler\Desktop\Bachelorarbeit\Audio\transkripte\2025-01-22_2923116.txt
2026-07-17T13:18:28,2922869,https://smotrim.ru/video/2922869,ok,,C:\Users\PeppermintButler\Desktop\Bachelorarbeit\Audio\transkripte\2025-01-21_2922869.txt
2026-07-17T13:23:00,2922611,https://smotrim.ru/video/2922611,ok,,C:\Users\PeppermintButler\Desktop\Bachelorarbeit\Audio\transkripte\2025-01-21_2922611.txt
2026-07-17T13:28:09,2922382,https://smotrim.ru/video/2922382,ok,,C:\Users\PeppermintButler\Desktop\Bachelorarbeit\Audio\transkripte\2025-01-20_2922382.txt
2026-07-17T13:33:03,2922295,https://smotrim.ru/video/2922295,ok,,C:\Users\PeppermintButler\Desktop\Bachelorarbeit\Audio\transkripte\2025-01-20_2922295.txt
2026-07-17T13:37:38,2921308,https://smotrim.ru/video/2921308,ok,,C:\Users\PeppermintButler\Desktop\Bachelorarbeit\Audio\transkripte\2025-01-17_2921308.txt
2026-07-17T13:42:13,2921067,https://smotrim.ru/video/2921067,ok,,C:\Users\PeppermintButler\Desktop\Bachelorarbeit\Audio\transkripte\2025-01-17_2921067.txt
2026-07-17T13:47:02,2920721,https://smotrim.ru/video/2920721,ok,,C:\Users\PeppermintButler\Desktop\Bachelorarbeit\Audio\transkripte\2025-01-16_2920721.txt
2026-07-17T13:51:43,2920492,https://smotrim.ru/video/2920492,ok,,C:\Users\PeppermintButler\Desktop\Bachelorarbeit\Audio\transkripte\2025-01-16_2920492.txt
2026-07-17T13:56:16,2920196,https://smotrim.ru/video/2920196,ok,,C:\Users\PeppermintButler\Desktop\Bachelorarbeit\Audio\transkripte\2025-01-15_2920196.txt
2026-07-17T14:01:03,2919979,https://smotrim.ru/video/2919979,ok,,C:\Users\PeppermintButler\Desktop\Bachelorarbeit\Audio\transkripte\2025-01-15_2919979.txt
2026-07-17T14:05:54,2919651,https://smotrim.ru/video/2919651,ok,,C:\Users\PeppermintButler\Desktop\Bachelorarbeit\Audio\transkripte\2025-01-14_2919651.txt
2026-07-17T14:10:51,2919400,https://smotrim.ru/video/2919400,ok,,C:\Users\PeppermintButler\Desktop\Bachelorarbeit\Audio\transkripte\2025-01-14_2919400.txt
2026-07-17T14:15:33,2919077,https://smotrim.ru/video/2919077,ok,,C:\Users\PeppermintButler\Desktop\Bachelorarbeit\Audio\transkripte\2025-01-13_2919077.txt
2026-07-17T14:20:51,2918869,https://smotrim.ru/video/2918869,ok,,C:\Users\PeppermintButler\Desktop\Bachelorarbeit\Audio\transkripte\2025-01-13_2918869.txt
2026-07-17T18:24:20,1980631,https://smotrim.ru/video/1980631,fehler,Keine m3u8-URL gefunden,
2026-07-17T18:24:24,1979984,https://smotrim.ru/video/1979984,fehler,Keine m3u8-URL gefunden,
2026-07-17T18:24:28,1979594,https://smotrim.ru/video/1979594,fehler,Keine m3u8-URL gefunden,
2026-07-17T18:30:36,1980631,https://smotrim.ru/video/1980631,ok,,C:\Users\PeppermintButler\Desktop\Bachelorarbeit\Audio\transkripte\2019-12-27_1980631.txt
2026-07-17T18:34:09,1979984,https://smotrim.ru/video/1979984,ok,,C:\Users\PeppermintButler\Desktop\Bachelorarbeit\Audio\transkripte\2019-12-26_1979984.txt
2026-07-17T18:37:41,1979594,https://smotrim.ru/video/1979594,ok,,C:\Users\PeppermintButler\Desktop\Bachelorarbeit\Audio\transkripte\2019-12-25_1979594.txt
2026-07-17T18:41:14,1979195,https://smotrim.ru/video/1979195,ok,,C:\Users\PeppermintButler\Desktop\Bachelorarbeit\Audio\transkripte\2019-12-24_1979195.txt
2026-07-17T18:44:53,1978795,https://smotrim.ru/video/1978795,ok,,C:\Users\PeppermintButler\Desktop\Bachelorarbeit\Audio\transkripte\2019-12-23_1978795.txt
2026-07-17T18:48:53,1922376,https://smotrim.ru/video/1922376,ok,,C:\Users\PeppermintButler\Desktop\Bachelorarbeit\Audio\transkripte\2019-07-15_1922376.txt
2026-07-17T18:53:32,1921309,https://smotrim.ru/video/1921309,ok,,C:\Users\PeppermintButler\Desktop\Bachelorarbeit\Audio\transkripte\2019-07-11_1921309.txt
2026-07-17T18:57:26,1921104,https://smotrim.ru/video/1921104,ok,,C:\Users\PeppermintButler\Desktop\Bachelorarbeit\Audio\transkripte\2019-07-11_1921104.txt
2026-07-17T19:01:08,1920745,https://smotrim.ru/video/1920745,ok,,C:\Users\PeppermintButler\Desktop\Bachelorarbeit\Audio\transkripte\2019-07-10_1920745.txt
2026-07-17T19:04:41,1920354,https://smotrim.ru/video/1920354,ok,,C:\Users\PeppermintButler\Desktop\Bachelorarbeit\Audio\transkripte\2019-07-09_1920354.txt
2026-07-17T19:08:25,1919955,https://smotrim.ru/video/1919955,ok,,C:\Users\PeppermintButler\Desktop\Bachelorarbeit\Audio\transkripte\2019-07-08_1919955.txt
2026-07-17T19:12:18,1919214,https://smotrim.ru/video/1919214,ok,,C:\Users\PeppermintButler\Desktop\Bachelorarbeit\Audio\transkripte\2019-07-05_1919214.txt
2026-07-17T19:16:05,1918750,https://smotrim.ru/video/1918750,ok,,C:\Users\PeppermintButler\Desktop\Bachelorarbeit\Audio\transkripte\2019-07-04_1918750.txt
2026-07-17T19:20:37,1918328,https://smotrim.ru/video/1918328,ok,,C:\Users\PeppermintButler\Desktop\Bachelorarbeit\Audio\transkripte\2019-07-03_1918328.txt
2026-07-17T19:24:28,1917961,https://smotrim.ru/video/1917961,ok,,C:\Users\PeppermintButler\Desktop\Bachelorarbeit\Audio\transkripte\2019-07-02_1917961.txt
2026-07-17T19:28:30,1917517,https://smotrim.ru/video/1917517,ok,,C:\Users\PeppermintButler\Desktop\Bachelorarbeit\Audio\transkripte\2019-07-01_1917517.txt
2026-07-17T19:33:00,1916771,https://smotrim.ru/video/1916771,ok,,C:\Users\PeppermintButler\Desktop\Bachelorarbeit\Audio\transkripte\2019-06-28_1916771.txt
2026-07-17T19:38:46,1916319,https://smotrim.ru/video/1916319,ok,,C:\Users\PeppermintButler\Desktop\Bachelorarbeit\Audio\transkripte\2019-06-27_1916319.txt
2026-07-17T19:42:55,1915898,https://smotrim.ru/video/1915898,ok,,C:\Users\PeppermintButler\Desktop\Bachelorarbeit\Audio\transkripte\2019-06-26_1915898.txt
2026-07-17T19:46:39,1915516,https://smotrim.ru/video/1915516,ok,,C:\Users\PeppermintButler\Desktop\Bachelorarbeit\Audio\transkripte\2019-06-25_1915516.txt
2026-07-17T19:50:24,1915124,https://smotrim.ru/video/1915124,ok,,C:\Users\PeppermintButler\Desktop\Bachelorarbeit\Audio\transkripte\2019-06-24_1915124.txt
2026-07-17T19:54:06,1914343,https://smotrim.ru/video/1914343,ok,,C:\Users\PeppermintButler\Desktop\Bachelorarbeit\Audio\transkripte\2019-06-21_1914343.txt
2026-07-17T19:58:14,1885217,https://smotrim.ru/video/1885217,ok,,C:\Users\PeppermintButler\Desktop\Bachelorarbeit\Audio\transkripte\2019-03-28_1885217.txt
2026-07-17T20:02:03,1884837,https://smotrim.ru/video/1884837,ok,,C:\Users\PeppermintButler\Desktop\Bachelorarbeit\Audio\transkripte\2019-03-27_1884837.txt
2026-07-17T20:05:32,1884433,https://smotrim.ru/video/1884433,ok,,C:\Users\PeppermintButler\Desktop\Bachelorarbeit\Audio\transkripte\2019-03-26_1884433.txt
2026-07-17T20:09:22,1884042,https://smotrim.ru/video/1884042,ok,,C:\Users\PeppermintButler\Desktop\Bachelorarbeit\Audio\transkripte\2019-03-25_1884042.txt
2026-07-17T20:13:03,1883242,https://smotrim.ru/video/1883242,ok,,C:\Users\PeppermintButler\Desktop\Bachelorarbeit\Audio\transkripte\2019-03-22_1883242.txt
2026-07-17T20:17:00,1882824,https://smotrim.ru/video/1882824,ok,,C:\Users\PeppermintButler\Desktop\Bachelorarbeit\Audio\transkripte\2019-03-21_1882824.txt
2026-07-17T20:22:03,1882423,https://smotrim.ru/video/1882423,ok,,C:\Users\PeppermintButler\Desktop\Bachelorarbeit\Audio\transkripte\2019-03-20_1882423.txt
2026-07-17T20:25:37,1881987,https://smotrim.ru/video/1881987,ok,,C:\Users\PeppermintButler\Desktop\Bachelorarbeit\Audio\transkripte\2019-03-19_1881987.txt
2026-07-17T20:30:13,1881730,https://smotrim.ru/video/1881730,ok,,C:\Users\PeppermintButler\Desktop\Bachelorarbeit\Audio\transkripte\2019-03-18_1881730.txt
2026-07-17T20:33:45,1881579,https://smotrim.ru/video/1881579,ok,,C:\Users\PeppermintButler\Desktop\Bachelorarbeit\Audio\transkripte\2019-03-18_1881579.txt
2026-07-17T20:40:14,1881019,https://smotrim.ru/video/1881019,ok,,C:\Users\PeppermintButler\Desktop\Bachelorarbeit\Audio\transkripte\2019-03-15_1881019.txt
2026-07-17T20:44:57,1880836,https://smotrim.ru/video/1880836,ok,,C:\Users\PeppermintButler\Desktop\Bachelorarbeit\Audio\transkripte\2019-03-15_1880836.txt
2026-07-17T20:48:41,1880199,https://smotrim.ru/video/1880199,ok,,C:\Users\PeppermintButler\Desktop\Bachelorarbeit\Audio\transkripte\2019-03-13_1880199.txt
2026-07-17T20:52:57,1879989,https://smotrim.ru/video/1879989,ok,,C:\Users\PeppermintButler\Desktop\Bachelorarbeit\Audio\transkripte\2019-03-13_1879989.txt
2026-07-17T20:56:39,1879742,https://smotrim.ru/video/1879742,ok,,C:\Users\PeppermintButler\Desktop\Bachelorarbeit\Audio\transkripte\2019-03-12_1879742.txt
2026-07-17T21:01:32,1879595,https://smotrim.ru/video/1879595,ok,,C:\Users\PeppermintButler\Desktop\Bachelorarbeit\Audio\transkripte\2019-03-12_1879595.txt
2026-07-17T21:06:11,1879367,https://smotrim.ru/video/1879367,ok,,C:\Users\PeppermintButler\Desktop\Bachelorarbeit\Audio\transkripte\2019-03-11_1879367.txt
2026-07-17T21:11:02,1879202,https://smotrim.ru/video/1879202,ok,,C:\Users\PeppermintButler\Desktop\Bachelorarbeit\Audio\transkripte\2019-03-11_1879202.txt
2026-07-17T21:15:36,1878570,https://smotrim.ru/video/1878570,ok,,C:\Users\PeppermintButler\Desktop\Bachelorarbeit\Audio\transkripte\2019-03-07_1878570.txt
2026-07-17T21:19:15,1878409,https://smotrim.ru/video/1878409,ok,,C:\Users\PeppermintButler\Desktop\Bachelorarbeit\Audio\transkripte\2019-03-07_1878409.txt
2026-07-17T21:22:49,2254817,https://smotrim.ru/video/2254817,fehler,WAV nach 3 Versuchen nicht erzeugt: C:\Users\PeppermintButler\Desktop\Bachelorarbeit\Audio\roh\2020-12-29_2254817.wav,
2026-07-17T21:28:08,2254437,https://smotrim.ru/video/2254437,ok,,C:\Users\PeppermintButler\Desktop\Bachelorarbeit\Audio\transkripte\2020-12-28_2254437.txt
2026-07-17T21:32:55,2253635,https://smotrim.ru/video/2253635,ok,,C:\Users\PeppermintButler\Desktop\Bachelorarbeit\Audio\transkripte\2020-12-25_2253635.txt
2026-07-17T21:37:34,2253203,https://smotrim.ru/video/2253203,ok,,C:\Users\PeppermintButler\Desktop\Bachelorarbeit\Audio\transkripte\2020-12-24_2253203.txt
2026-07-17T21:41:57,2252831,https://smotrim.ru/video/2252831,ok,,C:\Users\PeppermintButler\Desktop\Bachelorarbeit\Audio\transkripte\2020-12-23_2252831.txt
2026-07-17T21:46:41,2252458,https://smotrim.ru/video/2252458,ok,,C:\Users\PeppermintButler\Desktop\Bachelorarbeit\Audio\transkripte\2020-12-22_2252458.txt
2026-07-17T21:50:57,2218220,https://smotrim.ru/video/2218220,ok,,C:\Users\PeppermintButler\Desktop\Bachelorarbeit\Audio\transkripte\2020-09-01_2218220.txt
2026-07-17T21:54:27,2004275,https://smotrim.ru/video/2004275,ok,,C:\Users\PeppermintButler\Desktop\Bachelorarbeit\Audio\transkripte\2020-03-12_2004275.txt
2026-07-17T21:58:30,2003870,https://smotrim.ru/video/2003870,ok,,C:\Users\PeppermintButler\Desktop\Bachelorarbeit\Audio\transkripte\2020-03-11_2003870.txt
2026-07-17T22:02:13,2003511,https://smotrim.ru/video/2003511,ok,,C:\Users\PeppermintButler\Desktop\Bachelorarbeit\Audio\transkripte\2020-03-10_2003511.txt
2026-07-17T22:06:07,2002657,https://smotrim.ru/video/2002657,ok,,C:\Users\PeppermintButler\Desktop\Bachelorarbeit\Audio\transkripte\2020-03-06_2002657.txt
2026-07-17T22:09:45,2002192,https://smotrim.ru/video/2002192,ok,,C:\Users\PeppermintButler\Desktop\Bachelorarbeit\Audio\transkripte\2020-03-05_2002192.txt
2026-07-17T22:13:24,2001798,https://smotrim.ru/video/2001798,ok,,C:\Users\PeppermintButler\Desktop\Bachelorarbeit\Audio\transkripte\2020-03-04_2001798.txt
2026-07-17T22:17:07,2001382,https://smotrim.ru/video/2001382,ok,,C:\Users\PeppermintButler\Desktop\Bachelorarbeit\Audio\transkripte\2020-03-03_2001382.txt
2026-07-17T22:21:00,2001113,https://smotrim.ru/video/2001113,ok,,C:\Users\PeppermintButler\Desktop\Bachelorarbeit\Audio\transkripte\2020-03-02_2001113.txt
2026-07-17T22:24:54,2000188,https://smotrim.ru/video/2000188,ok,,C:\Users\PeppermintButler\Desktop\Bachelorarbeit\Audio\transkripte\2020-02-28_2000188.txt
2026-07-17T22:28:44,1999786,https://smotrim.ru/video/1999786,ok,,C:\Users\PeppermintButler\Desktop\Bachelorarbeit\Audio\transkripte\2020-02-27_1999786.txt
2026-07-17T22:32:24,1999398,https://smotrim.ru/video/1999398,ok,,C:\Users\PeppermintButler\Desktop\Bachelorarbeit\Audio\transkripte\2020-02-26_1999398.txt
2026-07-17T22:36:09,1998980,https://smotrim.ru/video/1998980,ok,,C:\Users\PeppermintButler\Desktop\Bachelorarbeit\Audio\transkripte\2020-02-25_1998980.txt
2026-07-17T22:39:54,1998141,https://smotrim.ru/video/1998141,ok,,C:\Users\PeppermintButler\Desktop\Bachelorarbeit\Audio\transkripte\2020-02-21_1998141.txt
2026-07-17T22:43:22,1997753,https://smotrim.ru/video/1997753,ok,,C:\Users\PeppermintButler\Desktop\Bachelorarbeit\Audio\transkripte\2020-02-20_1997753.txt
2026-07-17T22:45:41,1985282,https://smotrim.ru/video/1985282,ok,,C:\Users\PeppermintButler\Desktop\Bachelorarbeit\Audio\transkripte\2020-01-15_1985282.txt
2026-07-17T22:50:22,1984914,https://smotrim.ru/video/1984914,ok,,C:\Users\PeppermintButler\Desktop\Bachelorarbeit\Audio\transkripte\2020-01-14_1984914.txt
2026-07-17T22:53:59,1984448,https://smotrim.ru/video/1984448,ok,,C:\Users\PeppermintButler\Desktop\Bachelorarbeit\Audio\transkripte\2020-01-13_1984448.txt
2026-07-17T22:58:19,2315964,https://smotrim.ru/video/2315964,ok,,C:\Users\PeppermintButler\Desktop\Bachelorarbeit\Audio\transkripte\2021-07-09_2315964.txt
2026-07-17T23:03:26,2315572,https://smotrim.ru/video/2315572,ok,,C:\Users\PeppermintButler\Desktop\Bachelorarbeit\Audio\transkripte\2021-07-08_2315572.txt
2026-07-17T23:07:49,2315156,https://smotrim.ru/video/2315156,ok,,C:\Users\PeppermintButler\Desktop\Bachelorarbeit\Audio\transkripte\2021-07-07_2315156.txt
2026-07-17T23:12:11,2314815,https://smotrim.ru/video/2314815,ok,,C:\Users\PeppermintButler\Desktop\Bachelorarbeit\Audio\transkripte\2021-07-06_2314815.txt
2026-07-17T23:16:22,2314442,https://smotrim.ru/video/2314442,ok,,C:\Users\PeppermintButler\Desktop\Bachelorarbeit\Audio\transkripte\2021-07-05_2314442.txt
2026-07-17T23:20:38,2313762,https://smotrim.ru/video/2313762,ok,,C:\Users\PeppermintButler\Desktop\Bachelorarbeit\Audio\transkripte\2021-07-02_2313762.txt
2026-07-17T23:23:20,2313341,https://smotrim.ru/video/2313341,ok,,C:\Users\PeppermintButler\Desktop\Bachelorarbeit\Audio\transkripte\2021-07-01_2313341.txt
2026-07-17T23:26:42,2313073,https://smotrim.ru/video/2313073,ok,,C:\Users\PeppermintButler\Desktop\Bachelorarbeit\Audio\transkripte\2021-06-30_2313073.txt
2026-07-17T23:31:05,2312567,https://smotrim.ru/video/2312567,ok,,C:\Users\PeppermintButler\Desktop\Bachelorarbeit\Audio\transkripte\2021-06-29_2312567.txt
2026-07-17T23:35:15,2311530,https://smotrim.ru/video/2311530,ok,,C:\Users\PeppermintButler\Desktop\Bachelorarbeit\Audio\transkripte\2021-06-25_2311530.txt
2026-07-17T23:39:43,2311161,https://smotrim.ru/video/2311161,ok,,C:\Users\PeppermintButler\Desktop\Bachelorarbeit\Audio\transkripte\2021-06-24_2311161.txt
2026-07-17T23:44:18,2310924,https://smotrim.ru/video/2310924,ok,,C:\Users\PeppermintButler\Desktop\Bachelorarbeit\Audio\transkripte\2021-06-23_2310924.txt
2026-07-17T23:48:29,2310154,https://smotrim.ru/video/2310154,ok,,C:\Users\PeppermintButler\Desktop\Bachelorarbeit\Audio\transkripte\2021-06-21_2310154.txt
2026-07-17T23:53:56,2259019,https://smotrim.ru/video/2259019,ok,,C:\Users\PeppermintButler\Desktop\Bachelorarbeit\Audio\transkripte\2021-01-15_2259019.txt
2026-07-17T23:58:06,2258637,https://smotrim.ru/video/2258637,ok,,C:\Users\PeppermintButler\Desktop\Bachelorarbeit\Audio\transkripte\2021-01-14_2258637.txt
2026-07-18T00:02:24,2258284,https://smotrim.ru/video/2258284,ok,,C:\Users\PeppermintButler\Desktop\Bachelorarbeit\Audio\transkripte\2021-01-13_2258284.txt
2026-07-18T00:06:48,2257933,https://smotrim.ru/video/2257933,ok,,C:\Users\PeppermintButler\Desktop\Bachelorarbeit\Audio\transkripte\2021-01-12_2257933.txt
2026-07-18T00:11:01,2257550,https://smotrim.ru/video/2257550,ok,,C:\Users\PeppermintButler\Desktop\Bachelorarbeit\Audio\transkripte\2021-01-11_2257550.txt
2026-07-18T00:18:46,2535151,https://smotrim.ru/video/2535151,ok,,C:\Users\PeppermintButler\Desktop\Bachelorarbeit\Audio\transkripte\2022-12-22_2535151.txt
2026-07-18T00:26:19,2534536,https://smotrim.ru/video/2534536,ok,,C:\Users\PeppermintButler\Desktop\Bachelorarbeit\Audio\transkripte\2022-12-21_2534536.txt
2026-07-18T00:33:45,2533632,https://smotrim.ru/video/2533632,ok,,C:\Users\PeppermintButler\Desktop\Bachelorarbeit\Audio\transkripte\2022-12-20_2533632.txt
2026-07-18T00:41:03,2532822,https://smotrim.ru/video/2532822,ok,,C:\Users\PeppermintButler\Desktop\Bachelorarbeit\Audio\transkripte\2022-12-19_2532822.txt
2026-07-18T00:49:49,2531931,https://smotrim.ru/video/2531931,ok,,C:\Users\PeppermintButler\Desktop\Bachelorarbeit\Audio\transkripte\2022-12-16_2531931.txt
2026-07-18T00:57:06,2531723,https://smotrim.ru/video/2531723,ok,,C:\Users\PeppermintButler\Desktop\Bachelorarbeit\Audio\transkripte\2022-12-16_2531723.txt
2026-07-18T01:01:23,2376971,https://smotrim.ru/video/2376971,ok,,C:\Users\PeppermintButler\Desktop\Bachelorarbeit\Audio\transkripte\2022-01-21_2376971.txt
2026-07-18T01:01:57,2375595,https://smotrim.ru/video/2375595,fehler,WAV nach 3 Versuchen nicht erzeugt: C:\Users\PeppermintButler\Desktop\Bachelorarbeit\Audio\roh\2022-01-17_2375595.wav,
2026-07-18T01:09:51,2737780,https://smotrim.ru/video/2737780,ok,,C:\Users\PeppermintButler\Desktop\Bachelorarbeit\Audio\transkripte\2023-12-28_2737780.txt
2026-07-18T01:17:51,2737536,https://smotrim.ru/video/2737536,ok,,C:\Users\PeppermintButler\Desktop\Bachelorarbeit\Audio\transkripte\2023-12-28_2737536.txt
2026-07-18T01:25:42,2737168,https://smotrim.ru/video/2737168,ok,,C:\Users\PeppermintButler\Desktop\Bachelorarbeit\Audio\transkripte\2023-12-27_2737168.txt
2026-07-18T01:33:16,2736946,https://smotrim.ru/video/2736946,ok,,C:\Users\PeppermintButler\Desktop\Bachelorarbeit\Audio\transkripte\2023-12-27_2736946.txt
2026-07-18T01:41:06,2736408,https://smotrim.ru/video/2736408,ok,,C:\Users\PeppermintButler\Desktop\Bachelorarbeit\Audio\transkripte\2023-12-26_2736408.txt
2026-07-18T01:48:54,2736167,https://smotrim.ru/video/2736167,ok,,C:\Users\PeppermintButler\Desktop\Bachelorarbeit\Audio\transkripte\2023-12-26_2736167.txt
2026-07-18T01:56:39,2735521,https://smotrim.ru/video/2735521,ok,,C:\Users\PeppermintButler\Desktop\Bachelorarbeit\Audio\transkripte\2023-12-25_2735521.txt
2026-07-18T02:03:52,2734620,https://smotrim.ru/video/2734620,ok,,C:\Users\PeppermintButler\Desktop\Bachelorarbeit\Audio\transkripte\2023-12-22_2734620.txt
2026-07-18T02:11:18,2734424,https://smotrim.ru/video/2734424,ok,,C:\Users\PeppermintButler\Desktop\Bachelorarbeit\Audio\transkripte\2023-12-22_2734424.txt
2026-07-18T02:16:14,2914792,https://smotrim.ru/video/2914792,ok,,C:\Users\PeppermintButler\Desktop\Bachelorarbeit\Audio\transkripte\2024-12-27_2914792.txt
2026-07-18T02:20:48,2914595,https://smotrim.ru/video/2914595,ok,,C:\Users\PeppermintButler\Desktop\Bachelorarbeit\Audio\transkripte\2024-12-27_2914595.txt
2026-07-18T02:25:23,2914260,https://smotrim.ru/video/2914260,ok,,C:\Users\PeppermintButler\Desktop\Bachelorarbeit\Audio\transkripte\2024-12-26_2914260.txt
2026-07-18T02:29:22,2914074,https://smotrim.ru/video/2914074,ok,,C:\Users\PeppermintButler\Desktop\Bachelorarbeit\Audio\transkripte\2024-12-26_2914074.txt
2026-07-18T02:34:01,2913545,https://smotrim.ru/video/2913545,ok,,C:\Users\PeppermintButler\Desktop\Bachelorarbeit\Audio\transkripte\2024-12-25_2913545.txt
2026-07-18T02:38:51,2913344,https://smotrim.ru/video/2913344,ok,,C:\Users\PeppermintButler\Desktop\Bachelorarbeit\Audio\transkripte\2024-12-24_2913344.txt
2026-07-18T02:43:33,2912953,https://smotrim.ru/video/2912953,ok,,C:\Users\PeppermintButler\Desktop\Bachelorarbeit\Audio\transkripte\2024-12-24_2912953.txt
2026-07-18T02:48:14,2912612,https://smotrim.ru/video/2912612,ok,,C:\Users\PeppermintButler\Desktop\Bachelorarbeit\Audio\transkripte\2024-12-23_2912612.txt
2026-07-18T02:52:55,2912297,https://smotrim.ru/video/2912297,ok,,C:\Users\PeppermintButler\Desktop\Bachelorarbeit\Audio\transkripte\2024-12-23_2912297.txt
2026-07-18T02:59:25,3063428,https://smotrim.ru/video/3063428,ok,,C:\Users\PeppermintButler\Desktop\Bachelorarbeit\Audio\transkripte\2025-12-25_3063428.txt
2026-07-18T03:05:35,2959303,https://smotrim.ru/video/2959303,ok,,C:\Users\PeppermintButler\Desktop\Bachelorarbeit\Audio\transkripte\2025-04-11_2959303.txt
2026-07-18T03:11:40,2958621,https://smotrim.ru/video/2958621,ok,,C:\Users\PeppermintButler\Desktop\Bachelorarbeit\Audio\transkripte\2025-04-11_2958621.txt
2026-07-18T03:17:31,2958277,https://smotrim.ru/video/2958277,ok,,C:\Users\PeppermintButler\Desktop\Bachelorarbeit\Audio\transkripte\2025-04-10_2958277.txt
2026-07-18T03:23:32,2958115,https://smotrim.ru/video/2958115,ok,,C:\Users\PeppermintButler\Desktop\Bachelorarbeit\Audio\transkripte\2025-04-10_2958115.txt
2026-07-18T03:29:40,2957779,https://smotrim.ru/video/2957779,ok,,C:\Users\PeppermintButler\Desktop\Bachelorarbeit\Audio\transkripte\2025-04-09_2957779.txt
2026-07-18T03:35:36,2957561,https://smotrim.ru/video/2957561,ok,,C:\Users\PeppermintButler\Desktop\Bachelorarbeit\Audio\transkripte\2025-04-09_2957561.txt
2026-07-18T03:41:39,2957241,https://smotrim.ru/video/2957241,ok,,C:\Users\PeppermintButler\Desktop\Bachelorarbeit\Audio\transkripte\2025-04-08_2957241.txt
2026-07-18T03:47:27,2956992,https://smotrim.ru/video/2956992,ok,,C:\Users\PeppermintButler\Desktop\Bachelorarbeit\Audio\transkripte\2025-04-08_2956992.txt
2026-07-18T03:53:10,2956715,https://smotrim.ru/video/2956715,ok,,C:\Users\PeppermintButler\Desktop\Bachelorarbeit\Audio\transkripte\2025-04-07_2956715.txt
2026-07-18T03:59:10,2956468,https://smotrim.ru/video/2956468,ok,,C:\Users\PeppermintButler\Desktop\Bachelorarbeit\Audio\transkripte\2025-04-07_2956468.txt
2026-07-18T04:05:16,2955678,https://smotrim.ru/video/2955678,ok,,C:\Users\PeppermintButler\Desktop\Bachelorarbeit\Audio\transkripte\2025-04-04_2955678.txt
2026-07-18T04:12:13,2955475,https://smotrim.ru/video/2955475,ok,,C:\Users\PeppermintButler\Desktop\Bachelorarbeit\Audio\transkripte\2025-04-04_2955475.txt
2026-07-18T04:18:21,2955163,https://smotrim.ru/video/2955163,ok,,C:\Users\PeppermintButler\Desktop\Bachelorarbeit\Audio\transkripte\2025-04-03_2955163.txt
2026-07-18T04:25:09,2954974,https://smotrim.ru/video/2954974,ok,,C:\Users\PeppermintButler\Desktop\Bachelorarbeit\Audio\transkripte\2025-04-03_2954974.txt
2026-07-18T04:31:41,2954569,https://smotrim.ru/video/2954569,ok,,C:\Users\PeppermintButler\Desktop\Bachelorarbeit\Audio\transkripte\2025-04-02_2954569.txt
2026-07-18T04:37:53,2954435,https://smotrim.ru/video/2954435,ok,,C:\Users\PeppermintButler\Desktop\Bachelorarbeit\Audio\transkripte\2025-04-02_2954435.txt
2026-07-18T04:43:57,2954076,https://smotrim.ru/video/2954076,ok,,C:\Users\PeppermintButler\Desktop\Bachelorarbeit\Audio\transkripte\2025-04-01_2954076.txt
2026-07-18T04:50:29,2953849,https://smotrim.ru/video/2953849,ok,,C:\Users\PeppermintButler\Desktop\Bachelorarbeit\Audio\transkripte\2025-04-01_2953849.txt
2026-07-18T04:56:23,2953537,https://smotrim.ru/video/2953537,ok,,C:\Users\PeppermintButler\Desktop\Bachelorarbeit\Audio\transkripte\2025-03-31_2953537.txt
2026-07-18T05:02:43,2953255,https://smotrim.ru/video/2953255,ok,,C:\Users\PeppermintButler\Desktop\Bachelorarbeit\Audio\transkripte\2025-03-31_2953255.txt
2026-07-18T05:08:50,2952596,https://smotrim.ru/video/2952596,ok,,C:\Users\PeppermintButler\Desktop\Bachelorarbeit\Audio\transkripte\2025-03-28_2952596.txt
2026-07-18T05:14:27,2952313,https://smotrim.ru/video/2952313,ok,,C:\Users\PeppermintButler\Desktop\Bachelorarbeit\Audio\transkripte\2025-03-28_2952313.txt
2026-07-18T05:20:31,2951960,https://smotrim.ru/video/2951960,ok,,C:\Users\PeppermintButler\Desktop\Bachelorarbeit\Audio\transkripte\2025-03-27_2951960.txt
2026-07-18T05:26:29,2951806,https://smotrim.ru/video/2951806,ok,,C:\Users\PeppermintButler\Desktop\Bachelorarbeit\Audio\transkripte\2025-03-27_2951806.txt
2026-07-18T05:33:05,2951435,https://smotrim.ru/video/2951435,ok,,C:\Users\PeppermintButler\Desktop\Bachelorarbeit\Audio\transkripte\2025-03-26_2951435.txt
2026-07-18T05:39:25,2951263,https://smotrim.ru/video/2951263,ok,,C:\Users\PeppermintButler\Desktop\Bachelorarbeit\Audio\transkripte\2025-03-26_2951263.txt
2026-07-18T05:45:50,2950925,https://smotrim.ru/video/2950925,ok,,C:\Users\PeppermintButler\Desktop\Bachelorarbeit\Audio\transkripte\2025-03-25_2950925.txt
2026-07-18T05:52:10,2950767,https://smotrim.ru/video/2950767,ok,,C:\Users\PeppermintButler\Desktop\Bachelorarbeit\Audio\transkripte\2025-03-25_2950767.txt
2026-07-18T05:58:17,2950414,https://smotrim.ru/video/2950414,ok,,C:\Users\PeppermintButler\Desktop\Bachelorarbeit\Audio\transkripte\2025-03-24_2950414.txt
2026-07-18T06:04:39,2950199,https://smotrim.ru/video/2950199,ok,,C:\Users\PeppermintButler\Desktop\Bachelorarbeit\Audio\transkripte\2025-03-24_2950199.txt
2026-07-18T06:10:37,2932443,https://smotrim.ru/video/2932443,ok,,C:\Users\PeppermintButler\Desktop\Bachelorarbeit\Audio\transkripte\2025-02-11_2932443.txt
2026-07-18T06:16:47,2932195,https://smotrim.ru/video/2932195,ok,,C:\Users\PeppermintButler\Desktop\Bachelorarbeit\Audio\transkripte\2025-02-11_2932195.txt
2026-07-18T06:23:00,2931820,https://smotrim.ru/video/2931820,ok,,C:\Users\PeppermintButler\Desktop\Bachelorarbeit\Audio\transkripte\2025-02-10_2931820.txt
2026-07-18T06:29:36,2931693,https://smotrim.ru/video/2931693,ok,,C:\Users\PeppermintButler\Desktop\Bachelorarbeit\Audio\transkripte\2025-02-10_2931693.txt
2026-07-18T06:35:32,2930786,https://smotrim.ru/video/2930786,ok,,C:\Users\PeppermintButler\Desktop\Bachelorarbeit\Audio\transkripte\2025-02-07_2930786.txt
2026-07-18T06:41:37,2930628,https://smotrim.ru/video/2930628,ok,,C:\Users\PeppermintButler\Desktop\Bachelorarbeit\Audio\transkripte\2025-02-07_2930628.txt
2026-07-18T06:47:29,2930245,https://smotrim.ru/video/2930245,ok,,C:\Users\PeppermintButler\Desktop\Bachelorarbeit\Audio\transkripte\2025-02-06_2930245.txt
2026-07-18T06:54:01,2930096,https://smotrim.ru/video/2930096,ok,,C:\Users\PeppermintButler\Desktop\Bachelorarbeit\Audio\transkripte\2025-02-06_2930096.txt
2026-07-18T06:59:03,2918257,https://smotrim.ru/video/2918257,ok,,C:\Users\PeppermintButler\Desktop\Bachelorarbeit\Audio\transkripte\2025-01-10_2918257.txt
2026-07-18T07:04:09,2918038,https://smotrim.ru/video/2918038,ok,,C:\Users\PeppermintButler\Desktop\Bachelorarbeit\Audio\transkripte\2025-01-10_2918038.txt
2026-07-18T07:08:52,2917746,https://smotrim.ru/video/2917746,ok,,C:\Users\PeppermintButler\Desktop\Bachelorarbeit\Audio\transkripte\2025-01-09_2917746.txt
2026-07-18T07:13:53,2917623,https://smotrim.ru/video/2917623,ok,,C:\Users\PeppermintButler\Desktop\Bachelorarbeit\Audio\transkripte\2025-01-09_2917623.txt
2026-08-18T08:13:18,2894921,https://smotrim.ru/video/2894921,ok,,C:\Users\PeppermintButler\Desktop\Bachelorarbeit\Audio\transkripte\2024-11-15_2894921.txt
2026-08-18T08:17:25,2894647,https://smotrim.ru/video/2894647,ok,,C:\Users\PeppermintButler\Desktop\Bachelorarbeit\Audio\transkripte\2024-11-15_2894647.txt
2026-08-18T08:21:58,2894350,https://smotrim.ru/video/2894350,ok,,C:\Users\PeppermintButler\Desktop\Bachelorarbeit\Audio\transkripte\2024-11-14_2894350.txt
2026-08-18T08:22:26,2894065,https://smotrim.ru/video/2894065,ok,,C:\Users\PeppermintButler\Desktop\Bachelorarbeit\Audio\transkripte\2024-11-14_2894065.txt
2026-08-18T08:26:55,2893812,https://smotrim.ru/video/2893812,ok,,C:\Users\PeppermintButler\Desktop\Bachelorarbeit\Audio\transkripte\2024-11-13_2893812.txt
2026-08-18T08:31:09,2893535,https://smotrim.ru/video/2893535,ok,,C:\Users\PeppermintButler\Desktop\Bachelorarbeit\Audio\transkripte\2024-11-13_2893535.txt
2026-08-18T08:35:04,2893199,https://smotrim.ru/video/2893199,ok,,C:\Users\PeppermintButler\Desktop\Bachelorarbeit\Audio\transkripte\2024-11-12_2893199.txt
2026-08-18T08:39:26,2892993,https://smotrim.ru/video/2892993,ok,,C:\Users\PeppermintButler\Desktop\Bachelorarbeit\Audio\transkripte\2024-11-12_2892993.txt
2026-08-18T08:43:40,2892662,https://smotrim.ru/video/2892662,ok,,C:\Users\PeppermintButler\Desktop\Bachelorarbeit\Audio\transkripte\2024-11-11_2892662.txt
2026-08-18T08:47:47,2892399,https://smotrim.ru/video/2892399,ok,,C:\Users\PeppermintButler\Desktop\Bachelorarbeit\Audio\transkripte\2024-11-11_2892399.txt
2026-08-18T08:52:03,2891621,https://smotrim.ru/video/2891621,ok,,C:\Users\PeppermintButler\Desktop\Bachelorarbeit\Audio\transkripte\2024-11-08_2891621.txt
2026-08-18T08:56:10,2891371,https://smotrim.ru/video/2891371,ok,,C:\Users\PeppermintButler\Desktop\Bachelorarbeit\Audio\transkripte\2024-11-08_2891371.txt
2026-08-18T09:00:02,2891061,https://smotrim.ru/video/2891061,ok,,C:\Users\PeppermintButler\Desktop\Bachelorarbeit\Audio\transkripte\2024-11-07_2891061.txt
2026-08-18T09:04:16,2890766,https://smotrim.ru/video/2890766,ok,,C:\Users\PeppermintButler\Desktop\Bachelorarbeit\Audio\transkripte\2024-11-07_2890766.txt
2026-08-18T09:08:36,2890506,https://smotrim.ru/video/2890506,ok,,C:\Users\PeppermintButler\Desktop\Bachelorarbeit\Audio\transkripte\2024-11-06_2890506.txt
2026-08-18T09:12:56,2890199,https://smotrim.ru/video/2890199,ok,,C:\Users\PeppermintButler\Desktop\Bachelorarbeit\Audio\transkripte\2024-11-06_2890199.txt
2026-08-18T09:17:41,2889901,https://smotrim.ru/video/2889901,ok,,C:\Users\PeppermintButler\Desktop\Bachelorarbeit\Audio\transkripte\2024-11-05_2889901.txt
2026-08-18T09:22:05,2889741,https://smotrim.ru/video/2889741,ok,,C:\Users\PeppermintButler\Desktop\Bachelorarbeit\Audio\transkripte\2024-11-05_2889741.txt
2026-08-18T09:26:52,2888420,https://smotrim.ru/video/2888420,ok,,C:\Users\PeppermintButler\Desktop\Bachelorarbeit\Audio\transkripte\2024-11-01_2888420.txt
2026-08-18T09:31:00,2888196,https://smotrim.ru/video/2888196,ok,,C:\Users\PeppermintButler\Desktop\Bachelorarbeit\Audio\transkripte\2024-11-01_2888196.txt
2026-08-18T09:35:27,2887884,https://smotrim.ru/video/2887884,ok,,C:\Users\PeppermintButler\Desktop\Bachelorarbeit\Audio\transkripte\2024-10-31_2887884.txt
2026-08-18T09:39:52,2887655,https://smotrim.ru/video/2887655,ok,,C:\Users\PeppermintButler\Desktop\Bachelorarbeit\Audio\transkripte\2024-10-31_2887655.txt
2026-08-18T09:43:59,2887313,https://smotrim.ru/video/2887313,ok,,C:\Users\PeppermintButler\Desktop\Bachelorarbeit\Audio\transkripte\2024-10-30_2887313.txt
2026-08-18T09:48:44,2887071,https://smotrim.ru/video/2887071,ok,,C:\Users\PeppermintButler\Desktop\Bachelorarbeit\Audio\transkripte\2024-10-30_2887071.txt
2026-08-18T09:53:10,2886776,https://smotrim.ru/video/2886776,ok,,C:\Users\PeppermintButler\Desktop\Bachelorarbeit\Audio\transkripte\2024-10-29_2886776.txt
2026-08-18T09:57:21,2886546,https://smotrim.ru/video/2886546,ok,,C:\Users\PeppermintButler\Desktop\Bachelorarbeit\Audio\transkripte\2024-10-29_2886546.txt
2026-08-18T10:02:34,2886255,https://smotrim.ru/video/2886255,ok,,C:\Users\PeppermintButler\Desktop\Bachelorarbeit\Audio\transkripte\2024-10-28_2886255.txt
2026-08-18T10:06:58,2885966,https://smotrim.ru/video/2885966,ok,,C:\Users\PeppermintButler\Desktop\Bachelorarbeit\Audio\transkripte\2024-10-28_2885966.txt
2026-08-18T10:11:04,2885151,https://smotrim.ru/video/2885151,ok,,C:\Users\PeppermintButler\Desktop\Bachelorarbeit\Audio\transkripte\2024-10-25_2885151.txt
2026-08-18T10:15:49,2884913,https://smotrim.ru/video/2884913,ok,,C:\Users\PeppermintButler\Desktop\Bachelorarbeit\Audio\transkripte\2024-10-25_2884913.txt
2026-08-18T10:17:41,2884507,https://smotrim.ru/video/2884507,ok,,C:\Users\PeppermintButler\Desktop\Bachelorarbeit\Audio\transkripte\2024-10-24_2884507.txt
2026-08-18T10:21:48,2884303,https://smotrim.ru/video/2884303,ok,,C:\Users\PeppermintButler\Desktop\Bachelorarbeit\Audio\transkripte\2024-10-24_2884303.txt
2026-08-18T10:25:49,2884007,https://smotrim.ru/video/2884007,ok,,C:\Users\PeppermintButler\Desktop\Bachelorarbeit\Audio\transkripte\2024-10-23_2884007.txt
2026-08-18T10:29:52,2883885,https://smotrim.ru/video/2883885,ok,,C:\Users\PeppermintButler\Desktop\Bachelorarbeit\Audio\transkripte\2024-10-23_2883885.txt
2026-08-18T10:33:53,2883509,https://smotrim.ru/video/2883509,ok,,C:\Users\PeppermintButler\Desktop\Bachelorarbeit\Audio\transkripte\2024-10-22_2883509.txt
2026-08-18T10:37:52,2883404,https://smotrim.ru/video/2883404,ok,,C:\Users\PeppermintButler\Desktop\Bachelorarbeit\Audio\transkripte\2024-10-22_2883404.txt
2026-08-18T10:41:57,2882970,https://smotrim.ru/video/2882970,ok,,C:\Users\PeppermintButler\Desktop\Bachelorarbeit\Audio\transkripte\2024-10-21_2882970.txt
2026-08-18T10:46:20,2882864,https://smotrim.ru/video/2882864,ok,,C:\Users\PeppermintButler\Desktop\Bachelorarbeit\Audio\transkripte\2024-10-21_2882864.txt
2026-08-18T10:50:33,2881888,https://smotrim.ru/video/2881888,ok,,C:\Users\PeppermintButler\Desktop\Bachelorarbeit\Audio\transkripte\2024-10-18_2881888.txt
2026-08-18T10:54:35,2881656,https://smotrim.ru/video/2881656,ok,,C:\Users\PeppermintButler\Desktop\Bachelorarbeit\Audio\transkripte\2024-10-18_2881656.txt
2026-08-18T10:59:03,2881350,https://smotrim.ru/video/2881350,ok,,C:\Users\PeppermintButler\Desktop\Bachelorarbeit\Audio\transkripte\2024-10-17_2881350.txt
2026-08-18T11:03:20,2881103,https://smotrim.ru/video/2881103,ok,,C:\Users\PeppermintButler\Desktop\Bachelorarbeit\Audio\transkripte\2024-10-17_2881103.txt
2026-08-18T11:07:20,2880786,https://smotrim.ru/video/2880786,ok,,C:\Users\PeppermintButler\Desktop\Bachelorarbeit\Audio\transkripte\2024-10-16_2880786.txt
2026-08-18T11:11:21,2880545,https://smotrim.ru/video/2880545,ok,,C:\Users\PeppermintButler\Desktop\Bachelorarbeit\Audio\transkripte\2024-10-16_2880545.txt
2026-08-18T11:15:29,2880225,https://smotrim.ru/video/2880225,ok,,C:\Users\PeppermintButler\Desktop\Bachelorarbeit\Audio\transkripte\2024-10-15_2880225.txt
2026-08-18T11:19:55,2879993,https://smotrim.ru/video/2879993,ok,,C:\Users\PeppermintButler\Desktop\Bachelorarbeit\Audio\transkripte\2024-10-15_2879993.txt
2026-08-18T11:23:57,2879666,https://smotrim.ru/video/2879666,ok,,C:\Users\PeppermintButler\Desktop\Bachelorarbeit\Audio\transkripte\2024-10-14_2879666.txt
2026-08-18T11:28:05,2879437,https://smotrim.ru/video/2879437,ok,,C:\Users\PeppermintButler\Desktop\Bachelorarbeit\Audio\transkripte\2024-10-14_2879437.txt
2026-08-18T11:33:18,2878721,https://smotrim.ru/video/2878721,ok,,C:\Users\PeppermintButler\Desktop\Bachelorarbeit\Audio\transkripte\2024-10-11_2878721.txt
2026-08-18T11:37:41,2878530,https://smotrim.ru/video/2878530,ok,,C:\Users\PeppermintButler\Desktop\Bachelorarbeit\Audio\transkripte\2024-10-11_2878530.txt
2026-08-18T11:41:50,2878233,https://smotrim.ru/video/2878233,ok,,C:\Users\PeppermintButler\Desktop\Bachelorarbeit\Audio\transkripte\2024-10-10_2878233.txt
2026-08-18T11:46:39,2878033,https://smotrim.ru/video/2878033,ok,,C:\Users\PeppermintButler\Desktop\Bachelorarbeit\Audio\transkripte\2024-10-10_2878033.txt
2026-08-18T11:51:55,2877751,https://smotrim.ru/video/2877751,ok,,C:\Users\PeppermintButler\Desktop\Bachelorarbeit\Audio\transkripte\2024-10-09_2877751.txt
2026-08-18T11:56:06,2877600,https://smotrim.ru/video/2877600,ok,,C:\Users\PeppermintButler\Desktop\Bachelorarbeit\Audio\transkripte\2024-10-09_2877600.txt
2026-08-18T12:00:24,2877220,https://smotrim.ru/video/2877220,ok,,C:\Users\PeppermintButler\Desktop\Bachelorarbeit\Audio\transkripte\2024-10-08_2877220.txt
2026-08-18T12:04:50,2877172,https://smotrim.ru/video/2877172,ok,,C:\Users\PeppermintButler\Desktop\Bachelorarbeit\Audio\transkripte\2024-10-08_2877172.txt
2026-08-18T12:09:20,2877107,https://smotrim.ru/video/2877107,ok,,C:\Users\PeppermintButler\Desktop\Bachelorarbeit\Audio\transkripte\2024-10-07_2877107.txt
2026-08-18T12:13:08,2876939,https://smotrim.ru/video/2876939,ok,,C:\Users\PeppermintButler\Desktop\Bachelorarbeit\Audio\transkripte\2024-10-07_2876939.txt
2026-08-18T12:17:17,2875986,https://smotrim.ru/video/2875986,ok,,C:\Users\PeppermintButler\Desktop\Bachelorarbeit\Audio\transkripte\2024-10-04_2875986.txt
2026-08-18T12:21:31,2875699,https://smotrim.ru/video/2875699,ok,,C:\Users\PeppermintButler\Desktop\Bachelorarbeit\Audio\transkripte\2024-10-04_2875699.txt
2026-08-18T12:25:45,2875332,https://smotrim.ru/video/2875332,ok,,C:\Users\PeppermintButler\Desktop\Bachelorarbeit\Audio\transkripte\2024-10-03_2875332.txt
2026-08-18T12:30:08,2875046,https://smotrim.ru/video/2875046,ok,,C:\Users\PeppermintButler\Desktop\Bachelorarbeit\Audio\transkripte\2024-10-03_2875046.txt
2026-08-18T12:34:35,2874687,https://smotrim.ru/video/2874687,ok,,C:\Users\PeppermintButler\Desktop\Bachelorarbeit\Audio\transkripte\2024-10-02_2874687.txt
2026-08-18T12:38:43,2874437,https://smotrim.ru/video/2874437,ok,,C:\Users\PeppermintButler\Desktop\Bachelorarbeit\Audio\transkripte\2024-10-02_2874437.txt
2026-08-18T12:43:15,2874114,https://smotrim.ru/video/2874114,ok,,C:\Users\PeppermintButler\Desktop\Bachelorarbeit\Audio\transkripte\2024-10-01_2874114.txt
2026-08-18T12:47:27,2873852,https://smotrim.ru/video/2873852,ok,,C:\Users\PeppermintButler\Desktop\Bachelorarbeit\Audio\transkripte\2024-10-01_2873852.txt
2026-08-18T12:51:29,2873491,https://smotrim.ru/video/2873491,ok,,C:\Users\PeppermintButler\Desktop\Bachelorarbeit\Audio\transkripte\2024-09-30_2873491.txt
2026-08-18T12:56:23,2873201,https://smotrim.ru/video/2873201,ok,,C:\Users\PeppermintButler\Desktop\Bachelorarbeit\Audio\transkripte\2024-09-30_2873201.txt
2026-08-18T13:00:51,2872309,https://smotrim.ru/video/2872309,ok,,C:\Users\PeppermintButler\Desktop\Bachelorarbeit\Audio\transkripte\2024-09-27_2872309.txt
2026-08-18T13:05:13,2872030,https://smotrim.ru/video/2872030,ok,,C:\Users\PeppermintButler\Desktop\Bachelorarbeit\Audio\transkripte\2024-09-27_2872030.txt
2026-08-18T13:09:36,2871665,https://smotrim.ru/video/2871665,ok,,C:\Users\PeppermintButler\Desktop\Bachelorarbeit\Audio\transkripte\2024-09-26_2871665.txt
2026-08-18T13:13:48,2871391,https://smotrim.ru/video/2871391,ok,,C:\Users\PeppermintButler\Desktop\Bachelorarbeit\Audio\transkripte\2024-09-26_2871391.txt
2026-08-18T13:18:51,2871118,https://smotrim.ru/video/2871118,ok,,C:\Users\PeppermintButler\Desktop\Bachelorarbeit\Audio\transkripte\2024-09-25_2871118.txt
2026-08-18T13:23:16,2870902,https://smotrim.ru/video/2870902,ok,,C:\Users\PeppermintButler\Desktop\Bachelorarbeit\Audio\transkripte\2024-09-25_2870902.txt
2026-08-18T13:27:46,2870560,https://smotrim.ru/video/2870560,ok,,C:\Users\PeppermintButler\Desktop\Bachelorarbeit\Audio\transkripte\2024-09-24_2870560.txt
2026-08-18T13:31:35,2870304,https://smotrim.ru/video/2870304,ok,,C:\Users\PeppermintButler\Desktop\Bachelorarbeit\Audio\transkripte\2024-09-24_2870304.txt
2026-08-18T13:35:18,2869982,https://smotrim.ru/video/2869982,ok,,C:\Users\PeppermintButler\Desktop\Bachelorarbeit\Audio\transkripte\2024-09-23_2869982.txt
2026-08-18T13:40:30,2869730,https://smotrim.ru/video/2869730,ok,,C:\Users\PeppermintButler\Desktop\Bachelorarbeit\Audio\transkripte\2024-09-23_2869730.txt
2026-08-18T13:45:33,2868890,https://smotrim.ru/video/2868890,ok,,C:\Users\PeppermintButler\Desktop\Bachelorarbeit\Audio\transkripte\2024-09-20_2868890.txt
2026-08-18T13:49:37,2868639,https://smotrim.ru/video/2868639,ok,,C:\Users\PeppermintButler\Desktop\Bachelorarbeit\Audio\transkripte\2024-09-20_2868639.txt
2026-08-18T13:53:39,2868272,https://smotrim.ru/video/2868272,ok,,C:\Users\PeppermintButler\Desktop\Bachelorarbeit\Audio\transkripte\2024-09-19_2868272.txt
2026-08-18T13:57:45,2868011,https://smotrim.ru/video/2868011,ok,,C:\Users\PeppermintButler\Desktop\Bachelorarbeit\Audio\transkripte\2024-09-19_2868011.txt
2026-08-18T14:01:46,2867681,https://smotrim.ru/video/2867681,ok,,C:\Users\PeppermintButler\Desktop\Bachelorarbeit\Audio\transkripte\2024-09-18_2867681.txt
2026-08-18T14:05:59,2867466,https://smotrim.ru/video/2867466,ok,,C:\Users\PeppermintButler\Desktop\Bachelorarbeit\Audio\transkripte\2024-09-18_2867466.txt
2026-08-18T14:10:34,2867083,https://smotrim.ru/video/2867083,ok,,C:\Users\PeppermintButler\Desktop\Bachelorarbeit\Audio\transkripte\2024-09-17_2867083.txt
2026-08-18T14:14:51,2866850,https://smotrim.ru/video/2866850,ok,,C:\Users\PeppermintButler\Desktop\Bachelorarbeit\Audio\transkripte\2024-09-17_2866850.txt
2026-08-18T14:18:59,2866524,https://smotrim.ru/video/2866524,ok,,C:\Users\PeppermintButler\Desktop\Bachelorarbeit\Audio\transkripte\2024-09-16_2866524.txt
2026-08-18T14:23:03,2866243,https://smotrim.ru/video/2866243,ok,,C:\Users\PeppermintButler\Desktop\Bachelorarbeit\Audio\transkripte\2024-09-16_2866243.txt
2026-08-18T14:27:12,2865476,https://smotrim.ru/video/2865476,ok,,C:\Users\PeppermintButler\Desktop\Bachelorarbeit\Audio\transkripte\2024-09-13_2865476.txt
2026-08-18T14:31:29,2865283,https://smotrim.ru/video/2865283,ok,,C:\Users\PeppermintButler\Desktop\Bachelorarbeit\Audio\transkripte\2024-09-13_2865283.txt
2026-08-18T14:35:52,2864856,https://smotrim.ru/video/2864856,ok,,C:\Users\PeppermintButler\Desktop\Bachelorarbeit\Audio\transkripte\2024-09-12_2864856.txt
2026-08-18T14:40:21,2864573,https://smotrim.ru/video/2864573,ok,,C:\Users\PeppermintButler\Desktop\Bachelorarbeit\Audio\transkripte\2024-09-12_2864573.txt
2026-08-18T14:44:32,2864193,https://smotrim.ru/video/2864193,ok,,C:\Users\PeppermintButler\Desktop\Bachelorarbeit\Audio\transkripte\2024-09-11_2864193.txt
2026-08-18T14:48:37,2864022,https://smotrim.ru/video/2864022,ok,,C:\Users\PeppermintButler\Desktop\Bachelorarbeit\Audio\transkripte\2024-09-11_2864022.txt
2026-08-18T14:53:03,2863524,https://smotrim.ru/video/2863524,ok,,C:\Users\PeppermintButler\Desktop\Bachelorarbeit\Audio\transkripte\2024-09-10_2863524.txt
2026-08-18T14:57:18,2863341,https://smotrim.ru/video/2863341,ok,,C:\Users\PeppermintButler\Desktop\Bachelorarbeit\Audio\transkripte\2024-09-10_2863341.txt
2026-08-18T15:01:46,2862974,https://smotrim.ru/video/2862974,ok,,C:\Users\PeppermintButler\Desktop\Bachelorarbeit\Audio\transkripte\2024-09-09_2862974.txt
2026-08-18T15:05:50,2862747,https://smotrim.ru/video/2862747,ok,,C:\Users\PeppermintButler\Desktop\Bachelorarbeit\Audio\transkripte\2024-09-09_2862747.txt
2026-08-18T15:10:04,2861963,https://smotrim.ru/video/2861963,ok,,C:\Users\PeppermintButler\Desktop\Bachelorarbeit\Audio\transkripte\2024-09-06_2861963.txt
2026-08-18T15:14:15,2861645,https://smotrim.ru/video/2861645,ok,,C:\Users\PeppermintButler\Desktop\Bachelorarbeit\Audio\transkripte\2024-09-06_2861645.txt
2026-08-18T15:18:40,2861312,https://smotrim.ru/video/2861312,ok,,C:\Users\PeppermintButler\Desktop\Bachelorarbeit\Audio\transkripte\2024-09-05_2861312.txt
2026-08-18T15:22:42,2861113,https://smotrim.ru/video/2861113,ok,,C:\Users\PeppermintButler\Desktop\Bachelorarbeit\Audio\transkripte\2024-09-05_2861113.txt
2026-08-18T15:27:04,2860757,https://smotrim.ru/video/2860757,ok,,C:\Users\PeppermintButler\Desktop\Bachelorarbeit\Audio\transkripte\2024-09-04_2860757.txt
2026-08-18T15:31:38,2860525,https://smotrim.ru/video/2860525,ok,,C:\Users\PeppermintButler\Desktop\Bachelorarbeit\Audio\transkripte\2024-09-04_2860525.txt
2026-08-18T15:35:46,2860146,https://smotrim.ru/video/2860146,ok,,C:\Users\PeppermintButler\Desktop\Bachelorarbeit\Audio\transkripte\2024-09-03_2860146.txt
2026-08-18T15:39:47,2859858,https://smotrim.ru/video/2859858,ok,,C:\Users\PeppermintButler\Desktop\Bachelorarbeit\Audio\transkripte\2024-09-03_2859858.txt
2026-08-18T15:44:08,2859460,https://smotrim.ru/video/2859460,ok,,C:\Users\PeppermintButler\Desktop\Bachelorarbeit\Audio\transkripte\2024-09-02_2859460.txt
2026-08-18T15:48:40,2859137,https://smotrim.ru/video/2859137,ok,,C:\Users\PeppermintButler\Desktop\Bachelorarbeit\Audio\transkripte\2024-09-02_2859137.txt
2026-08-18T15:52:59,2858341,https://smotrim.ru/video/2858341,ok,,C:\Users\PeppermintButler\Desktop\Bachelorarbeit\Audio\transkripte\2024-08-30_2858341.txt
2026-08-18T15:57:10,2858103,https://smotrim.ru/video/2858103,ok,,C:\Users\PeppermintButler\Desktop\Bachelorarbeit\Audio\transkripte\2024-08-30_2858103.txt
2026-08-18T16:01:31,2857730,https://smotrim.ru/video/2857730,ok,,C:\Users\PeppermintButler\Desktop\Bachelorarbeit\Audio\transkripte\2024-08-29_2857730.txt
2026-08-18T16:05:44,2857406,https://smotrim.ru/video/2857406,ok,,C:\Users\PeppermintButler\Desktop\Bachelorarbeit\Audio\transkripte\2024-08-29_2857406.txt
2026-08-18T16:10:10,2857022,https://smotrim.ru/video/2857022,ok,,C:\Users\PeppermintButler\Desktop\Bachelorarbeit\Audio\transkripte\2024-08-28_2857022.txt
2026-08-18T16:14:20,2856763,https://smotrim.ru/video/2856763,ok,,C:\Users\PeppermintButler\Desktop\Bachelorarbeit\Audio\transkripte\2024-08-28_2856763.txt
2026-08-18T16:18:53,2856412,https://smotrim.ru/video/2856412,ok,,C:\Users\PeppermintButler\Desktop\Bachelorarbeit\Audio\transkripte\2024-08-27_2856412.txt
2026-08-18T16:23:18,2856137,https://smotrim.ru/video/2856137,ok,,C:\Users\PeppermintButler\Desktop\Bachelorarbeit\Audio\transkripte\2024-08-27_2856137.txt
2026-08-18T16:27:44,2855816,https://smotrim.ru/video/2855816,ok,,C:\Users\PeppermintButler\Desktop\Bachelorarbeit\Audio\transkripte\2024-08-26_2855816.txt
2026-08-18T16:33:14,2855594,https://smotrim.ru/video/2855594,ok,,C:\Users\PeppermintButler\Desktop\Bachelorarbeit\Audio\transkripte\2024-08-26_2855594.txt
2026-08-18T16:37:30,2854853,https://smotrim.ru/video/2854853,ok,,C:\Users\PeppermintButler\Desktop\Bachelorarbeit\Audio\transkripte\2024-08-23_2854853.txt
2026-08-18T16:42:06,2854618,https://smotrim.ru/video/2854618,ok,,C:\Users\PeppermintButler\Desktop\Bachelorarbeit\Audio\transkripte\2024-08-23_2854618.txt
2026-08-18T16:46:58,2854269,https://smotrim.ru/video/2854269,ok,,C:\Users\PeppermintButler\Desktop\Bachelorarbeit\Audio\transkripte\2024-08-22_2854269.txt
2026-08-18T16:51:18,2854032,https://smotrim.ru/video/2854032,ok,,C:\Users\PeppermintButler\Desktop\Bachelorarbeit\Audio\transkripte\2024-08-22_2854032.txt
2026-08-18T16:55:35,2853653,https://smotrim.ru/video/2853653,ok,,C:\Users\PeppermintButler\Desktop\Bachelorarbeit\Audio\transkripte\2024-08-21_2853653.txt
2026-08-18T17:00:39,2853585,https://smotrim.ru/video/2853585,ok,,C:\Users\PeppermintButler\Desktop\Bachelorarbeit\Audio\transkripte\2024-08-21_2853585.txt
2026-08-18T17:04:48,2853090,https://smotrim.ru/video/2853090,ok,,C:\Users\PeppermintButler\Desktop\Bachelorarbeit\Audio\transkripte\2024-08-20_2853090.txt
2026-08-18T17:09:04,2852814,https://smotrim.ru/video/2852814,ok,,C:\Users\PeppermintButler\Desktop\Bachelorarbeit\Audio\transkripte\2024-08-20_2852814.txt
2026-08-18T17:13:41,2852475,https://smotrim.ru/video/2852475,ok,,C:\Users\PeppermintButler\Desktop\Bachelorarbeit\Audio\transkripte\2024-08-19_2852475.txt
2026-08-18T17:18:15,2852191,https://smotrim.ru/video/2852191,ok,,C:\Users\PeppermintButler\Desktop\Bachelorarbeit\Audio\transkripte\2024-08-19_2852191.txt
2026-08-18T17:22:47,2851518,https://smotrim.ru/video/2851518,ok,,C:\Users\PeppermintButler\Desktop\Bachelorarbeit\Audio\transkripte\2024-08-16_2851518.txt
2026-08-18T17:27:12,2851248,https://smotrim.ru/video/2851248,ok,,C:\Users\PeppermintButler\Desktop\Bachelorarbeit\Audio\transkripte\2024-08-16_2851248.txt
2026-08-18T17:31:05,2850882,https://smotrim.ru/video/2850882,ok,,C:\Users\PeppermintButler\Desktop\Bachelorarbeit\Audio\transkripte\2024-08-15_2850882.txt
2026-08-18T17:35:07,2850664,https://smotrim.ru/video/2850664,ok,,C:\Users\PeppermintButler\Desktop\Bachelorarbeit\Audio\transkripte\2024-08-15_2850664.txt
2026-08-18T17:39:09,2850243,https://smotrim.ru/video/2850243,ok,,C:\Users\PeppermintButler\Desktop\Bachelorarbeit\Audio\transkripte\2024-08-14_2850243.txt
2026-08-18T17:43:19,2850072,https://smotrim.ru/video/2850072,ok,,C:\Users\PeppermintButler\Desktop\Bachelorarbeit\Audio\transkripte\2024-08-14_2850072.txt
2026-08-18T17:47:22,2849653,https://smotrim.ru/video/2849653,ok,,C:\Users\PeppermintButler\Desktop\Bachelorarbeit\Audio\transkripte\2024-08-13_2849653.txt
2026-08-18T17:52:04,2849344,https://smotrim.ru/video/2849344,ok,,C:\Users\PeppermintButler\Desktop\Bachelorarbeit\Audio\transkripte\2024-08-13_2849344.txt
2026-08-18T17:56:14,2849024,https://smotrim.ru/video/2849024,ok,,C:\Users\PeppermintButler\Desktop\Bachelorarbeit\Audio\transkripte\2024-08-12_2849024.txt
2026-08-18T18:00:20,2848749,https://smotrim.ru/video/2848749,ok,,C:\Users\PeppermintButler\Desktop\Bachelorarbeit\Audio\transkripte\2024-08-12_2848749.txt
2026-08-18T18:04:09,2848076,https://smotrim.ru/video/2848076,ok,,C:\Users\PeppermintButler\Desktop\Bachelorarbeit\Audio\transkripte\2024-08-09_2848076.txt
2026-08-18T18:08:08,2847815,https://smotrim.ru/video/2847815,ok,,C:\Users\PeppermintButler\Desktop\Bachelorarbeit\Audio\transkripte\2024-08-09_2847815.txt
2026-08-18T18:12:07,2847444,https://smotrim.ru/video/2847444,ok,,C:\Users\PeppermintButler\Desktop\Bachelorarbeit\Audio\transkripte\2024-08-08_2847444.txt
2026-08-18T18:16:27,2847234,https://smotrim.ru/video/2847234,ok,,C:\Users\PeppermintButler\Desktop\Bachelorarbeit\Audio\transkripte\2024-08-08_2847234.txt
2026-08-18T18:20:24,2846833,https://smotrim.ru/video/2846833,ok,,C:\Users\PeppermintButler\Desktop\Bachelorarbeit\Audio\transkripte\2024-08-07_2846833.txt
2026-08-18T18:24:22,2846567,https://smotrim.ru/video/2846567,ok,,C:\Users\PeppermintButler\Desktop\Bachelorarbeit\Audio\transkripte\2024-08-07_2846567.txt
2026-08-18T18:28:16,2846227,https://smotrim.ru/video/2846227,ok,,C:\Users\PeppermintButler\Desktop\Bachelorarbeit\Audio\transkripte\2024-08-06_2846227.txt
2026-08-18T18:32:10,2845983,https://smotrim.ru/video/2845983,ok,,C:\Users\PeppermintButler\Desktop\Bachelorarbeit\Audio\transkripte\2024-08-06_2845983.txt
2026-08-18T18:36:04,2845586,https://smotrim.ru/video/2845586,ok,,C:\Users\PeppermintButler\Desktop\Bachelorarbeit\Audio\transkripte\2024-08-05_2845586.txt
2026-08-18T18:40:25,2845427,https://smotrim.ru/video/2845427,ok,,C:\Users\PeppermintButler\Desktop\Bachelorarbeit\Audio\transkripte\2024-08-05_2845427.txt
2026-08-18T18:44:26,2844723,https://smotrim.ru/video/2844723,ok,,C:\Users\PeppermintButler\Desktop\Bachelorarbeit\Audio\transkripte\2024-08-02_2844723.txt
2026-08-18T18:48:23,2844453,https://smotrim.ru/video/2844453,ok,,C:\Users\PeppermintButler\Desktop\Bachelorarbeit\Audio\transkripte\2024-08-02_2844453.txt
2026-08-18T18:52:33,2844097,https://smotrim.ru/video/2844097,ok,,C:\Users\PeppermintButler\Desktop\Bachelorarbeit\Audio\transkripte\2024-08-01_2844097.txt
2026-08-18T18:56:45,2843875,https://smotrim.ru/video/2843875,ok,,C:\Users\PeppermintButler\Desktop\Bachelorarbeit\Audio\transkripte\2024-08-01_2843875.txt
2026-08-18T19:00:35,2843515,https://smotrim.ru/video/2843515,ok,,C:\Users\PeppermintButler\Desktop\Bachelorarbeit\Audio\transkripte\2024-07-31_2843515.txt
2026-08-18T19:04:28,2843250,https://smotrim.ru/video/2843250,ok,,C:\Users\PeppermintButler\Desktop\Bachelorarbeit\Audio\transkripte\2024-07-31_2843250.txt
2026-08-18T19:08:23,2842914,https://smotrim.ru/video/2842914,ok,,C:\Users\PeppermintButler\Desktop\Bachelorarbeit\Audio\transkripte\2024-07-30_2842914.txt
2026-08-18T19:12:34,2842677,https://smotrim.ru/video/2842677,ok,,C:\Users\PeppermintButler\Desktop\Bachelorarbeit\Audio\transkripte\2024-07-30_2842677.txt
2026-08-18T19:17:26,2842304,https://smotrim.ru/video/2842304,ok,,C:\Users\PeppermintButler\Desktop\Bachelorarbeit\Audio\transkripte\2024-07-29_2842304.txt
2026-08-18T19:24:48,2842074,https://smotrim.ru/video/2842074,ok,,C:\Users\PeppermintButler\Desktop\Bachelorarbeit\Audio\transkripte\2024-07-29_2842074.txt
2026-08-18T19:33:36,2841347,https://smotrim.ru/video/2841347,ok,,C:\Users\PeppermintButler\Desktop\Bachelorarbeit\Audio\transkripte\2024-07-26_2841347.txt
2026-08-18T19:42:16,2841155,https://smotrim.ru/video/2841155,ok,,C:\Users\PeppermintButler\Desktop\Bachelorarbeit\Audio\transkripte\2024-07-26_2841155.txt
2026-08-18T19:50:57,2840829,https://smotrim.ru/video/2840829,ok,,C:\Users\PeppermintButler\Desktop\Bachelorarbeit\Audio\transkripte\2024-07-25_2840829.txt
2026-08-18T19:55:36,2840545,https://smotrim.ru/video/2840545,ok,,C:\Users\PeppermintButler\Desktop\Bachelorarbeit\Audio\transkripte\2024-07-25_2840545.txt
2026-08-18T19:59:29,2840262,https://smotrim.ru/video/2840262,ok,,C:\Users\PeppermintButler\Desktop\Bachelorarbeit\Audio\transkripte\2024-07-24_2840262.txt
2026-08-18T20:03:24,2840063,https://smotrim.ru/video/2840063,ok,,C:\Users\PeppermintButler\Desktop\Bachelorarbeit\Audio\transkripte\2024-07-24_2840063.txt
2026-08-18T20:07:35,2839709,https://smotrim.ru/video/2839709,ok,,C:\Users\PeppermintButler\Desktop\Bachelorarbeit\Audio\transkripte\2024-07-23_2839709.txt
2026-08-18T20:11:42,2839455,https://smotrim.ru/video/2839455,ok,,C:\Users\PeppermintButler\Desktop\Bachelorarbeit\Audio\transkripte\2024-07-23_2839455.txt
2026-08-18T20:15:59,2839184,https://smotrim.ru/video/2839184,ok,,C:\Users\PeppermintButler\Desktop\Bachelorarbeit\Audio\transkripte\2024-07-22_2839184.txt
2026-08-18T20:19:58,2838935,https://smotrim.ru/video/2838935,ok,,C:\Users\PeppermintButler\Desktop\Bachelorarbeit\Audio\transkripte\2024-07-22_2838935.txt
2026-08-18T20:23:59,2838261,https://smotrim.ru/video/2838261,ok,,C:\Users\PeppermintButler\Desktop\Bachelorarbeit\Audio\transkripte\2024-07-19_2838261.txt
2026-08-18T20:28:20,2838058,https://smotrim.ru/video/2838058,ok,,C:\Users\PeppermintButler\Desktop\Bachelorarbeit\Audio\transkripte\2024-07-19_2838058.txt
2026-08-18T20:32:28,2837737,https://smotrim.ru/video/2837737,ok,,C:\Users\PeppermintButler\Desktop\Bachelorarbeit\Audio\transkripte\2024-07-18_2837737.txt
2026-08-18T20:36:28,2837530,https://smotrim.ru/video/2837530,ok,,C:\Users\PeppermintButler\Desktop\Bachelorarbeit\Audio\transkripte\2024-07-18_2837530.txt
2026-08-18T20:40:27,2837185,https://smotrim.ru/video/2837185,ok,,C:\Users\PeppermintButler\Desktop\Bachelorarbeit\Audio\transkripte\2024-07-17_2837185.txt
2026-08-18T20:44:26,2836994,https://smotrim.ru/video/2836994,ok,,C:\Users\PeppermintButler\Desktop\Bachelorarbeit\Audio\transkripte\2024-07-17_2836994.txt
2026-08-18T20:48:26,2836598,https://smotrim.ru/video/2836598,ok,,C:\Users\PeppermintButler\Desktop\Bachelorarbeit\Audio\transkripte\2024-07-16_2836598.txt
2026-08-18T20:52:23,2836373,https://smotrim.ru/video/2836373,ok,,C:\Users\PeppermintButler\Desktop\Bachelorarbeit\Audio\transkripte\2024-07-16_2836373.txt
2026-08-18T20:56:25,2836028,https://smotrim.ru/video/2836028,ok,,C:\Users\PeppermintButler\Desktop\Bachelorarbeit\Audio\transkripte\2024-07-15_2836028.txt
2026-08-18T21:00:21,2835735,https://smotrim.ru/video/2835735,ok,,C:\Users\PeppermintButler\Desktop\Bachelorarbeit\Audio\transkripte\2024-07-15_2835735.txt
2026-08-18T21:04:28,2835089,https://smotrim.ru/video/2835089,ok,,C:\Users\PeppermintButler\Desktop\Bachelorarbeit\Audio\transkripte\2024-07-12_2835089.txt
2026-08-18T21:09:06,2834823,https://smotrim.ru/video/2834823,ok,,C:\Users\PeppermintButler\Desktop\Bachelorarbeit\Audio\transkripte\2024-07-12_2834823.txt
2026-08-18T21:13:14,2834505,https://smotrim.ru/video/2834505,ok,,C:\Users\PeppermintButler\Desktop\Bachelorarbeit\Audio\transkripte\2024-07-11_2834505.txt
2026-08-18T21:17:24,2834254,https://smotrim.ru/video/2834254,ok,,C:\Users\PeppermintButler\Desktop\Bachelorarbeit\Audio\transkripte\2024-07-11_2834254.txt
2026-08-18T21:21:27,2833934,https://smotrim.ru/video/2833934,ok,,C:\Users\PeppermintButler\Desktop\Bachelorarbeit\Audio\transkripte\2024-07-10_2833934.txt
2026-08-18T21:25:47,2833590,https://smotrim.ru/video/2833590,ok,,C:\Users\PeppermintButler\Desktop\Bachelorarbeit\Audio\transkripte\2024-07-10_2833590.txt
2026-08-18T21:29:56,2833346,https://smotrim.ru/video/2833346,ok,,C:\Users\PeppermintButler\Desktop\Bachelorarbeit\Audio\transkripte\2024-07-09_2833346.txt
2026-08-18T21:33:49,2833073,https://smotrim.ru/video/2833073,ok,,C:\Users\PeppermintButler\Desktop\Bachelorarbeit\Audio\transkripte\2024-07-09_2833073.txt
2026-08-18T21:37:54,2832722,https://smotrim.ru/video/2832722,ok,,C:\Users\PeppermintButler\Desktop\Bachelorarbeit\Audio\transkripte\2024-07-08_2832722.txt
2026-08-18T21:42:50,2832472,https://smotrim.ru/video/2832472,ok,,C:\Users\PeppermintButler\Desktop\Bachelorarbeit\Audio\transkripte\2024-07-08_2832472.txt
2026-08-18T21:49:17,2831688,https://smotrim.ru/video/2831688,ok,,C:\Users\PeppermintButler\Desktop\Bachelorarbeit\Audio\transkripte\2024-07-05_2831688.txt
2026-08-18T21:55:07,2831440,https://smotrim.ru/video/2831440,ok,,C:\Users\PeppermintButler\Desktop\Bachelorarbeit\Audio\transkripte\2024-07-05_2831440.txt
2026-08-18T22:01:22,2831065,https://smotrim.ru/video/2831065,ok,,C:\Users\PeppermintButler\Desktop\Bachelorarbeit\Audio\transkripte\2024-07-04_2831065.txt
2026-08-18T22:08:06,2830872,https://smotrim.ru/video/2830872,ok,,C:\Users\PeppermintButler\Desktop\Bachelorarbeit\Audio\transkripte\2024-07-04_2830872.txt
2026-08-18T22:14:30,2830457,https://smotrim.ru/video/2830457,ok,,C:\Users\PeppermintButler\Desktop\Bachelorarbeit\Audio\transkripte\2024-07-03_2830457.txt
2026-08-18T22:20:58,2830235,https://smotrim.ru/video/2830235,ok,,C:\Users\PeppermintButler\Desktop\Bachelorarbeit\Audio\transkripte\2024-07-03_2830235.txt
2026-08-18T22:27:36,2829752,https://smotrim.ru/video/2829752,ok,,C:\Users\PeppermintButler\Desktop\Bachelorarbeit\Audio\transkripte\2024-07-02_2829752.txt
2026-08-18T22:33:57,2829534,https://smotrim.ru/video/2829534,ok,,C:\Users\PeppermintButler\Desktop\Bachelorarbeit\Audio\transkripte\2024-07-02_2829534.txt
2026-08-18T22:40:30,2829141,https://smotrim.ru/video/2829141,ok,,C:\Users\PeppermintButler\Desktop\Bachelorarbeit\Audio\transkripte\2024-07-01_2829141.txt
2026-08-18T22:47:27,2828870,https://smotrim.ru/video/2828870,ok,,C:\Users\PeppermintButler\Desktop\Bachelorarbeit\Audio\transkripte\2024-07-01_2828870.txt
2026-08-18T22:54:02,2828132,https://smotrim.ru/video/2828132,ok,,C:\Users\PeppermintButler\Desktop\Bachelorarbeit\Audio\transkripte\2024-06-28_2828132.txt
2026-08-18T23:00:46,2827912,https://smotrim.ru/video/2827912,ok,,C:\Users\PeppermintButler\Desktop\Bachelorarbeit\Audio\transkripte\2024-06-28_2827912.txt
2026-08-18T23:07:14,2827534,https://smotrim.ru/video/2827534,ok,,C:\Users\PeppermintButler\Desktop\Bachelorarbeit\Audio\transkripte\2024-06-27_2827534.txt
2026-08-18T23:13:49,2827295,https://smotrim.ru/video/2827295,ok,,C:\Users\PeppermintButler\Desktop\Bachelorarbeit\Audio\transkripte\2024-06-27_2827295.txt
2026-08-18T23:20:48,2826927,https://smotrim.ru/video/2826927,ok,,C:\Users\PeppermintButler\Desktop\Bachelorarbeit\Audio\transkripte\2024-06-26_2826927.txt
2026-08-18T23:27:21,2826761,https://smotrim.ru/video/2826761,ok,,C:\Users\PeppermintButler\Desktop\Bachelorarbeit\Audio\transkripte\2024-06-26_2826761.txt
2026-08-18T23:33:59,2826339,https://smotrim.ru/video/2826339,ok,,C:\Users\PeppermintButler\Desktop\Bachelorarbeit\Audio\transkripte\2024-06-25_2826339.txt
2026-08-18T23:40:23,2826014,https://smotrim.ru/video/2826014,ok,,C:\Users\PeppermintButler\Desktop\Bachelorarbeit\Audio\transkripte\2024-06-25_2826014.txt
2026-08-18T23:46:41,2825670,https://smotrim.ru/video/2825670,ok,,C:\Users\PeppermintButler\Desktop\Bachelorarbeit\Audio\transkripte\2024-06-24_2825670.txt
2026-08-18T23:53:11,2825439,https://smotrim.ru/video/2825439,ok,,C:\Users\PeppermintButler\Desktop\Bachelorarbeit\Audio\transkripte\2024-06-24_2825439.txt
2026-08-18T23:59:49,2824699,https://smotrim.ru/video/2824699,ok,,C:\Users\PeppermintButler\Desktop\Bachelorarbeit\Audio\transkripte\2024-06-21_2824699.txt
2026-08-19T00:06:27,2824501,https://smotrim.ru/video/2824501,ok,,C:\Users\PeppermintButler\Desktop\Bachelorarbeit\Audio\transkripte\2024-06-21_2824501.txt
2026-08-19T00:14:12,2824144,https://smotrim.ru/video/2824144,ok,,C:\Users\PeppermintButler\Desktop\Bachelorarbeit\Audio\transkripte\2024-06-20_2824144.txt
2026-08-19T00:21:15,2823854,https://smotrim.ru/video/2823854,ok,,C:\Users\PeppermintButler\Desktop\Bachelorarbeit\Audio\transkripte\2024-06-20_2823854.txt
2026-08-19T00:27:27,2823425,https://smotrim.ru/video/2823425,ok,,C:\Users\PeppermintButler\Desktop\Bachelorarbeit\Audio\transkripte\2024-06-19_2823425.txt
2026-08-19T00:33:49,2823309,https://smotrim.ru/video/2823309,ok,,C:\Users\PeppermintButler\Desktop\Bachelorarbeit\Audio\transkripte\2024-06-19_2823309.txt
2026-08-19T00:41:13,2822872,https://smotrim.ru/video/2822872,ok,,C:\Users\PeppermintButler\Desktop\Bachelorarbeit\Audio\transkripte\2024-06-18_2822872.txt
2026-08-19T00:48:06,2822690,https://smotrim.ru/video/2822690,ok,,C:\Users\PeppermintButler\Desktop\Bachelorarbeit\Audio\transkripte\2024-06-18_2822690.txt
2026-08-19T00:54:36,2822257,https://smotrim.ru/video/2822257,ok,,C:\Users\PeppermintButler\Desktop\Bachelorarbeit\Audio\transkripte\2024-06-17_2822257.txt
2026-08-19T01:01:15,2821946,https://smotrim.ru/video/2821946,ok,,C:\Users\PeppermintButler\Desktop\Bachelorarbeit\Audio\transkripte\2024-06-17_2821946.txt
2026-08-19T01:07:31,2821198,https://smotrim.ru/video/2821198,ok,,C:\Users\PeppermintButler\Desktop\Bachelorarbeit\Audio\transkripte\2024-06-14_2821198.txt
2026-08-19T01:13:47,2820983,https://smotrim.ru/video/2820983,ok,,C:\Users\PeppermintButler\Desktop\Bachelorarbeit\Audio\transkripte\2024-06-14_2820983.txt
2026-08-19T01:19:58,2820610,https://smotrim.ru/video/2820610,ok,,C:\Users\PeppermintButler\Desktop\Bachelorarbeit\Audio\transkripte\2024-06-13_2820610.txt
2026-08-19T01:26:37,2820412,https://smotrim.ru/video/2820412,ok,,C:\Users\PeppermintButler\Desktop\Bachelorarbeit\Audio\transkripte\2024-06-13_2820412.txt
2026-08-19T01:32:52,2819677,https://smotrim.ru/video/2819677,ok,,C:\Users\PeppermintButler\Desktop\Bachelorarbeit\Audio\transkripte\2024-06-11_2819677.txt
2026-08-19T01:39:25,2819341,https://smotrim.ru/video/2819341,ok,,C:\Users\PeppermintButler\Desktop\Bachelorarbeit\Audio\transkripte\2024-06-11_2819341.txt
2026-08-19T01:45:56,2819060,https://smotrim.ru/video/2819060,ok,,C:\Users\PeppermintButler\Desktop\Bachelorarbeit\Audio\transkripte\2024-06-10_2819060.txt
2026-08-19T01:52:25,2818787,https://smotrim.ru/video/2818787,ok,,C:\Users\PeppermintButler\Desktop\Bachelorarbeit\Audio\transkripte\2024-06-10_2818787.txt
2026-08-19T01:58:32,2817982,https://smotrim.ru/video/2817982,ok,,C:\Users\PeppermintButler\Desktop\Bachelorarbeit\Audio\transkripte\2024-06-07_2817982.txt
2026-08-19T02:04:54,2817925,https://smotrim.ru/video/2817925,ok,,C:\Users\PeppermintButler\Desktop\Bachelorarbeit\Audio\transkripte\2024-06-07_2817925.txt
2026-08-19T02:11:23,2817365,https://smotrim.ru/video/2817365,ok,,C:\Users\PeppermintButler\Desktop\Bachelorarbeit\Audio\transkripte\2024-06-06_2817365.txt
2026-08-19T02:17:48,2817071,https://smotrim.ru/video/2817071,ok,,C:\Users\PeppermintButler\Desktop\Bachelorarbeit\Audio\transkripte\2024-06-06_2817071.txt
2026-08-19T02:24:27,2816740,https://smotrim.ru/video/2816740,ok,,C:\Users\PeppermintButler\Desktop\Bachelorarbeit\Audio\transkripte\2024-06-05_2816740.txt
2026-08-19T02:31:28,2816503,https://smotrim.ru/video/2816503,ok,,C:\Users\PeppermintButler\Desktop\Bachelorarbeit\Audio\transkripte\2024-06-05_2816503.txt
2026-08-19T02:38:26,2816097,https://smotrim.ru/video/2816097,ok,,C:\Users\PeppermintButler\Desktop\Bachelorarbeit\Audio\transkripte\2024-06-04_2816097.txt
2026-08-19T02:44:40,2815875,https://smotrim.ru/video/2815875,ok,,C:\Users\PeppermintButler\Desktop\Bachelorarbeit\Audio\transkripte\2024-06-04_2815875.txt
2026-08-19T02:51:38,2815344,https://smotrim.ru/video/2815344,ok,,C:\Users\PeppermintButler\Desktop\Bachelorarbeit\Audio\transkripte\2024-06-03_2815344.txt
2026-08-19T02:58:00,2815204,https://smotrim.ru/video/2815204,ok,,C:\Users\PeppermintButler\Desktop\Bachelorarbeit\Audio\transkripte\2024-06-03_2815204.txt
2026-08-19T03:04:52,2814301,https://smotrim.ru/video/2814301,ok,,C:\Users\PeppermintButler\Desktop\Bachelorarbeit\Audio\transkripte\2024-05-31_2814301.txt
2026-08-19T03:11:30,2814091,https://smotrim.ru/video/2814091,ok,,C:\Users\PeppermintButler\Desktop\Bachelorarbeit\Audio\transkripte\2024-05-31_2814091.txt
2026-08-19T03:18:07,2813662,https://smotrim.ru/video/2813662,ok,,C:\Users\PeppermintButler\Desktop\Bachelorarbeit\Audio\transkripte\2024-05-30_2813662.txt
2026-08-19T03:24:46,2813358,https://smotrim.ru/video/2813358,ok,,C:\Users\PeppermintButler\Desktop\Bachelorarbeit\Audio\transkripte\2024-05-30_2813358.txt
2026-08-19T03:31:25,2813050,https://smotrim.ru/video/2813050,ok,,C:\Users\PeppermintButler\Desktop\Bachelorarbeit\Audio\transkripte\2024-05-29_2813050.txt
2026-08-19T03:38:00,2812854,https://smotrim.ru/video/2812854,ok,,C:\Users\PeppermintButler\Desktop\Bachelorarbeit\Audio\transkripte\2024-05-29_2812854.txt
2026-08-19T03:44:24,2812527,https://smotrim.ru/video/2812527,ok,,C:\Users\PeppermintButler\Desktop\Bachelorarbeit\Audio\transkripte\2024-05-28_2812527.txt
2026-08-19T03:50:43,2812404,https://smotrim.ru/video/2812404,ok,,C:\Users\PeppermintButler\Desktop\Bachelorarbeit\Audio\transkripte\2024-05-28_2812404.txt
2026-08-19T03:57:16,2811902,https://smotrim.ru/video/2811902,ok,,C:\Users\PeppermintButler\Desktop\Bachelorarbeit\Audio\transkripte\2024-05-27_2811902.txt
2026-08-19T04:03:36,2811601,https://smotrim.ru/video/2811601,ok,,C:\Users\PeppermintButler\Desktop\Bachelorarbeit\Audio\transkripte\2024-05-27_2811601.txt
2026-08-19T04:10:15,2810760,https://smotrim.ru/video/2810760,ok,,C:\Users\PeppermintButler\Desktop\Bachelorarbeit\Audio\transkripte\2024-05-24_2810760.txt
2026-08-19T04:17:06,2810496,https://smotrim.ru/video/2810496,ok,,C:\Users\PeppermintButler\Desktop\Bachelorarbeit\Audio\transkripte\2024-05-24_2810496.txt
2026-08-19T04:23:26,2810159,https://smotrim.ru/video/2810159,ok,,C:\Users\PeppermintButler\Desktop\Bachelorarbeit\Audio\transkripte\2024-05-23_2810159.txt
2026-08-19T04:30:04,2809884,https://smotrim.ru/video/2809884,ok,,C:\Users\PeppermintButler\Desktop\Bachelorarbeit\Audio\transkripte\2024-05-23_2809884.txt
2026-08-19T04:37:02,2809532,https://smotrim.ru/video/2809532,ok,,C:\Users\PeppermintButler\Desktop\Bachelorarbeit\Audio\transkripte\2024-05-22_2809532.txt
2026-08-19T04:43:36,2809298,https://smotrim.ru/video/2809298,ok,,C:\Users\PeppermintButler\Desktop\Bachelorarbeit\Audio\transkripte\2024-05-22_2809298.txt
2026-08-19T04:50:06,2808916,https://smotrim.ru/video/2808916,ok,,C:\Users\PeppermintButler\Desktop\Bachelorarbeit\Audio\transkripte\2024-05-21_2808916.txt
2026-08-19T04:56:27,2808703,https://smotrim.ru/video/2808703,ok,,C:\Users\PeppermintButler\Desktop\Bachelorarbeit\Audio\transkripte\2024-05-21_2808703.txt
2026-08-19T05:02:51,2808359,https://smotrim.ru/video/2808359,ok,,C:\Users\PeppermintButler\Desktop\Bachelorarbeit\Audio\transkripte\2024-05-20_2808359.txt
2026-08-19T05:09:43,2808111,https://smotrim.ru/video/2808111,ok,,C:\Users\PeppermintButler\Desktop\Bachelorarbeit\Audio\transkripte\2024-05-20_2808111.txt
2026-08-19T05:16:24,2807325,https://smotrim.ru/video/2807325,ok,,C:\Users\PeppermintButler\Desktop\Bachelorarbeit\Audio\transkripte\2024-05-17_2807325.txt
2026-08-19T05:23:23,2807151,https://smotrim.ru/video/2807151,ok,,C:\Users\PeppermintButler\Desktop\Bachelorarbeit\Audio\transkripte\2024-05-17_2807151.txt
2026-08-19T05:30:01,2806647,https://smotrim.ru/video/2806647,ok,,C:\Users\PeppermintButler\Desktop\Bachelorarbeit\Audio\transkripte\2024-05-16_2806647.txt
2026-08-19T05:36:34,2806447,https://smotrim.ru/video/2806447,ok,,C:\Users\PeppermintButler\Desktop\Bachelorarbeit\Audio\transkripte\2024-05-16_2806447.txt
2026-08-19T05:43:23,2805985,https://smotrim.ru/video/2805985,ok,,C:\Users\PeppermintButler\Desktop\Bachelorarbeit\Audio\transkripte\2024-05-15_2805985.txt
2026-08-19T05:50:15,2805805,https://smotrim.ru/video/2805805,ok,,C:\Users\PeppermintButler\Desktop\Bachelorarbeit\Audio\transkripte\2024-05-15_2805805.txt
2026-08-19T05:56:38,2805385,https://smotrim.ru/video/2805385,ok,,C:\Users\PeppermintButler\Desktop\Bachelorarbeit\Audio\transkripte\2024-05-14_2805385.txt
2026-08-19T06:03:24,2805152,https://smotrim.ru/video/2805152,ok,,C:\Users\PeppermintButler\Desktop\Bachelorarbeit\Audio\transkripte\2024-05-14_2805152.txt
2026-08-19T06:09:47,2804820,https://smotrim.ru/video/2804820,ok,,C:\Users\PeppermintButler\Desktop\Bachelorarbeit\Audio\transkripte\2024-05-13_2804820.txt
2026-08-19T06:16:39,2804635,https://smotrim.ru/video/2804635,ok,,C:\Users\PeppermintButler\Desktop\Bachelorarbeit\Audio\transkripte\2024-05-13_2804635.txt
2026-08-19T06:23:10,2803175,https://smotrim.ru/video/2803175,ok,,C:\Users\PeppermintButler\Desktop\Bachelorarbeit\Audio\transkripte\2024-05-08_2803175.txt
2026-08-19T06:29:54,2802955,https://smotrim.ru/video/2802955,ok,,C:\Users\PeppermintButler\Desktop\Bachelorarbeit\Audio\transkripte\2024-05-08_2802955.txt
2026-08-19T06:36:15,2802411,https://smotrim.ru/video/2802411,ok,,C:\Users\PeppermintButler\Desktop\Bachelorarbeit\Audio\transkripte\2024-05-07_2802411.txt
2026-08-19T06:43:48,2802254,https://smotrim.ru/video/2802254,ok,,C:\Users\PeppermintButler\Desktop\Bachelorarbeit\Audio\transkripte\2024-05-07_2802254.txt
2026-08-19T06:50:37,2801862,https://smotrim.ru/video/2801862,ok,,C:\Users\PeppermintButler\Desktop\Bachelorarbeit\Audio\transkripte\2024-05-06_2801862.txt
2026-08-19T06:57:07,2801618,https://smotrim.ru/video/2801618,ok,,C:\Users\PeppermintButler\Desktop\Bachelorarbeit\Audio\transkripte\2024-05-06_2801618.txt
2026-08-19T07:03:44,2798239,https://smotrim.ru/video/2798239,ok,,C:\Users\PeppermintButler\Desktop\Bachelorarbeit\Audio\transkripte\2024-04-26_2798239.txt
2026-08-19T07:10:38,2798141,https://smotrim.ru/video/2798141,ok,,C:\Users\PeppermintButler\Desktop\Bachelorarbeit\Audio\transkripte\2024-04-26_2798141.txt
2026-08-19T07:17:08,2797715,https://smotrim.ru/video/2797715,ok,,C:\Users\PeppermintButler\Desktop\Bachelorarbeit\Audio\transkripte\2024-04-25_2797715.txt
2026-08-19T07:23:55,2797499,https://smotrim.ru/video/2797499,ok,,C:\Users\PeppermintButler\Desktop\Bachelorarbeit\Audio\transkripte\2024-04-25_2797499.txt
2026-08-19T07:30:33,2796899,https://smotrim.ru/video/2796899,ok,,C:\Users\PeppermintButler\Desktop\Bachelorarbeit\Audio\transkripte\2024-04-24_2796899.txt
2026-08-19T07:37:03,2796661,https://smotrim.ru/video/2796661,ok,,C:\Users\PeppermintButler\Desktop\Bachelorarbeit\Audio\transkripte\2024-04-24_2796661.txt
2026-08-19T07:43:45,2796245,https://smotrim.ru/video/2796245,ok,,C:\Users\PeppermintButler\Desktop\Bachelorarbeit\Audio\transkripte\2024-04-23_2796245.txt
2026-08-19T07:50:01,2796088,https://smotrim.ru/video/2796088,ok,,C:\Users\PeppermintButler\Desktop\Bachelorarbeit\Audio\transkripte\2024-04-23_2796088.txt
2026-08-19T07:56:19,2795669,https://smotrim.ru/video/2795669,ok,,C:\Users\PeppermintButler\Desktop\Bachelorarbeit\Audio\transkripte\2024-04-22_2795669.txt
2026-08-19T08:02:44,2795377,https://smotrim.ru/video/2795377,ok,,C:\Users\PeppermintButler\Desktop\Bachelorarbeit\Audio\transkripte\2024-04-22_2795377.txt
2026-08-19T08:09:05,2794570,https://smotrim.ru/video/2794570,ok,,C:\Users\PeppermintButler\Desktop\Bachelorarbeit\Audio\transkripte\2024-04-19_2794570.txt
2026-08-19T08:15:38,2794414,https://smotrim.ru/video/2794414,ok,,C:\Users\PeppermintButler\Desktop\Bachelorarbeit\Audio\transkripte\2024-04-19_2794414.txt
2026-08-19T08:22:12,2793813,https://smotrim.ru/video/2793813,ok,,C:\Users\PeppermintButler\Desktop\Bachelorarbeit\Audio\transkripte\2024-04-18_2793813.txt
2026-08-19T08:28:38,2793654,https://smotrim.ru/video/2793654,ok,,C:\Users\PeppermintButler\Desktop\Bachelorarbeit\Audio\transkripte\2024-04-18_2793654.txt
2026-08-19T08:35:20,2793245,https://smotrim.ru/video/2793245,ok,,C:\Users\PeppermintButler\Desktop\Bachelorarbeit\Audio\transkripte\2024-04-17_2793245.txt
2026-08-19T08:42:15,2792994,https://smotrim.ru/video/2792994,ok,,C:\Users\PeppermintButler\Desktop\Bachelorarbeit\Audio\transkripte\2024-04-17_2792994.txt
2026-08-19T08:48:50,2792538,https://smotrim.ru/video/2792538,ok,,C:\Users\PeppermintButler\Desktop\Bachelorarbeit\Audio\transkripte\2024-04-16_2792538.txt
2026-08-19T08:55:35,2792319,https://smotrim.ru/video/2792319,ok,,C:\Users\PeppermintButler\Desktop\Bachelorarbeit\Audio\transkripte\2024-04-16_2792319.txt
2026-08-19T09:02:01,2791845,https://smotrim.ru/video/2791845,ok,,C:\Users\PeppermintButler\Desktop\Bachelorarbeit\Audio\transkripte\2024-04-15_2791845.txt
2026-08-19T09:09:11,2791714,https://smotrim.ru/video/2791714,ok,,C:\Users\PeppermintButler\Desktop\Bachelorarbeit\Audio\transkripte\2024-04-15_2791714.txt
2026-08-19T09:15:31,2790921,https://smotrim.ru/video/2790921,ok,,C:\Users\PeppermintButler\Desktop\Bachelorarbeit\Audio\transkripte\2024-04-12_2790921.txt
2026-08-19T09:22:09,2790670,https://smotrim.ru/video/2790670,ok,,C:\Users\PeppermintButler\Desktop\Bachelorarbeit\Audio\transkripte\2024-04-12_2790670.txt
2026-08-19T09:29:11,2790275,https://smotrim.ru/video/2790275,ok,,C:\Users\PeppermintButler\Desktop\Bachelorarbeit\Audio\transkripte\2024-04-11_2790275.txt
2026-08-19T09:35:47,2790067,https://smotrim.ru/video/2790067,ok,,C:\Users\PeppermintButler\Desktop\Bachelorarbeit\Audio\transkripte\2024-04-11_2790067.txt
2026-08-19T09:42:29,2789683,https://smotrim.ru/video/2789683,ok,,C:\Users\PeppermintButler\Desktop\Bachelorarbeit\Audio\transkripte\2024-04-10_2789683.txt
2026-08-19T09:48:54,2789520,https://smotrim.ru/video/2789520,ok,,C:\Users\PeppermintButler\Desktop\Bachelorarbeit\Audio\transkripte\2024-04-10_2789520.txt
2026-08-19T09:55:17,2789003,https://smotrim.ru/video/2789003,ok,,C:\Users\PeppermintButler\Desktop\Bachelorarbeit\Audio\transkripte\2024-04-09_2789003.txt
2026-08-19T10:01:39,2788771,https://smotrim.ru/video/2788771,ok,,C:\Users\PeppermintButler\Desktop\Bachelorarbeit\Audio\transkripte\2024-04-09_2788771.txt
2026-08-19T10:07:56,2788322,https://smotrim.ru/video/2788322,ok,,C:\Users\PeppermintButler\Desktop\Bachelorarbeit\Audio\transkripte\2024-04-08_2788322.txt
2026-08-19T10:14:40,2788036,https://smotrim.ru/video/2788036,ok,,C:\Users\PeppermintButler\Desktop\Bachelorarbeit\Audio\transkripte\2024-04-08_2788036.txt
2026-08-19T10:21:14,2787214,https://smotrim.ru/video/2787214,ok,,C:\Users\PeppermintButler\Desktop\Bachelorarbeit\Audio\transkripte\2024-04-05_2787214.txt
2026-08-19T10:28:04,2786977,https://smotrim.ru/video/2786977,ok,,C:\Users\PeppermintButler\Desktop\Bachelorarbeit\Audio\transkripte\2024-04-05_2786977.txt
2026-08-19T10:35:22,2786604,https://smotrim.ru/video/2786604,ok,,C:\Users\PeppermintButler\Desktop\Bachelorarbeit\Audio\transkripte\2024-04-04_2786604.txt
2026-08-19T10:42:18,2786345,https://smotrim.ru/video/2786345,ok,,C:\Users\PeppermintButler\Desktop\Bachelorarbeit\Audio\transkripte\2024-04-04_2786345.txt
2026-08-19T10:48:57,2785929,https://smotrim.ru/video/2785929,ok,,C:\Users\PeppermintButler\Desktop\Bachelorarbeit\Audio\transkripte\2024-04-03_2785929.txt
2026-08-19T10:55:53,2785767,https://smotrim.ru/video/2785767,ok,,C:\Users\PeppermintButler\Desktop\Bachelorarbeit\Audio\transkripte\2024-04-03_2785767.txt
2026-08-19T11:02:38,2785293,https://smotrim.ru/video/2785293,ok,,C:\Users\PeppermintButler\Desktop\Bachelorarbeit\Audio\transkripte\2024-04-02_2785293.txt
2026-08-19T11:09:39,2784982,https://smotrim.ru/video/2784982,ok,,C:\Users\PeppermintButler\Desktop\Bachelorarbeit\Audio\transkripte\2024-04-02_2784982.txt
2026-08-19T11:16:27,2784525,https://smotrim.ru/video/2784525,ok,,C:\Users\PeppermintButler\Desktop\Bachelorarbeit\Audio\transkripte\2024-04-01_2784525.txt
2026-08-19T11:23:24,2784270,https://smotrim.ru/video/2784270,ok,,C:\Users\PeppermintButler\Desktop\Bachelorarbeit\Audio\transkripte\2024-04-01_2784270.txt
2026-08-19T11:30:00,2783470,https://smotrim.ru/video/2783470,ok,,C:\Users\PeppermintButler\Desktop\Bachelorarbeit\Audio\transkripte\2024-03-29_2783470.txt
2026-08-19T11:36:49,2783181,https://smotrim.ru/video/2783181,ok,,C:\Users\PeppermintButler\Desktop\Bachelorarbeit\Audio\transkripte\2024-03-29_2783181.txt
2026-08-19T11:44:05,2782825,https://smotrim.ru/video/2782825,ok,,C:\Users\PeppermintButler\Desktop\Bachelorarbeit\Audio\transkripte\2024-03-28_2782825.txt
2026-08-19T11:50:50,2782544,https://smotrim.ru/video/2782544,ok,,C:\Users\PeppermintButler\Desktop\Bachelorarbeit\Audio\transkripte\2024-03-28_2782544.txt
2026-08-19T11:57:33,2782150,https://smotrim.ru/video/2782150,ok,,C:\Users\PeppermintButler\Desktop\Bachelorarbeit\Audio\transkripte\2024-03-27_2782150.txt
2026-08-19T12:04:23,2781858,https://smotrim.ru/video/2781858,ok,,C:\Users\PeppermintButler\Desktop\Bachelorarbeit\Audio\transkripte\2024-03-27_2781858.txt
2026-08-19T12:11:05,2781465,https://smotrim.ru/video/2781465,ok,,C:\Users\PeppermintButler\Desktop\Bachelorarbeit\Audio\transkripte\2024-03-26_2781465.txt
2026-08-19T12:17:42,2781274,https://smotrim.ru/video/2781274,ok,,C:\Users\PeppermintButler\Desktop\Bachelorarbeit\Audio\transkripte\2024-03-26_2781274.txt
2026-08-19T12:24:20,2780807,https://smotrim.ru/video/2780807,ok,,C:\Users\PeppermintButler\Desktop\Bachelorarbeit\Audio\transkripte\2024-03-25_2780807.txt
2026-08-19T12:30:50,2780567,https://smotrim.ru/video/2780567,ok,,C:\Users\PeppermintButler\Desktop\Bachelorarbeit\Audio\transkripte\2024-03-25_2780567.txt
2026-08-19T12:37:48,2779623,https://smotrim.ru/video/2779623,ok,,C:\Users\PeppermintButler\Desktop\Bachelorarbeit\Audio\transkripte\2024-03-22_2779623.txt
2026-08-19T12:44:41,2779380,https://smotrim.ru/video/2779380,ok,,C:\Users\PeppermintButler\Desktop\Bachelorarbeit\Audio\transkripte\2024-03-22_2779380.txt
2026-08-19T12:51:40,2779010,https://smotrim.ru/video/2779010,ok,,C:\Users\PeppermintButler\Desktop\Bachelorarbeit\Audio\transkripte\2024-03-21_2779010.txt
2026-08-19T12:58:53,2778759,https://smotrim.ru/video/2778759,ok,,C:\Users\PeppermintButler\Desktop\Bachelorarbeit\Audio\transkripte\2024-03-21_2778759.txt
2026-08-19T13:05:22,2778359,https://smotrim.ru/video/2778359,ok,,C:\Users\PeppermintButler\Desktop\Bachelorarbeit\Audio\transkripte\2024-03-20_2778359.txt
2026-08-19T13:12:00,2778070,https://smotrim.ru/video/2778070,ok,,C:\Users\PeppermintButler\Desktop\Bachelorarbeit\Audio\transkripte\2024-03-20_2778070.txt
2026-08-19T13:18:55,2777678,https://smotrim.ru/video/2777678,ok,,C:\Users\PeppermintButler\Desktop\Bachelorarbeit\Audio\transkripte\2024-03-19_2777678.txt
2026-08-19T13:25:34,2777435,https://smotrim.ru/video/2777435,ok,,C:\Users\PeppermintButler\Desktop\Bachelorarbeit\Audio\transkripte\2024-03-19_2777435.txt
2026-08-19T13:32:03,2777037,https://smotrim.ru/video/2777037,ok,,C:\Users\PeppermintButler\Desktop\Bachelorarbeit\Audio\transkripte\2024-03-18_2777037.txt
2026-08-19T13:39:10,2776801,https://smotrim.ru/video/2776801,ok,,C:\Users\PeppermintButler\Desktop\Bachelorarbeit\Audio\transkripte\2024-03-18_2776801.txt
2026-08-19T13:45:47,2775804,https://smotrim.ru/video/2775804,ok,,C:\Users\PeppermintButler\Desktop\Bachelorarbeit\Audio\transkripte\2024-03-15_2775804.txt
2026-08-19T13:52:29,2775542,https://smotrim.ru/video/2775542,ok,,C:\Users\PeppermintButler\Desktop\Bachelorarbeit\Audio\transkripte\2024-03-15_2775542.txt
2026-08-19T13:59:26,2775098,https://smotrim.ru/video/2775098,ok,,C:\Users\PeppermintButler\Desktop\Bachelorarbeit\Audio\transkripte\2024-03-14_2775098.txt
2026-08-19T14:06:39,2774863,https://smotrim.ru/video/2774863,ok,,C:\Users\PeppermintButler\Desktop\Bachelorarbeit\Audio\transkripte\2024-03-14_2774863.txt
2026-08-19T14:13:01,2774454,https://smotrim.ru/video/2774454,ok,,C:\Users\PeppermintButler\Desktop\Bachelorarbeit\Audio\transkripte\2024-03-13_2774454.txt
2026-08-19T14:19:09,2774257,https://smotrim.ru/video/2774257,ok,,C:\Users\PeppermintButler\Desktop\Bachelorarbeit\Audio\transkripte\2024-03-13_2774257.txt
2026-08-19T14:26:03,2773833,https://smotrim.ru/video/2773833,ok,,C:\Users\PeppermintButler\Desktop\Bachelorarbeit\Audio\transkripte\2024-03-12_2773833.txt
2026-08-19T14:33:17,2773613,https://smotrim.ru/video/2773613,ok,,C:\Users\PeppermintButler\Desktop\Bachelorarbeit\Audio\transkripte\2024-03-12_2773613.txt
2026-08-19T14:40:01,2773185,https://smotrim.ru/video/2773185,ok,,C:\Users\PeppermintButler\Desktop\Bachelorarbeit\Audio\transkripte\2024-03-11_2773185.txt
2026-08-19T14:46:50,2772895,https://smotrim.ru/video/2772895,ok,,C:\Users\PeppermintButler\Desktop\Bachelorarbeit\Audio\transkripte\2024-03-11_2772895.txt
2026-08-19T14:53:21,2771807,https://smotrim.ru/video/2771807,ok,,C:\Users\PeppermintButler\Desktop\Bachelorarbeit\Audio\transkripte\2024-03-07_2771807.txt
2026-08-19T14:59:40,2771544,https://smotrim.ru/video/2771544,ok,,C:\Users\PeppermintButler\Desktop\Bachelorarbeit\Audio\transkripte\2024-03-07_2771544.txt
2026-08-19T15:06:02,2771175,https://smotrim.ru/video/2771175,ok,,C:\Users\PeppermintButler\Desktop\Bachelorarbeit\Audio\transkripte\2024-03-06_2771175.txt
2026-08-19T15:12:25,2770921,https://smotrim.ru/video/2770921,ok,,C:\Users\PeppermintButler\Desktop\Bachelorarbeit\Audio\transkripte\2024-03-06_2770921.txt
2026-08-19T15:19:32,2770573,https://smotrim.ru/video/2770573,ok,,C:\Users\PeppermintButler\Desktop\Bachelorarbeit\Audio\transkripte\2024-03-05_2770573.txt
2026-08-19T15:26:19,2770339,https://smotrim.ru/video/2770339,ok,,C:\Users\PeppermintButler\Desktop\Bachelorarbeit\Audio\transkripte\2024-03-05_2770339.txt
2026-08-19T15:32:51,2769953,https://smotrim.ru/video/2769953,ok,,C:\Users\PeppermintButler\Desktop\Bachelorarbeit\Audio\transkripte\2024-03-04_2769953.txt
2026-08-19T15:39:13,2769727,https://smotrim.ru/video/2769727,ok,,C:\Users\PeppermintButler\Desktop\Bachelorarbeit\Audio\transkripte\2024-03-04_2769727.txt
2026-08-19T15:46:02,2768871,https://smotrim.ru/video/2768871,ok,,C:\Users\PeppermintButler\Desktop\Bachelorarbeit\Audio\transkripte\2024-03-01_2768871.txt
2026-08-19T15:52:50,2768648,https://smotrim.ru/video/2768648,ok,,C:\Users\PeppermintButler\Desktop\Bachelorarbeit\Audio\transkripte\2024-03-01_2768648.txt
2026-08-19T15:59:02,2768290,https://smotrim.ru/video/2768290,ok,,C:\Users\PeppermintButler\Desktop\Bachelorarbeit\Audio\transkripte\2024-02-29_2768290.txt
2026-08-19T16:03:22,2768225,https://smotrim.ru/video/2768225,ok,,C:\Users\PeppermintButler\Desktop\Bachelorarbeit\Audio\transkripte\2024-02-29_2768225.txt
2026-08-19T16:11:01,2767752,https://smotrim.ru/video/2767752,ok,,C:\Users\PeppermintButler\Desktop\Bachelorarbeit\Audio\transkripte\2024-02-28_2767752.txt
2026-08-19T16:17:56,2767491,https://smotrim.ru/video/2767491,ok,,C:\Users\PeppermintButler\Desktop\Bachelorarbeit\Audio\transkripte\2024-02-28_2767491.txt
2026-08-19T16:24:43,2767018,https://smotrim.ru/video/2767018,ok,,C:\Users\PeppermintButler\Desktop\Bachelorarbeit\Audio\transkripte\2024-02-27_2767018.txt
2026-08-19T16:31:23,2766811,https://smotrim.ru/video/2766811,ok,,C:\Users\PeppermintButler\Desktop\Bachelorarbeit\Audio\transkripte\2024-02-27_2766811.txt
2026-08-19T16:37:46,2766473,https://smotrim.ru/video/2766473,ok,,C:\Users\PeppermintButler\Desktop\Bachelorarbeit\Audio\transkripte\2024-02-26_2766473.txt
2026-08-19T16:44:23,2766203,https://smotrim.ru/video/2766203,ok,,C:\Users\PeppermintButler\Desktop\Bachelorarbeit\Audio\transkripte\2024-02-26_2766203.txt
2026-08-19T16:50:40,2765062,https://smotrim.ru/video/2765062,ok,,C:\Users\PeppermintButler\Desktop\Bachelorarbeit\Audio\transkripte\2024-02-22_2765062.txt
2026-08-19T16:57:34,2764849,https://smotrim.ru/video/2764849,ok,,C:\Users\PeppermintButler\Desktop\Bachelorarbeit\Audio\transkripte\2024-02-22_2764849.txt
2026-08-19T17:04:00,2764451,https://smotrim.ru/video/2764451,ok,,C:\Users\PeppermintButler\Desktop\Bachelorarbeit\Audio\transkripte\2024-02-21_2764451.txt
2026-08-19T17:10:28,2764234,https://smotrim.ru/video/2764234,ok,,C:\Users\PeppermintButler\Desktop\Bachelorarbeit\Audio\transkripte\2024-02-21_2764234.txt
2026-08-19T17:16:48,2763772,https://smotrim.ru/video/2763772,ok,,C:\Users\PeppermintButler\Desktop\Bachelorarbeit\Audio\transkripte\2024-02-20_2763772.txt
2026-08-19T17:23:03,2763580,https://smotrim.ru/video/2763580,ok,,C:\Users\PeppermintButler\Desktop\Bachelorarbeit\Audio\transkripte\2024-02-20_2763580.txt
2026-08-19T17:29:19,2763165,https://smotrim.ru/video/2763165,ok,,C:\Users\PeppermintButler\Desktop\Bachelorarbeit\Audio\transkripte\2024-02-19_2763165.txt
2026-08-19T17:35:45,2762910,https://smotrim.ru/video/2762910,ok,,C:\Users\PeppermintButler\Desktop\Bachelorarbeit\Audio\transkripte\2024-02-19_2762910.txt
2026-08-19T17:42:12,2762122,https://smotrim.ru/video/2762122,ok,,C:\Users\PeppermintButler\Desktop\Bachelorarbeit\Audio\transkripte\2024-02-16_2762122.txt
2026-08-19T17:49:08,2761873,https://smotrim.ru/video/2761873,ok,,C:\Users\PeppermintButler\Desktop\Bachelorarbeit\Audio\transkripte\2024-02-16_2761873.txt
2026-08-19T17:55:46,2761399,https://smotrim.ru/video/2761399,ok,,C:\Users\PeppermintButler\Desktop\Bachelorarbeit\Audio\transkripte\2024-02-15_2761399.txt
2026-08-19T18:02:11,2761146,https://smotrim.ru/video/2761146,ok,,C:\Users\PeppermintButler\Desktop\Bachelorarbeit\Audio\transkripte\2024-02-15_2761146.txt
2026-08-19T18:09:05,2760656,https://smotrim.ru/video/2760656,ok,,C:\Users\PeppermintButler\Desktop\Bachelorarbeit\Audio\transkripte\2024-02-14_2760656.txt
2026-08-19T18:15:59,2760389,https://smotrim.ru/video/2760389,ok,,C:\Users\PeppermintButler\Desktop\Bachelorarbeit\Audio\transkripte\2024-02-14_2760389.txt
2026-08-19T18:23:04,2759938,https://smotrim.ru/video/2759938,ok,,C:\Users\PeppermintButler\Desktop\Bachelorarbeit\Audio\transkripte\2024-02-13_2759938.txt
2026-08-19T18:29:43,2759709,https://smotrim.ru/video/2759709,ok,,C:\Users\PeppermintButler\Desktop\Bachelorarbeit\Audio\transkripte\2024-02-13_2759709.txt
2026-08-19T18:36:43,2759280,https://smotrim.ru/video/2759280,ok,,C:\Users\PeppermintButler\Desktop\Bachelorarbeit\Audio\transkripte\2024-02-12_2759280.txt
2026-08-19T18:42:57,2759044,https://smotrim.ru/video/2759044,ok,,C:\Users\PeppermintButler\Desktop\Bachelorarbeit\Audio\transkripte\2024-02-12_2759044.txt
2026-08-19T18:50:37,2758248,https://smotrim.ru/video/2758248,ok,,C:\Users\PeppermintButler\Desktop\Bachelorarbeit\Audio\transkripte\2024-02-09_2758248.txt
2026-08-19T18:57:07,2757967,https://smotrim.ru/video/2757967,ok,,C:\Users\PeppermintButler\Desktop\Bachelorarbeit\Audio\transkripte\2024-02-09_2757967.txt
2026-08-19T19:04:33,2757572,https://smotrim.ru/video/2757572,ok,,C:\Users\PeppermintButler\Desktop\Bachelorarbeit\Audio\transkripte\2024-02-08_2757572.txt
2026-08-19T19:11:37,2757313,https://smotrim.ru/video/2757313,ok,,C:\Users\PeppermintButler\Desktop\Bachelorarbeit\Audio\transkripte\2024-02-08_2757313.txt
2026-08-19T19:18:54,2756870,https://smotrim.ru/video/2756870,ok,,C:\Users\PeppermintButler\Desktop\Bachelorarbeit\Audio\transkripte\2024-02-07_2756870.txt
2026-08-19T19:26:02,2756601,https://smotrim.ru/video/2756601,ok,,C:\Users\PeppermintButler\Desktop\Bachelorarbeit\Audio\transkripte\2024-02-07_2756601.txt
2026-08-19T19:33:17,2756243,https://smotrim.ru/video/2756243,ok,,C:\Users\PeppermintButler\Desktop\Bachelorarbeit\Audio\transkripte\2024-02-06_2756243.txt
2026-08-19T19:40:06,2756011,https://smotrim.ru/video/2756011,ok,,C:\Users\PeppermintButler\Desktop\Bachelorarbeit\Audio\transkripte\2024-02-06_2756011.txt
2026-08-19T19:47:24,2755613,https://smotrim.ru/video/2755613,ok,,C:\Users\PeppermintButler\Desktop\Bachelorarbeit\Audio\transkripte\2024-02-05_2755613.txt
2026-08-19T19:54:29,2755396,https://smotrim.ru/video/2755396,ok,,C:\Users\PeppermintButler\Desktop\Bachelorarbeit\Audio\transkripte\2024-02-05_2755396.txt
2026-08-19T19:55:33,2754549,https://smotrim.ru/video/2754549,fehler,Keine m3u8-URL gefunden,
2026-08-19T20:02:31,2754237,https://smotrim.ru/video/2754237,ok,,C:\Users\PeppermintButler\Desktop\Bachelorarbeit\Audio\transkripte\2024-02-02_2754237.txt
2026-08-19T20:09:41,2753907,https://smotrim.ru/video/2753907,ok,,C:\Users\PeppermintButler\Desktop\Bachelorarbeit\Audio\transkripte\2024-02-01_2753907.txt
2026-08-19T20:10:45,2753637,https://smotrim.ru/video/2753637,fehler,Keine m3u8-URL gefunden,
2026-08-19T20:17:42,2753259,https://smotrim.ru/video/2753259,ok,,C:\Users\PeppermintButler\Desktop\Bachelorarbeit\Audio\transkripte\2024-01-31_2753259.txt
2026-08-19T20:24:18,2752992,https://smotrim.ru/video/2752992,ok,,C:\Users\PeppermintButler\Desktop\Bachelorarbeit\Audio\transkripte\2024-01-31_2752992.txt
2026-08-19T20:31:09,2752613,https://smotrim.ru/video/2752613,ok,,C:\Users\PeppermintButler\Desktop\Bachelorarbeit\Audio\transkripte\2024-01-30_2752613.txt
2026-08-19T20:38:30,2752367,https://smotrim.ru/video/2752367,ok,,C:\Users\PeppermintButler\Desktop\Bachelorarbeit\Audio\transkripte\2024-01-30_2752367.txt
2026-08-19T20:45:15,2751875,https://smotrim.ru/video/2751875,ok,,C:\Users\PeppermintButler\Desktop\Bachelorarbeit\Audio\transkripte\2024-01-29_2751875.txt
2026-08-19T20:52:30,2751603,https://smotrim.ru/video/2751603,ok,,C:\Users\PeppermintButler\Desktop\Bachelorarbeit\Audio\transkripte\2020-01-29_2751603.txt
2026-08-19T20:59:34,2750795,https://smotrim.ru/video/2750795,ok,,C:\Users\PeppermintButler\Desktop\Bachelorarbeit\Audio\transkripte\2024-01-26_2750795.txt
2026-08-19T21:06:56,2750520,https://smotrim.ru/video/2750520,ok,,C:\Users\PeppermintButler\Desktop\Bachelorarbeit\Audio\transkripte\2024-01-26_2750520.txt
2026-08-19T21:13:49,2750214,https://smotrim.ru/video/2750214,ok,,C:\Users\PeppermintButler\Desktop\Bachelorarbeit\Audio\transkripte\2024-01-25_2750214.txt
2026-08-19T21:20:09,2749971,https://smotrim.ru/video/2749971,ok,,C:\Users\PeppermintButler\Desktop\Bachelorarbeit\Audio\transkripte\2024-01-25_2749971.txt
2026-08-19T21:27:22,2749527,https://smotrim.ru/video/2749527,ok,,C:\Users\PeppermintButler\Desktop\Bachelorarbeit\Audio\transkripte\2024-01-24_2749527.txt
2026-08-19T21:34:23,2749353,https://smotrim.ru/video/2749353,ok,,C:\Users\PeppermintButler\Desktop\Bachelorarbeit\Audio\transkripte\2024-01-24_2749353.txt
2026-08-19T21:41:34,2748897,https://smotrim.ru/video/2748897,ok,,C:\Users\PeppermintButler\Desktop\Bachelorarbeit\Audio\transkripte\2024-01-23_2748897.txt
2026-08-19T21:48:34,2748718,https://smotrim.ru/video/2748718,ok,,C:\Users\PeppermintButler\Desktop\Bachelorarbeit\Audio\transkripte\2024-01-23_2748718.txt
2026-08-19T21:55:35,2748303,https://smotrim.ru/video/2748303,ok,,C:\Users\PeppermintButler\Desktop\Bachelorarbeit\Audio\transkripte\2024-01-22_2748303.txt
2026-08-19T22:02:47,2748026,https://smotrim.ru/video/2748026,ok,,C:\Users\PeppermintButler\Desktop\Bachelorarbeit\Audio\transkripte\2024-01-22_2748026.txt
2026-08-19T22:03:51,2747163,https://smotrim.ru/video/2747163,fehler,Keine m3u8-URL gefunden,
2026-08-19T22:10:31,2746880,https://smotrim.ru/video/2746880,ok,,C:\Users\PeppermintButler\Desktop\Bachelorarbeit\Audio\transkripte\2024-01-19_2746880.txt
2026-08-19T22:17:11,2746466,https://smotrim.ru/video/2746466,ok,,C:\Users\PeppermintButler\Desktop\Bachelorarbeit\Audio\transkripte\2024-01-18_2746466.txt
2026-08-19T22:23:47,2746197,https://smotrim.ru/video/2746197,ok,,C:\Users\PeppermintButler\Desktop\Bachelorarbeit\Audio\transkripte\2024-01-18_2746197.txt
2026-08-19T22:30:55,2745783,https://smotrim.ru/video/2745783,ok,,C:\Users\PeppermintButler\Desktop\Bachelorarbeit\Audio\transkripte\2024-01-17_2745783.txt
2026-08-19T22:37:58,2745538,https://smotrim.ru/video/2745538,ok,,C:\Users\PeppermintButler\Desktop\Bachelorarbeit\Audio\transkripte\2024-01-17_2745538.txt
2026-08-19T22:51:34,2754549,https://smotrim.ru/video/2754549,ok,,C:\Users\PeppermintButler\Desktop\Bachelorarbeit\Audio\transkripte\2024-02-02_2754549.txt
2026-08-19T22:58:39,2753637,https://smotrim.ru/video/2753637,ok,,C:\Users\PeppermintButler\Desktop\Bachelorarbeit\Audio\transkripte\2024-02-01_2753637.txt
2026-08-19T23:05:56,2747163,https://smotrim.ru/video/2747163,ok,,C:\Users\PeppermintButler\Desktop\Bachelorarbeit\Audio\transkripte\2024-01-19_2747163.txt
2026-08-19T23:12:53,2744835,https://smotrim.ru/video/2744835,ok,,C:\Users\PeppermintButler\Desktop\Bachelorarbeit\Audio\transkripte\2024-01-16_2744835.txt
2026-08-19T23:20:10,2744439,https://smotrim.ru/video/2744439,ok,,C:\Users\PeppermintButler\Desktop\Bachelorarbeit\Audio\transkripte\2024-01-15_2744439.txt
2026-08-19T23:27:25,2744149,https://smotrim.ru/video/2744149,ok,,C:\Users\PeppermintButler\Desktop\Bachelorarbeit\Audio\transkripte\2024-01-15_2744149.txt
2026-08-19T23:34:25,2743329,https://smotrim.ru/video/2743329,ok,,C:\Users\PeppermintButler\Desktop\Bachelorarbeit\Audio\transkripte\2024-01-12_2743329.txt
2026-08-19T23:41:18,2743081,https://smotrim.ru/video/2743081,ok,,C:\Users\PeppermintButler\Desktop\Bachelorarbeit\Audio\transkripte\2024-01-12_2743081.txt
2026-08-19T23:48:14,2742728,https://smotrim.ru/video/2742728,ok,,C:\Users\PeppermintButler\Desktop\Bachelorarbeit\Audio\transkripte\2024-01-11_2742728.txt
2026-08-19T23:55:03,2742462,https://smotrim.ru/video/2742462,ok,,C:\Users\PeppermintButler\Desktop\Bachelorarbeit\Audio\transkripte\2024-01-11_2742462.txt
2026-08-20T00:02:03,2742076,https://smotrim.ru/video/2742076,ok,,C:\Users\PeppermintButler\Desktop\Bachelorarbeit\Audio\transkripte\2024-01-10_2742076.txt
2026-08-20T00:08:42,2741819,https://smotrim.ru/video/2741819,ok,,C:\Users\PeppermintButler\Desktop\Bachelorarbeit\Audio\transkripte\2024-01-10_2741819.txt
2026-08-20T00:15:51,2741458,https://smotrim.ru/video/2741458,ok,,C:\Users\PeppermintButler\Desktop\Bachelorarbeit\Audio\transkripte\2024-01-09_2741458.txt
2026-08-20T00:22:48,2741190,https://smotrim.ru/video/2741190,ok,,C:\Users\PeppermintButler\Desktop\Bachelorarbeit\Audio\transkripte\2024-01-09_2741190.txt
2026-08-20T00:23:20,4003498,https://smotrim.ru/video/4003498,fehler,WAV nach 3 Versuchen nicht erzeugt: C:\Users\PeppermintButler\Desktop\Bachelorarbeit\Audio\roh\2024-unbekannt_4003498.wav,
2026-08-20T00:23:50,3088811,https://smotrim.ru/video/3088811,ok,,C:\Users\PeppermintButler\Desktop\Bachelorarbeit\Audio\transkripte\2024-unbekannt_3088811.txt
2026-08-20T00:24:11,3088726,https://smotrim.ru/video/3088726,ok,,C:\Users\PeppermintButler\Desktop\Bachelorarbeit\Audio\transkripte\2024-unbekannt_3088726.txt
2026-08-20T00:24:46,3088354,https://smotrim.ru/video/3088354,ok,,C:\Users\PeppermintButler\Desktop\Bachelorarbeit\Audio\transkripte\2024-unbekannt_3088354.txt
2026-08-20T00:25:14,3087722,https://smotrim.ru/video/3087722,ok,,C:\Users\PeppermintButler\Desktop\Bachelorarbeit\Audio\transkripte\2024-unbekannt_3087722.txt
2026-08-20T00:26:13,3085353,https://smotrim.ru/video/3085353,ok,,C:\Users\PeppermintButler\Desktop\Bachelorarbeit\Audio\transkripte\2024-unbekannt_3085353.txt
